Starting 1024³ turbulence simulation at Tue Dec 30 05:54:48 EST 2025
Running in directory: /mnt/ceph/users/ptarancon/runs/turb_1024_run_20251230_055448
Running on 4 tasks with 1 GPU each
Automatic cleanup enabled:
  - Keeping last 10 bin snapshots
  - Keeping last 1 restart file

Root grid = 4 x 4 x 4 MeshBlocks
Total number of MeshBlocks = 64
Number of logical  levels of refinement = 2 (3 levels total)
Number of physical levels of refinement = 0 (1 levels total)
Number of parallel ranks = 4
  Rank = 0: 16 MeshBlocks, cost = 16
  Rank = 1: 16 MeshBlocks, cost = 16
  Rank = 2: 16 MeshBlocks, cost = 16
  Rank = 3: 16 MeshBlocks, cost = 16
Load Balancing:
  Maximum normalized cost = 1, Average = 1

Setup complete, executing task list(s)...

elapsed=7.583841e+01 cycle=0 time=0.000000e+00 dt=5.859375e-05
elapsed=7.743534e+01 cycle=1 time=5.859375e-05 dt=5.859372e-05
elapsed=7.865531e+01 cycle=2 time=1.171875e-04 dt=5.859366e-05
elapsed=7.980924e+01 cycle=3 time=1.757811e-04 dt=5.859357e-05
elapsed=8.104620e+01 cycle=4 time=2.343747e-04 dt=5.859345e-05
elapsed=8.201053e+01 cycle=5 time=2.929681e-04 dt=5.859334e-05
elapsed=8.300143e+01 cycle=6 time=3.515615e-04 dt=5.859326e-05
elapsed=8.396771e+01 cycle=7 time=4.101547e-04 dt=5.859320e-05
elapsed=8.495270e+01 cycle=8 time=4.687479e-04 dt=5.859310e-05
elapsed=8.590652e+01 cycle=9 time=5.273410e-04 dt=5.859297e-05
elapsed=8.689791e+01 cycle=10 time=5.859340e-04 dt=5.859284e-05
elapsed=8.787577e+01 cycle=11 time=6.445269e-04 dt=5.859272e-05
elapsed=8.899325e+01 cycle=12 time=7.031196e-04 dt=5.859257e-05
elapsed=8.996506e+01 cycle=13 time=7.617121e-04 dt=5.859239e-05
elapsed=9.094016e+01 cycle=14 time=8.203045e-04 dt=5.859221e-05
elapsed=9.193845e+01 cycle=15 time=8.788967e-04 dt=5.859201e-05
elapsed=9.289169e+01 cycle=16 time=9.374888e-04 dt=5.859182e-05
elapsed=9.383979e+01 cycle=17 time=9.960806e-04 dt=5.859162e-05
elapsed=9.479516e+01 cycle=18 time=1.054672e-03 dt=5.859142e-05
elapsed=9.575903e+01 cycle=19 time=1.113264e-03 dt=5.859123e-05
elapsed=9.673509e+01 cycle=20 time=1.171855e-03 dt=5.859105e-05
elapsed=9.771837e+01 cycle=21 time=1.230446e-03 dt=5.859088e-05
elapsed=9.870456e+01 cycle=22 time=1.289037e-03 dt=5.859065e-05
elapsed=9.965622e+01 cycle=23 time=1.347627e-03 dt=5.859040e-05
elapsed=1.006092e+02 cycle=24 time=1.406218e-03 dt=5.859014e-05
elapsed=1.017129e+02 cycle=25 time=1.464808e-03 dt=5.858988e-05
elapsed=1.026622e+02 cycle=26 time=1.523398e-03 dt=5.858962e-05
elapsed=1.036465e+02 cycle=27 time=1.581987e-03 dt=5.858936e-05
elapsed=1.046110e+02 cycle=28 time=1.640577e-03 dt=5.858911e-05
elapsed=1.055622e+02 cycle=29 time=1.699166e-03 dt=5.858886e-05
elapsed=1.065263e+02 cycle=30 time=1.757755e-03 dt=5.858862e-05
elapsed=1.075009e+02 cycle=31 time=1.816343e-03 dt=5.858839e-05
elapsed=1.084860e+02 cycle=32 time=1.874932e-03 dt=5.858815e-05
elapsed=1.094617e+02 cycle=33 time=1.933520e-03 dt=5.858790e-05
elapsed=1.104213e+02 cycle=34 time=1.992108e-03 dt=5.858767e-05
elapsed=1.113907e+02 cycle=35 time=2.050696e-03 dt=5.858746e-05
elapsed=1.123700e+02 cycle=36 time=2.109283e-03 dt=5.858726e-05
elapsed=1.133398e+02 cycle=37 time=2.167870e-03 dt=5.858706e-05
elapsed=1.143029e+02 cycle=38 time=2.226457e-03 dt=5.858685e-05
elapsed=1.152688e+02 cycle=39 time=2.285044e-03 dt=5.858662e-05
elapsed=1.162195e+02 cycle=40 time=2.343631e-03 dt=5.858638e-05
elapsed=1.173136e+02 cycle=41 time=2.402217e-03 dt=5.858614e-05
elapsed=1.182842e+02 cycle=42 time=2.460803e-03 dt=5.858589e-05
elapsed=1.192655e+02 cycle=43 time=2.519389e-03 dt=5.858563e-05
elapsed=1.202178e+02 cycle=44 time=2.577975e-03 dt=5.858536e-05
elapsed=1.212234e+02 cycle=45 time=2.636560e-03 dt=5.858507e-05
elapsed=1.221742e+02 cycle=46 time=2.695145e-03 dt=5.858477e-05
elapsed=1.231411e+02 cycle=47 time=2.753730e-03 dt=5.858444e-05
elapsed=1.242525e+02 cycle=48 time=2.812314e-03 dt=5.858411e-05
elapsed=1.252257e+02 cycle=49 time=2.870899e-03 dt=5.858380e-05
elapsed=1.261952e+02 cycle=50 time=2.929482e-03 dt=5.858348e-05
elapsed=1.271602e+02 cycle=51 time=2.988066e-03 dt=5.858315e-05
elapsed=1.281352e+02 cycle=52 time=3.046649e-03 dt=5.858281e-05
elapsed=1.291059e+02 cycle=53 time=3.105232e-03 dt=5.858248e-05
elapsed=1.300708e+02 cycle=54 time=3.163814e-03 dt=5.858216e-05
elapsed=1.310245e+02 cycle=55 time=3.222396e-03 dt=5.858184e-05
elapsed=1.319862e+02 cycle=56 time=3.280978e-03 dt=5.858152e-05
elapsed=1.329552e+02 cycle=57 time=3.339560e-03 dt=5.858119e-05
elapsed=1.339096e+02 cycle=58 time=3.398141e-03 dt=5.858087e-05
elapsed=1.350381e+02 cycle=59 time=3.456722e-03 dt=5.858055e-05
elapsed=1.360018e+02 cycle=60 time=3.515302e-03 dt=5.858024e-05
elapsed=1.369600e+02 cycle=61 time=3.573883e-03 dt=5.857995e-05
elapsed=1.379095e+02 cycle=62 time=3.632463e-03 dt=5.857965e-05
elapsed=1.388941e+02 cycle=63 time=3.691042e-03 dt=5.857929e-05
elapsed=1.398660e+02 cycle=64 time=3.749622e-03 dt=5.857889e-05
elapsed=1.408709e+02 cycle=65 time=3.808200e-03 dt=5.857849e-05
elapsed=1.418268e+02 cycle=66 time=3.866779e-03 dt=5.857810e-05
elapsed=1.427777e+02 cycle=67 time=3.925357e-03 dt=5.857771e-05
elapsed=1.437475e+02 cycle=68 time=3.983935e-03 dt=5.857732e-05
elapsed=1.447161e+02 cycle=69 time=4.042512e-03 dt=5.857692e-05
elapsed=1.456958e+02 cycle=70 time=4.101089e-03 dt=5.857652e-05
elapsed=1.466451e+02 cycle=71 time=4.159665e-03 dt=5.857610e-05
elapsed=1.476028e+02 cycle=72 time=4.218242e-03 dt=5.857568e-05
elapsed=1.487209e+02 cycle=73 time=4.276817e-03 dt=5.857525e-05
elapsed=1.496902e+02 cycle=74 time=4.335393e-03 dt=5.857481e-05
elapsed=1.506556e+02 cycle=75 time=4.393967e-03 dt=5.857436e-05
elapsed=1.516043e+02 cycle=76 time=4.452542e-03 dt=5.857391e-05
elapsed=1.525567e+02 cycle=77 time=4.511116e-03 dt=5.857348e-05
elapsed=1.535198e+02 cycle=78 time=4.569689e-03 dt=5.857306e-05
elapsed=1.544846e+02 cycle=79 time=4.628262e-03 dt=5.857264e-05
elapsed=1.555782e+02 cycle=80 time=4.686835e-03 dt=5.857221e-05
elapsed=1.565492e+02 cycle=81 time=4.745407e-03 dt=5.857179e-05
elapsed=1.575224e+02 cycle=82 time=4.803979e-03 dt=5.857137e-05
elapsed=1.585023e+02 cycle=83 time=4.862550e-03 dt=5.857095e-05
elapsed=1.594630e+02 cycle=84 time=4.921121e-03 dt=5.857053e-05
elapsed=1.604294e+02 cycle=85 time=4.979692e-03 dt=5.857012e-05
elapsed=1.613906e+02 cycle=86 time=5.038262e-03 dt=5.856970e-05
elapsed=1.623573e+02 cycle=87 time=5.096831e-03 dt=5.856927e-05
elapsed=1.633244e+02 cycle=88 time=5.155401e-03 dt=5.856885e-05
elapsed=1.642727e+02 cycle=89 time=5.213970e-03 dt=5.856845e-05
elapsed=1.652370e+02 cycle=90 time=5.272538e-03 dt=5.856805e-05
elapsed=1.662050e+02 cycle=91 time=5.331106e-03 dt=5.856765e-05
elapsed=1.671561e+02 cycle=92 time=5.389674e-03 dt=5.856726e-05
elapsed=1.681317e+02 cycle=93 time=5.448241e-03 dt=5.856687e-05
elapsed=1.691113e+02 cycle=94 time=5.506808e-03 dt=5.856647e-05
elapsed=1.701324e+02 cycle=95 time=5.565374e-03 dt=5.856606e-05
elapsed=1.710813e+02 cycle=96 time=5.623940e-03 dt=5.856565e-05
elapsed=1.720496e+02 cycle=97 time=5.682506e-03 dt=5.856523e-05
elapsed=1.730140e+02 cycle=98 time=5.741071e-03 dt=5.856482e-05
elapsed=1.739600e+02 cycle=99 time=5.799636e-03 dt=5.856441e-05
elapsed=1.749205e+02 cycle=100 time=5.858200e-03 dt=5.856403e-05
elapsed=1.759050e+02 cycle=101 time=5.916765e-03 dt=5.856366e-05
elapsed=1.768678e+02 cycle=102 time=5.975328e-03 dt=5.856329e-05
elapsed=1.778151e+02 cycle=103 time=6.033891e-03 dt=5.856292e-05
elapsed=1.789080e+02 cycle=104 time=6.092454e-03 dt=5.856254e-05
elapsed=1.798569e+02 cycle=105 time=6.151017e-03 dt=5.856217e-05
elapsed=1.808028e+02 cycle=106 time=6.209579e-03 dt=5.856179e-05
elapsed=1.817814e+02 cycle=107 time=6.268141e-03 dt=5.856140e-05
elapsed=1.827323e+02 cycle=108 time=6.326702e-03 dt=5.856102e-05
elapsed=1.836786e+02 cycle=109 time=6.385263e-03 dt=5.856063e-05
elapsed=1.846278e+02 cycle=110 time=6.443824e-03 dt=5.856025e-05
elapsed=1.856076e+02 cycle=111 time=6.502384e-03 dt=5.855985e-05
elapsed=1.865568e+02 cycle=112 time=6.560944e-03 dt=5.855945e-05
elapsed=1.875404e+02 cycle=113 time=6.619503e-03 dt=5.855904e-05
elapsed=1.886366e+02 cycle=114 time=6.678063e-03 dt=5.855862e-05
elapsed=1.896001e+02 cycle=115 time=6.736621e-03 dt=5.855822e-05
elapsed=1.905669e+02 cycle=116 time=6.795179e-03 dt=5.855783e-05
elapsed=1.916833e+02 cycle=117 time=6.853737e-03 dt=5.855746e-05
elapsed=1.926513e+02 cycle=118 time=6.912295e-03 dt=5.855709e-05
elapsed=1.936324e+02 cycle=119 time=6.970852e-03 dt=5.855671e-05
elapsed=1.946000e+02 cycle=120 time=7.029408e-03 dt=5.855633e-05
elapsed=1.955715e+02 cycle=121 time=7.087965e-03 dt=5.855596e-05
elapsed=1.965207e+02 cycle=122 time=7.146521e-03 dt=5.855559e-05
elapsed=1.975037e+02 cycle=123 time=7.205076e-03 dt=5.855521e-05
elapsed=1.984542e+02 cycle=124 time=7.263632e-03 dt=5.855484e-05
elapsed=1.994030e+02 cycle=125 time=7.322186e-03 dt=5.855447e-05
elapsed=2.003685e+02 cycle=126 time=7.380741e-03 dt=5.855410e-05
elapsed=2.013165e+02 cycle=127 time=7.439295e-03 dt=5.855372e-05
elapsed=2.022847e+02 cycle=128 time=7.497849e-03 dt=5.855334e-05
elapsed=2.032468e+02 cycle=129 time=7.556402e-03 dt=5.855295e-05
elapsed=2.041971e+02 cycle=130 time=7.614955e-03 dt=5.855256e-05
elapsed=2.051629e+02 cycle=131 time=7.673508e-03 dt=5.855218e-05
elapsed=2.061113e+02 cycle=132 time=7.732060e-03 dt=5.855181e-05
elapsed=2.070588e+02 cycle=133 time=7.790611e-03 dt=5.855143e-05
elapsed=2.081698e+02 cycle=134 time=7.849163e-03 dt=5.855105e-05
elapsed=2.091404e+02 cycle=135 time=7.907714e-03 dt=5.855068e-05
elapsed=2.101005e+02 cycle=136 time=7.966265e-03 dt=5.855031e-05
elapsed=2.110643e+02 cycle=137 time=8.024815e-03 dt=5.854994e-05
elapsed=2.120520e+02 cycle=138 time=8.083365e-03 dt=5.854958e-05
elapsed=2.130166e+02 cycle=139 time=8.141914e-03 dt=5.854922e-05
elapsed=2.139854e+02 cycle=140 time=8.200464e-03 dt=5.854887e-05
elapsed=2.149477e+02 cycle=141 time=8.259013e-03 dt=5.854851e-05
elapsed=2.158987e+02 cycle=142 time=8.317561e-03 dt=5.854815e-05
elapsed=2.169930e+02 cycle=143 time=8.376109e-03 dt=5.854781e-05
elapsed=2.179731e+02 cycle=144 time=8.434657e-03 dt=5.854747e-05
elapsed=2.189350e+02 cycle=145 time=8.493205e-03 dt=5.854711e-05
elapsed=2.198999e+02 cycle=146 time=8.551752e-03 dt=5.854674e-05
elapsed=2.208659e+02 cycle=147 time=8.610298e-03 dt=5.854637e-05
elapsed=2.218343e+02 cycle=148 time=8.668845e-03 dt=5.854601e-05
elapsed=2.228147e+02 cycle=149 time=8.727391e-03 dt=5.854566e-05
elapsed=2.237629e+02 cycle=150 time=8.785936e-03 dt=5.854531e-05
elapsed=2.247105e+02 cycle=151 time=8.844482e-03 dt=5.854495e-05
elapsed=2.256733e+02 cycle=152 time=8.903027e-03 dt=5.854460e-05
elapsed=2.266402e+02 cycle=153 time=8.961571e-03 dt=5.854425e-05
elapsed=2.275901e+02 cycle=154 time=9.020116e-03 dt=5.854391e-05
elapsed=2.285368e+02 cycle=155 time=9.078659e-03 dt=5.854356e-05
elapsed=2.295185e+02 cycle=156 time=9.137203e-03 dt=5.854323e-05
elapsed=2.306295e+02 cycle=157 time=9.195746e-03 dt=5.854292e-05
elapsed=2.316083e+02 cycle=158 time=9.254289e-03 dt=5.854262e-05
elapsed=2.325759e+02 cycle=159 time=9.312832e-03 dt=5.854234e-05
elapsed=2.335244e+02 cycle=160 time=9.371374e-03 dt=5.854207e-05
elapsed=2.344855e+02 cycle=161 time=9.429916e-03 dt=5.854181e-05
elapsed=2.354521e+02 cycle=162 time=9.488458e-03 dt=5.854154e-05
elapsed=2.364123e+02 cycle=163 time=9.546999e-03 dt=5.854128e-05
elapsed=2.373970e+02 cycle=164 time=9.605541e-03 dt=5.854101e-05
elapsed=2.383758e+02 cycle=165 time=9.664082e-03 dt=5.854074e-05
elapsed=2.393563e+02 cycle=166 time=9.722623e-03 dt=5.854048e-05
elapsed=2.403369e+02 cycle=167 time=9.781163e-03 dt=5.854021e-05
elapsed=2.413024e+02 cycle=168 time=9.839703e-03 dt=5.853995e-05
elapsed=2.422494e+02 cycle=169 time=9.898243e-03 dt=5.853969e-05
elapsed=2.433421e+02 cycle=170 time=9.956783e-03 dt=5.853944e-05
elapsed=2.625154e+02 cycle=171 time=1.001532e-02 dt=5.853921e-05
elapsed=2.635014e+02 cycle=172 time=1.007386e-02 dt=5.853899e-05
elapsed=2.644631e+02 cycle=173 time=1.013240e-02 dt=5.853877e-05
elapsed=2.654269e+02 cycle=174 time=1.019094e-02 dt=5.853856e-05
elapsed=2.663763e+02 cycle=175 time=1.024948e-02 dt=5.853834e-05
elapsed=2.673229e+02 cycle=176 time=1.030802e-02 dt=5.853807e-05
elapsed=2.682909e+02 cycle=177 time=1.036655e-02 dt=5.853770e-05
elapsed=2.692617e+02 cycle=178 time=1.042509e-02 dt=5.853734e-05
elapsed=2.702282e+02 cycle=179 time=1.048363e-02 dt=5.853698e-05
elapsed=2.711743e+02 cycle=180 time=1.054217e-02 dt=5.853661e-05
elapsed=2.722662e+02 cycle=181 time=1.060070e-02 dt=5.853624e-05
elapsed=2.732135e+02 cycle=182 time=1.065924e-02 dt=5.853586e-05
elapsed=2.741638e+02 cycle=183 time=1.071777e-02 dt=5.853551e-05
elapsed=2.751432e+02 cycle=184 time=1.077631e-02 dt=5.853517e-05
elapsed=2.761087e+02 cycle=185 time=1.083485e-02 dt=5.853482e-05
elapsed=2.770605e+02 cycle=186 time=1.089338e-02 dt=5.853448e-05
elapsed=2.780315e+02 cycle=187 time=1.095191e-02 dt=5.853412e-05
elapsed=2.790116e+02 cycle=188 time=1.101045e-02 dt=5.853375e-05
elapsed=2.799810e+02 cycle=189 time=1.106898e-02 dt=5.853338e-05
elapsed=2.809482e+02 cycle=190 time=1.112752e-02 dt=5.853300e-05
elapsed=2.818947e+02 cycle=191 time=1.118605e-02 dt=5.853262e-05
elapsed=2.828738e+02 cycle=192 time=1.124458e-02 dt=5.853225e-05
elapsed=2.838354e+02 cycle=193 time=1.130311e-02 dt=5.853188e-05
elapsed=2.847846e+02 cycle=194 time=1.136165e-02 dt=5.853151e-05
elapsed=2.857466e+02 cycle=195 time=1.142018e-02 dt=5.853114e-05
elapsed=2.866978e+02 cycle=196 time=1.147871e-02 dt=5.853077e-05
elapsed=2.876622e+02 cycle=197 time=1.153724e-02 dt=5.853039e-05
elapsed=2.886285e+02 cycle=198 time=1.159577e-02 dt=5.853002e-05
elapsed=2.897382e+02 cycle=199 time=1.165430e-02 dt=5.852962e-05
elapsed=2.907182e+02 cycle=200 time=1.171283e-02 dt=5.852922e-05
elapsed=2.916840e+02 cycle=201 time=1.177136e-02 dt=5.852882e-05
elapsed=2.926653e+02 cycle=202 time=1.182989e-02 dt=5.852843e-05
elapsed=2.937766e+02 cycle=203 time=1.188842e-02 dt=5.852806e-05
elapsed=2.947598e+02 cycle=204 time=1.194694e-02 dt=5.852769e-05
elapsed=2.957240e+02 cycle=205 time=1.200547e-02 dt=5.852732e-05
elapsed=2.966764e+02 cycle=206 time=1.206400e-02 dt=5.852694e-05
elapsed=2.976568e+02 cycle=207 time=1.212253e-02 dt=5.852657e-05
elapsed=2.986042e+02 cycle=208 time=1.218105e-02 dt=5.852618e-05
elapsed=2.995535e+02 cycle=209 time=1.223958e-02 dt=5.852580e-05
elapsed=3.005029e+02 cycle=210 time=1.229810e-02 dt=5.852543e-05
elapsed=3.014692e+02 cycle=211 time=1.235663e-02 dt=5.852507e-05
elapsed=3.024299e+02 cycle=212 time=1.241515e-02 dt=5.852472e-05
elapsed=3.033943e+02 cycle=213 time=1.247368e-02 dt=5.852437e-05
elapsed=3.043451e+02 cycle=214 time=1.253220e-02 dt=5.852401e-05
elapsed=3.054376e+02 cycle=215 time=1.259073e-02 dt=5.852364e-05
elapsed=3.064003e+02 cycle=216 time=1.264925e-02 dt=5.852327e-05
elapsed=3.073679e+02 cycle=217 time=1.270777e-02 dt=5.852290e-05
elapsed=3.083172e+02 cycle=218 time=1.276630e-02 dt=5.852251e-05
elapsed=3.092798e+02 cycle=219 time=1.282482e-02 dt=5.852213e-05
elapsed=3.102417e+02 cycle=220 time=1.288334e-02 dt=5.852174e-05
elapsed=3.112191e+02 cycle=221 time=1.294186e-02 dt=5.852136e-05
elapsed=3.121830e+02 cycle=222 time=1.300039e-02 dt=5.852098e-05
elapsed=3.131634e+02 cycle=223 time=1.305891e-02 dt=5.852060e-05
elapsed=3.141093e+02 cycle=224 time=1.311743e-02 dt=5.852022e-05
elapsed=3.150694e+02 cycle=225 time=1.317595e-02 dt=5.851984e-05
elapsed=3.160178e+02 cycle=226 time=1.323447e-02 dt=5.851945e-05
elapsed=3.169835e+02 cycle=227 time=1.329299e-02 dt=5.851906e-05
elapsed=3.179301e+02 cycle=228 time=1.335151e-02 dt=5.851867e-05
elapsed=3.190230e+02 cycle=229 time=1.341002e-02 dt=5.851827e-05
elapsed=3.199712e+02 cycle=230 time=1.346854e-02 dt=5.851787e-05
elapsed=3.209200e+02 cycle=231 time=1.352706e-02 dt=5.851747e-05
elapsed=3.218885e+02 cycle=232 time=1.358558e-02 dt=5.851707e-05
elapsed=3.228561e+02 cycle=233 time=1.364410e-02 dt=5.851668e-05
elapsed=3.238192e+02 cycle=234 time=1.370261e-02 dt=5.851630e-05
elapsed=3.249306e+02 cycle=235 time=1.376113e-02 dt=5.851593e-05
elapsed=3.258792e+02 cycle=236 time=1.381964e-02 dt=5.851558e-05
elapsed=3.268273e+02 cycle=237 time=1.387816e-02 dt=5.851523e-05
elapsed=3.277867e+02 cycle=238 time=1.393667e-02 dt=5.851489e-05
elapsed=3.287382e+02 cycle=239 time=1.399519e-02 dt=5.851455e-05
elapsed=3.296853e+02 cycle=240 time=1.405370e-02 dt=5.851422e-05
elapsed=3.306654e+02 cycle=241 time=1.411222e-02 dt=5.851390e-05
elapsed=3.316310e+02 cycle=242 time=1.417073e-02 dt=5.851359e-05
elapsed=3.325796e+02 cycle=243 time=1.422925e-02 dt=5.851327e-05
elapsed=3.335277e+02 cycle=244 time=1.428776e-02 dt=5.851297e-05
elapsed=3.344741e+02 cycle=245 time=1.434627e-02 dt=5.851266e-05
elapsed=3.354414e+02 cycle=246 time=1.440478e-02 dt=5.851235e-05
elapsed=3.364075e+02 cycle=247 time=1.446330e-02 dt=5.851204e-05
elapsed=3.373741e+02 cycle=248 time=1.452181e-02 dt=5.851172e-05
elapsed=3.383357e+02 cycle=249 time=1.458032e-02 dt=5.851139e-05
elapsed=3.392823e+02 cycle=250 time=1.463883e-02 dt=5.851108e-05
elapsed=3.403922e+02 cycle=251 time=1.469734e-02 dt=5.851076e-05
elapsed=3.413550e+02 cycle=252 time=1.475585e-02 dt=5.851046e-05
elapsed=3.423160e+02 cycle=253 time=1.481436e-02 dt=5.851015e-05
elapsed=3.432843e+02 cycle=254 time=1.487287e-02 dt=5.850984e-05
elapsed=3.442545e+02 cycle=255 time=1.493138e-02 dt=5.850953e-05
elapsed=3.452155e+02 cycle=256 time=1.498989e-02 dt=5.850919e-05
elapsed=3.461640e+02 cycle=257 time=1.504840e-02 dt=5.850885e-05
elapsed=3.472750e+02 cycle=258 time=1.510691e-02 dt=5.850852e-05
elapsed=3.482221e+02 cycle=259 time=1.516542e-02 dt=5.850820e-05
elapsed=3.491859e+02 cycle=260 time=1.522393e-02 dt=5.850788e-05
elapsed=3.501710e+02 cycle=261 time=1.528244e-02 dt=5.850754e-05
elapsed=3.511314e+02 cycle=262 time=1.534094e-02 dt=5.850720e-05
elapsed=3.521123e+02 cycle=263 time=1.539945e-02 dt=5.850687e-05
elapsed=3.530805e+02 cycle=264 time=1.545796e-02 dt=5.850654e-05
elapsed=3.540301e+02 cycle=265 time=1.551646e-02 dt=5.850622e-05
elapsed=3.549773e+02 cycle=266 time=1.557497e-02 dt=5.850589e-05
elapsed=3.559574e+02 cycle=267 time=1.563348e-02 dt=5.850557e-05
elapsed=3.569036e+02 cycle=268 time=1.569198e-02 dt=5.850525e-05
elapsed=3.578743e+02 cycle=269 time=1.575049e-02 dt=5.850492e-05
elapsed=3.589888e+02 cycle=270 time=1.580899e-02 dt=5.850458e-05
elapsed=3.599504e+02 cycle=271 time=1.586750e-02 dt=5.850425e-05
elapsed=3.609008e+02 cycle=272 time=1.592600e-02 dt=5.850391e-05
elapsed=3.618714e+02 cycle=273 time=1.598451e-02 dt=5.850358e-05
elapsed=3.628344e+02 cycle=274 time=1.604301e-02 dt=5.850324e-05
elapsed=3.637963e+02 cycle=275 time=1.610151e-02 dt=5.850288e-05
elapsed=3.647619e+02 cycle=276 time=1.616002e-02 dt=5.850253e-05
elapsed=3.657086e+02 cycle=277 time=1.621852e-02 dt=5.850217e-05
elapsed=3.666878e+02 cycle=278 time=1.627702e-02 dt=5.850181e-05
elapsed=3.676377e+02 cycle=279 time=1.633552e-02 dt=5.850144e-05
elapsed=3.686028e+02 cycle=280 time=1.639402e-02 dt=5.850107e-05
elapsed=3.695876e+02 cycle=281 time=1.645252e-02 dt=5.850072e-05
elapsed=3.705682e+02 cycle=282 time=1.651102e-02 dt=5.850039e-05
elapsed=3.715327e+02 cycle=283 time=1.656953e-02 dt=5.850005e-05
elapsed=3.725180e+02 cycle=284 time=1.662803e-02 dt=5.849972e-05
elapsed=3.734826e+02 cycle=285 time=1.668653e-02 dt=5.849939e-05
elapsed=3.744459e+02 cycle=286 time=1.674502e-02 dt=5.849905e-05
elapsed=3.754059e+02 cycle=287 time=1.680352e-02 dt=5.849871e-05
elapsed=3.765178e+02 cycle=288 time=1.686202e-02 dt=5.849836e-05
elapsed=3.774845e+02 cycle=289 time=1.692052e-02 dt=5.849802e-05
elapsed=3.784449e+02 cycle=290 time=1.697902e-02 dt=5.849767e-05
elapsed=3.794067e+02 cycle=291 time=1.703752e-02 dt=5.849732e-05
elapsed=3.803523e+02 cycle=292 time=1.709601e-02 dt=5.849697e-05
elapsed=3.813168e+02 cycle=293 time=1.715451e-02 dt=5.849662e-05
elapsed=3.824093e+02 cycle=294 time=1.721301e-02 dt=5.849627e-05
elapsed=3.833602e+02 cycle=295 time=1.727150e-02 dt=5.849593e-05
elapsed=3.843212e+02 cycle=296 time=1.733000e-02 dt=5.849556e-05
elapsed=3.853051e+02 cycle=297 time=1.738849e-02 dt=5.849519e-05
elapsed=3.863978e+02 cycle=298 time=1.744699e-02 dt=5.849483e-05
elapsed=3.873791e+02 cycle=299 time=1.750548e-02 dt=5.849449e-05
elapsed=3.883594e+02 cycle=300 time=1.756398e-02 dt=5.849416e-05
elapsed=3.893055e+02 cycle=301 time=1.762247e-02 dt=5.849386e-05
elapsed=3.902707e+02 cycle=302 time=1.768097e-02 dt=5.849356e-05
elapsed=3.912325e+02 cycle=303 time=1.773946e-02 dt=5.849327e-05
elapsed=3.921803e+02 cycle=304 time=1.779795e-02 dt=5.849298e-05
elapsed=3.931306e+02 cycle=305 time=1.785645e-02 dt=5.849268e-05
elapsed=3.940777e+02 cycle=306 time=1.791494e-02 dt=5.849238e-05
elapsed=3.950451e+02 cycle=307 time=1.797343e-02 dt=5.849208e-05
elapsed=3.959950e+02 cycle=308 time=1.803192e-02 dt=5.849178e-05
elapsed=3.969439e+02 cycle=309 time=1.809042e-02 dt=5.849148e-05
elapsed=3.979086e+02 cycle=310 time=1.814891e-02 dt=5.849118e-05
elapsed=3.988572e+02 cycle=311 time=1.820740e-02 dt=5.849088e-05
elapsed=3.998050e+02 cycle=312 time=1.826589e-02 dt=5.849061e-05
elapsed=4.007720e+02 cycle=313 time=1.832438e-02 dt=5.849036e-05
elapsed=4.017209e+02 cycle=314 time=1.838287e-02 dt=5.849011e-05
elapsed=4.026679e+02 cycle=315 time=1.844136e-02 dt=5.848987e-05
elapsed=4.036470e+02 cycle=316 time=1.849985e-02 dt=5.848964e-05
elapsed=4.047587e+02 cycle=317 time=1.855834e-02 dt=5.848940e-05
elapsed=4.057376e+02 cycle=318 time=1.861683e-02 dt=5.848919e-05
elapsed=4.066989e+02 cycle=319 time=1.867532e-02 dt=5.848899e-05
elapsed=4.076647e+02 cycle=320 time=1.873381e-02 dt=5.848880e-05
elapsed=4.086346e+02 cycle=321 time=1.879230e-02 dt=5.848860e-05
elapsed=4.095799e+02 cycle=322 time=1.885079e-02 dt=5.848842e-05
elapsed=4.105462e+02 cycle=323 time=1.890927e-02 dt=5.848824e-05
elapsed=4.115257e+02 cycle=324 time=1.896776e-02 dt=5.848806e-05
elapsed=4.124927e+02 cycle=325 time=1.902625e-02 dt=5.848788e-05
elapsed=4.134536e+02 cycle=326 time=1.908474e-02 dt=5.848772e-05
elapsed=4.144193e+02 cycle=327 time=1.914323e-02 dt=5.848755e-05
elapsed=4.153818e+02 cycle=328 time=1.920171e-02 dt=5.848737e-05
elapsed=4.163305e+02 cycle=329 time=1.926020e-02 dt=5.848719e-05
elapsed=4.173096e+02 cycle=330 time=1.931869e-02 dt=5.848701e-05
elapsed=4.182697e+02 cycle=331 time=1.937717e-02 dt=5.848682e-05
elapsed=4.192380e+02 cycle=332 time=1.943566e-02 dt=5.848665e-05
elapsed=4.201868e+02 cycle=333 time=1.949415e-02 dt=5.848647e-05
elapsed=4.211561e+02 cycle=334 time=1.955263e-02 dt=5.848630e-05
elapsed=4.221163e+02 cycle=335 time=1.961112e-02 dt=5.848613e-05
elapsed=4.230790e+02 cycle=336 time=1.966961e-02 dt=5.848596e-05
elapsed=4.240439e+02 cycle=337 time=1.972809e-02 dt=5.848579e-05
elapsed=4.250278e+02 cycle=338 time=1.978658e-02 dt=5.848562e-05
elapsed=4.260092e+02 cycle=339 time=1.984506e-02 dt=5.848544e-05
elapsed=4.269543e+02 cycle=340 time=1.990355e-02 dt=5.848525e-05
elapsed=4.279341e+02 cycle=341 time=1.996204e-02 dt=5.848507e-05
elapsed=4.457326e+02 cycle=342 time=2.002052e-02 dt=5.848489e-05
elapsed=4.466955e+02 cycle=343 time=2.007901e-02 dt=5.848472e-05
elapsed=4.476602e+02 cycle=344 time=2.013749e-02 dt=5.848456e-05
elapsed=4.486224e+02 cycle=345 time=2.019597e-02 dt=5.848440e-05
elapsed=4.495825e+02 cycle=346 time=2.025446e-02 dt=5.848424e-05
elapsed=4.505275e+02 cycle=347 time=2.031294e-02 dt=5.848408e-05
elapsed=4.514883e+02 cycle=348 time=2.037143e-02 dt=5.848392e-05
elapsed=4.525801e+02 cycle=349 time=2.042991e-02 dt=5.848376e-05
elapsed=4.535419e+02 cycle=350 time=2.048839e-02 dt=5.848357e-05
elapsed=4.544866e+02 cycle=351 time=2.054688e-02 dt=5.848338e-05
elapsed=4.554530e+02 cycle=352 time=2.060536e-02 dt=5.848318e-05
elapsed=4.564325e+02 cycle=353 time=2.066384e-02 dt=5.848298e-05
elapsed=4.574129e+02 cycle=354 time=2.072233e-02 dt=5.848278e-05
elapsed=4.583580e+02 cycle=355 time=2.078081e-02 dt=5.848257e-05
elapsed=4.593374e+02 cycle=356 time=2.083929e-02 dt=5.848236e-05
elapsed=4.602979e+02 cycle=357 time=2.089778e-02 dt=5.848217e-05
elapsed=4.612630e+02 cycle=358 time=2.095626e-02 dt=5.848199e-05
elapsed=4.622114e+02 cycle=359 time=2.101474e-02 dt=5.848149e-05
elapsed=4.631764e+02 cycle=360 time=2.107322e-02 dt=5.848093e-05
elapsed=4.641247e+02 cycle=361 time=2.113170e-02 dt=5.848036e-05
elapsed=4.652363e+02 cycle=362 time=2.119018e-02 dt=5.847979e-05
elapsed=4.662178e+02 cycle=363 time=2.124866e-02 dt=5.847922e-05
elapsed=4.671644e+02 cycle=364 time=2.130714e-02 dt=5.847864e-05
elapsed=4.681129e+02 cycle=365 time=2.136562e-02 dt=5.847806e-05
elapsed=4.690923e+02 cycle=366 time=2.142410e-02 dt=5.847748e-05
elapsed=4.700554e+02 cycle=367 time=2.148258e-02 dt=5.847689e-05
elapsed=4.710156e+02 cycle=368 time=2.154105e-02 dt=5.847631e-05
elapsed=4.719774e+02 cycle=369 time=2.159953e-02 dt=5.847573e-05
elapsed=4.729424e+02 cycle=370 time=2.165800e-02 dt=5.847515e-05
elapsed=4.739099e+02 cycle=371 time=2.171648e-02 dt=5.847456e-05
elapsed=4.750219e+02 cycle=372 time=2.177495e-02 dt=5.847398e-05
elapsed=4.761157e+02 cycle=373 time=2.183343e-02 dt=5.847340e-05
elapsed=4.770853e+02 cycle=374 time=2.189190e-02 dt=5.847281e-05
elapsed=4.780651e+02 cycle=375 time=2.195037e-02 dt=5.847222e-05
elapsed=4.790332e+02 cycle=376 time=2.200885e-02 dt=5.847163e-05
elapsed=4.800024e+02 cycle=377 time=2.206732e-02 dt=5.847104e-05
elapsed=4.809692e+02 cycle=378 time=2.212579e-02 dt=5.847044e-05
elapsed=4.819187e+02 cycle=379 time=2.218426e-02 dt=5.846985e-05
elapsed=4.828680e+02 cycle=380 time=2.224273e-02 dt=5.846925e-05
elapsed=4.838167e+02 cycle=381 time=2.230120e-02 dt=5.846864e-05
elapsed=4.847853e+02 cycle=382 time=2.235967e-02 dt=5.846802e-05
elapsed=4.858972e+02 cycle=383 time=2.241814e-02 dt=5.846743e-05
elapsed=4.868640e+02 cycle=384 time=2.247660e-02 dt=5.846683e-05
elapsed=4.878446e+02 cycle=385 time=2.253507e-02 dt=5.846625e-05
elapsed=4.888109e+02 cycle=386 time=2.259354e-02 dt=5.846566e-05
elapsed=4.897608e+02 cycle=387 time=2.265200e-02 dt=5.846506e-05
elapsed=4.907277e+02 cycle=388 time=2.271047e-02 dt=5.846445e-05
elapsed=4.917113e+02 cycle=389 time=2.276893e-02 dt=5.846385e-05
elapsed=4.926607e+02 cycle=390 time=2.282740e-02 dt=5.846325e-05
elapsed=4.936257e+02 cycle=391 time=2.288586e-02 dt=5.846265e-05
elapsed=4.945749e+02 cycle=392 time=2.294432e-02 dt=5.846205e-05
elapsed=4.955562e+02 cycle=393 time=2.300278e-02 dt=5.846146e-05
elapsed=4.966660e+02 cycle=394 time=2.306124e-02 dt=5.846086e-05
elapsed=4.976141e+02 cycle=395 time=2.311971e-02 dt=5.846026e-05
elapsed=4.985802e+02 cycle=396 time=2.317817e-02 dt=5.845966e-05
elapsed=4.995296e+02 cycle=397 time=2.323663e-02 dt=5.845906e-05
elapsed=5.006411e+02 cycle=398 time=2.329508e-02 dt=5.845846e-05
elapsed=5.016072e+02 cycle=399 time=2.335354e-02 dt=5.845785e-05
elapsed=5.025548e+02 cycle=400 time=2.341200e-02 dt=5.845723e-05
elapsed=5.035014e+02 cycle=401 time=2.347046e-02 dt=5.845662e-05
elapsed=5.044673e+02 cycle=402 time=2.352891e-02 dt=5.845600e-05
elapsed=5.054356e+02 cycle=403 time=2.358737e-02 dt=5.845538e-05
elapsed=5.063833e+02 cycle=404 time=2.364583e-02 dt=5.845476e-05
elapsed=5.073324e+02 cycle=405 time=2.370428e-02 dt=5.845414e-05
elapsed=5.083107e+02 cycle=406 time=2.376273e-02 dt=5.845351e-05
elapsed=5.092578e+02 cycle=407 time=2.382119e-02 dt=5.845288e-05
elapsed=5.102046e+02 cycle=408 time=2.387964e-02 dt=5.845224e-05
elapsed=5.111529e+02 cycle=409 time=2.393809e-02 dt=5.845161e-05
elapsed=5.120997e+02 cycle=410 time=2.399655e-02 dt=5.845097e-05
elapsed=5.130676e+02 cycle=411 time=2.405500e-02 dt=5.845034e-05
elapsed=5.140120e+02 cycle=412 time=2.411345e-02 dt=5.844971e-05
elapsed=5.149634e+02 cycle=413 time=2.417190e-02 dt=5.844909e-05
elapsed=5.159292e+02 cycle=414 time=2.423035e-02 dt=5.844845e-05
elapsed=5.168759e+02 cycle=415 time=2.428879e-02 dt=5.844780e-05
elapsed=5.178614e+02 cycle=416 time=2.434724e-02 dt=5.844715e-05
elapsed=5.188221e+02 cycle=417 time=2.440569e-02 dt=5.844649e-05
elapsed=5.197682e+02 cycle=418 time=2.446414e-02 dt=5.844584e-05
elapsed=5.207489e+02 cycle=419 time=2.452258e-02 dt=5.844518e-05
elapsed=5.216994e+02 cycle=420 time=2.458103e-02 dt=5.844454e-05
elapsed=5.226644e+02 cycle=421 time=2.463947e-02 dt=5.844391e-05
elapsed=5.236300e+02 cycle=422 time=2.469791e-02 dt=5.844329e-05
elapsed=5.245938e+02 cycle=423 time=2.475636e-02 dt=5.844268e-05
elapsed=5.255794e+02 cycle=424 time=2.481480e-02 dt=5.844206e-05
elapsed=5.265285e+02 cycle=425 time=2.487324e-02 dt=5.844145e-05
elapsed=5.274963e+02 cycle=426 time=2.493168e-02 dt=5.844083e-05
elapsed=5.284468e+02 cycle=427 time=2.499012e-02 dt=5.844021e-05
elapsed=5.294133e+02 cycle=428 time=2.504857e-02 dt=5.843959e-05
elapsed=5.303938e+02 cycle=429 time=2.510700e-02 dt=5.843897e-05
elapsed=5.314836e+02 cycle=430 time=2.516544e-02 dt=5.843835e-05
elapsed=5.324317e+02 cycle=431 time=2.522388e-02 dt=5.843773e-05
elapsed=5.333772e+02 cycle=432 time=2.528232e-02 dt=5.843711e-05
elapsed=5.343277e+02 cycle=433 time=2.534076e-02 dt=5.843652e-05
elapsed=5.352763e+02 cycle=434 time=2.539919e-02 dt=5.843596e-05
elapsed=5.362445e+02 cycle=435 time=2.545763e-02 dt=5.843541e-05
elapsed=5.372069e+02 cycle=436 time=2.551606e-02 dt=5.843488e-05
elapsed=5.381555e+02 cycle=437 time=2.557450e-02 dt=5.843436e-05
elapsed=5.392472e+02 cycle=438 time=2.563293e-02 dt=5.843384e-05
elapsed=5.402163e+02 cycle=439 time=2.569137e-02 dt=5.843332e-05
elapsed=5.411759e+02 cycle=440 time=2.574980e-02 dt=5.843281e-05
elapsed=5.421415e+02 cycle=441 time=2.580823e-02 dt=5.843229e-05
elapsed=5.431083e+02 cycle=442 time=2.586667e-02 dt=5.843177e-05
elapsed=5.441986e+02 cycle=443 time=2.592510e-02 dt=5.843125e-05
elapsed=5.451469e+02 cycle=444 time=2.598353e-02 dt=5.843073e-05
elapsed=5.461002e+02 cycle=445 time=2.604196e-02 dt=5.843021e-05
elapsed=5.470698e+02 cycle=446 time=2.610039e-02 dt=5.842969e-05
elapsed=5.480383e+02 cycle=447 time=2.615882e-02 dt=5.842917e-05
elapsed=5.489852e+02 cycle=448 time=2.621725e-02 dt=5.842865e-05
elapsed=5.499678e+02 cycle=449 time=2.627568e-02 dt=5.842813e-05
elapsed=5.509481e+02 cycle=450 time=2.633411e-02 dt=5.842762e-05
elapsed=5.518974e+02 cycle=451 time=2.639253e-02 dt=5.842712e-05
elapsed=5.528769e+02 cycle=452 time=2.645096e-02 dt=5.842662e-05
elapsed=5.538390e+02 cycle=453 time=2.650939e-02 dt=5.842613e-05
elapsed=5.547862e+02 cycle=454 time=2.656781e-02 dt=5.842563e-05
elapsed=5.557476e+02 cycle=455 time=2.662624e-02 dt=5.842513e-05
elapsed=5.567262e+02 cycle=456 time=2.668466e-02 dt=5.842463e-05
elapsed=5.576890e+02 cycle=457 time=2.674309e-02 dt=5.842414e-05
elapsed=5.587836e+02 cycle=458 time=2.680151e-02 dt=5.842366e-05
elapsed=5.597450e+02 cycle=459 time=2.685994e-02 dt=5.842318e-05
elapsed=5.607246e+02 cycle=460 time=2.691836e-02 dt=5.842271e-05
elapsed=5.616692e+02 cycle=461 time=2.697678e-02 dt=5.842226e-05
elapsed=5.626308e+02 cycle=462 time=2.703520e-02 dt=5.842180e-05
elapsed=5.635979e+02 cycle=463 time=2.709363e-02 dt=5.842134e-05
elapsed=5.647087e+02 cycle=464 time=2.715205e-02 dt=5.842087e-05
elapsed=5.656751e+02 cycle=465 time=2.721047e-02 dt=5.842041e-05
elapsed=5.666440e+02 cycle=466 time=2.726889e-02 dt=5.841995e-05
elapsed=5.675926e+02 cycle=467 time=2.732731e-02 dt=5.841949e-05
elapsed=5.686852e+02 cycle=468 time=2.738573e-02 dt=5.841904e-05
elapsed=5.696523e+02 cycle=469 time=2.744415e-02 dt=5.841859e-05
elapsed=5.706321e+02 cycle=470 time=2.750257e-02 dt=5.841814e-05
elapsed=5.715788e+02 cycle=471 time=2.756098e-02 dt=5.841767e-05
elapsed=5.725437e+02 cycle=472 time=2.761940e-02 dt=5.841721e-05
elapsed=5.735097e+02 cycle=473 time=2.767782e-02 dt=5.841674e-05
elapsed=5.744895e+02 cycle=474 time=2.773624e-02 dt=5.841627e-05
elapsed=5.754688e+02 cycle=475 time=2.779465e-02 dt=5.841582e-05
elapsed=5.764366e+02 cycle=476 time=2.785307e-02 dt=5.841536e-05
elapsed=5.773869e+02 cycle=477 time=2.791148e-02 dt=5.841488e-05
elapsed=5.783682e+02 cycle=478 time=2.796990e-02 dt=5.841441e-05
elapsed=5.793299e+02 cycle=479 time=2.802831e-02 dt=5.841392e-05
elapsed=5.803109e+02 cycle=480 time=2.808673e-02 dt=5.841345e-05
elapsed=5.812565e+02 cycle=481 time=2.814514e-02 dt=5.841296e-05
elapsed=5.822021e+02 cycle=482 time=2.820355e-02 dt=5.841247e-05
elapsed=5.831742e+02 cycle=483 time=2.826197e-02 dt=5.841198e-05
elapsed=5.842897e+02 cycle=484 time=2.832038e-02 dt=5.841149e-05
elapsed=5.852618e+02 cycle=485 time=2.837879e-02 dt=5.841098e-05
elapsed=5.862096e+02 cycle=486 time=2.843720e-02 dt=5.841048e-05
elapsed=5.873201e+02 cycle=487 time=2.849561e-02 dt=5.840999e-05
elapsed=5.882795e+02 cycle=488 time=2.855402e-02 dt=5.840949e-05
elapsed=5.892596e+02 cycle=489 time=2.861243e-02 dt=5.840899e-05
elapsed=5.902209e+02 cycle=490 time=2.867084e-02 dt=5.840850e-05
elapsed=5.911876e+02 cycle=491 time=2.872925e-02 dt=5.840800e-05
elapsed=5.921374e+02 cycle=492 time=2.878766e-02 dt=5.840752e-05
elapsed=5.931184e+02 cycle=493 time=2.884606e-02 dt=5.840706e-05
elapsed=5.940657e+02 cycle=494 time=2.890447e-02 dt=5.840660e-05
elapsed=5.950535e+02 cycle=495 time=2.896288e-02 dt=5.840614e-05
elapsed=5.960002e+02 cycle=496 time=2.902128e-02 dt=5.840567e-05
elapsed=5.969492e+02 cycle=497 time=2.907969e-02 dt=5.840520e-05
elapsed=5.978985e+02 cycle=498 time=2.913809e-02 dt=5.840474e-05
elapsed=5.988797e+02 cycle=499 time=2.919650e-02 dt=5.840427e-05
elapsed=5.998454e+02 cycle=500 time=2.925490e-02 dt=5.840380e-05
elapsed=6.009392e+02 cycle=501 time=2.931331e-02 dt=5.840333e-05
elapsed=6.019182e+02 cycle=502 time=2.937171e-02 dt=5.840286e-05
elapsed=6.028823e+02 cycle=503 time=2.943011e-02 dt=5.840239e-05
elapsed=6.038287e+02 cycle=504 time=2.948852e-02 dt=5.840192e-05
elapsed=6.047949e+02 cycle=505 time=2.954692e-02 dt=5.840145e-05
elapsed=6.057655e+02 cycle=506 time=2.960532e-02 dt=5.840099e-05
elapsed=6.067146e+02 cycle=507 time=2.966372e-02 dt=5.840052e-05
elapsed=6.076750e+02 cycle=508 time=2.972212e-02 dt=5.840005e-05
elapsed=6.086369e+02 cycle=509 time=2.978052e-02 dt=5.839959e-05
elapsed=6.095873e+02 cycle=510 time=2.983892e-02 dt=5.839911e-05
elapsed=6.107020e+02 cycle=511 time=2.989732e-02 dt=5.839864e-05
elapsed=6.116503e+02 cycle=512 time=2.995572e-02 dt=5.839818e-05
elapsed=6.315029e+02 cycle=513 time=3.001412e-02 dt=5.839772e-05
elapsed=6.324825e+02 cycle=514 time=3.007251e-02 dt=5.839726e-05
elapsed=6.334312e+02 cycle=515 time=3.013091e-02 dt=5.839680e-05
elapsed=6.343986e+02 cycle=516 time=3.018931e-02 dt=5.839633e-05
elapsed=6.353787e+02 cycle=517 time=3.024770e-02 dt=5.839586e-05
elapsed=6.363288e+02 cycle=518 time=3.030610e-02 dt=5.839540e-05
elapsed=6.372911e+02 cycle=519 time=3.036449e-02 dt=5.839494e-05
elapsed=6.382558e+02 cycle=520 time=3.042289e-02 dt=5.839448e-05
elapsed=6.392042e+02 cycle=521 time=3.048128e-02 dt=5.839401e-05
elapsed=6.401850e+02 cycle=522 time=3.053968e-02 dt=5.839355e-05
elapsed=6.411484e+02 cycle=523 time=3.059807e-02 dt=5.839310e-05
elapsed=6.420984e+02 cycle=524 time=3.065646e-02 dt=5.839264e-05
elapsed=6.430794e+02 cycle=525 time=3.071486e-02 dt=5.839218e-05
elapsed=6.440444e+02 cycle=526 time=3.077325e-02 dt=5.839173e-05
elapsed=6.450123e+02 cycle=527 time=3.083164e-02 dt=5.839130e-05
elapsed=6.459979e+02 cycle=528 time=3.089003e-02 dt=5.839088e-05
elapsed=6.469456e+02 cycle=529 time=3.094842e-02 dt=5.839045e-05
elapsed=6.478920e+02 cycle=530 time=3.100681e-02 dt=5.839004e-05
elapsed=6.488598e+02 cycle=531 time=3.106520e-02 dt=5.838964e-05
elapsed=6.498277e+02 cycle=532 time=3.112359e-02 dt=5.838921e-05
elapsed=6.507942e+02 cycle=533 time=3.118198e-02 dt=5.838877e-05
elapsed=6.518867e+02 cycle=534 time=3.124037e-02 dt=5.838833e-05
elapsed=6.528364e+02 cycle=535 time=3.129876e-02 dt=5.838789e-05
elapsed=6.538203e+02 cycle=536 time=3.135715e-02 dt=5.838744e-05
elapsed=6.547873e+02 cycle=537 time=3.141554e-02 dt=5.838698e-05
elapsed=6.557553e+02 cycle=538 time=3.147392e-02 dt=5.838652e-05
elapsed=6.567053e+02 cycle=539 time=3.153231e-02 dt=5.838605e-05
elapsed=6.576718e+02 cycle=540 time=3.159070e-02 dt=5.838558e-05
elapsed=6.586356e+02 cycle=541 time=3.164908e-02 dt=5.838512e-05
elapsed=6.595984e+02 cycle=542 time=3.170747e-02 dt=5.838466e-05
elapsed=6.605468e+02 cycle=543 time=3.176585e-02 dt=5.838420e-05
elapsed=6.616630e+02 cycle=544 time=3.182423e-02 dt=5.838374e-05
elapsed=6.626126e+02 cycle=545 time=3.188262e-02 dt=5.838328e-05
elapsed=6.635923e+02 cycle=546 time=3.194100e-02 dt=5.838282e-05
elapsed=6.645602e+02 cycle=547 time=3.199938e-02 dt=5.838237e-05
elapsed=6.655309e+02 cycle=548 time=3.205777e-02 dt=5.838191e-05
elapsed=6.665019e+02 cycle=549 time=3.211615e-02 dt=5.838147e-05
elapsed=6.674503e+02 cycle=550 time=3.217453e-02 dt=5.838102e-05
elapsed=6.684178e+02 cycle=551 time=3.223291e-02 dt=5.838057e-05
elapsed=6.693649e+02 cycle=552 time=3.229129e-02 dt=5.838014e-05
elapsed=6.703298e+02 cycle=553 time=3.234967e-02 dt=5.837971e-05
elapsed=6.713097e+02 cycle=554 time=3.240805e-02 dt=5.837928e-05
elapsed=6.722788e+02 cycle=555 time=3.246643e-02 dt=5.837884e-05
elapsed=6.732415e+02 cycle=556 time=3.252481e-02 dt=5.837839e-05
elapsed=6.742018e+02 cycle=557 time=3.258319e-02 dt=5.837794e-05
elapsed=6.751505e+02 cycle=558 time=3.264157e-02 dt=5.837750e-05
elapsed=6.761170e+02 cycle=559 time=3.269994e-02 dt=5.837706e-05
elapsed=6.770670e+02 cycle=560 time=3.275832e-02 dt=5.837663e-05
elapsed=6.781589e+02 cycle=561 time=3.281670e-02 dt=5.837621e-05
elapsed=6.791064e+02 cycle=562 time=3.287507e-02 dt=5.837581e-05
elapsed=6.800721e+02 cycle=563 time=3.293345e-02 dt=5.837540e-05
elapsed=6.810184e+02 cycle=564 time=3.299182e-02 dt=5.837499e-05
elapsed=6.819843e+02 cycle=565 time=3.305020e-02 dt=5.837456e-05
elapsed=6.829499e+02 cycle=566 time=3.310857e-02 dt=5.837414e-05
elapsed=6.839005e+02 cycle=567 time=3.316695e-02 dt=5.837370e-05
elapsed=6.849932e+02 cycle=568 time=3.322532e-02 dt=5.837326e-05
elapsed=6.859619e+02 cycle=569 time=3.328370e-02 dt=5.837283e-05
elapsed=6.869340e+02 cycle=570 time=3.334207e-02 dt=5.837240e-05
elapsed=6.878981e+02 cycle=571 time=3.340044e-02 dt=5.837199e-05
elapsed=6.888681e+02 cycle=572 time=3.345881e-02 dt=5.837158e-05
elapsed=6.898162e+02 cycle=573 time=3.351718e-02 dt=5.837117e-05
elapsed=6.907633e+02 cycle=574 time=3.357556e-02 dt=5.837078e-05
elapsed=6.917292e+02 cycle=575 time=3.363393e-02 dt=5.837039e-05
elapsed=6.926890e+02 cycle=576 time=3.369230e-02 dt=5.837000e-05
elapsed=6.936395e+02 cycle=577 time=3.375067e-02 dt=5.836960e-05
elapsed=6.946018e+02 cycle=578 time=3.380904e-02 dt=5.836920e-05
elapsed=6.955675e+02 cycle=579 time=3.386741e-02 dt=5.836880e-05
elapsed=6.965352e+02 cycle=580 time=3.392577e-02 dt=5.836840e-05
elapsed=6.975186e+02 cycle=581 time=3.398414e-02 dt=5.836799e-05
elapsed=6.986127e+02 cycle=582 time=3.404251e-02 dt=5.836757e-05
elapsed=6.997242e+02 cycle=583 time=3.410088e-02 dt=5.836716e-05
elapsed=7.006708e+02 cycle=584 time=3.415925e-02 dt=5.836674e-05
elapsed=7.016512e+02 cycle=585 time=3.421761e-02 dt=5.836632e-05
elapsed=7.026324e+02 cycle=586 time=3.427598e-02 dt=5.836590e-05
elapsed=7.035993e+02 cycle=587 time=3.433434e-02 dt=5.836550e-05
elapsed=7.045818e+02 cycle=588 time=3.439271e-02 dt=5.836511e-05
elapsed=7.055317e+02 cycle=589 time=3.445107e-02 dt=5.836473e-05
elapsed=7.064974e+02 cycle=590 time=3.450944e-02 dt=5.836437e-05
elapsed=7.074596e+02 cycle=591 time=3.456780e-02 dt=5.836401e-05
elapsed=7.084204e+02 cycle=592 time=3.462617e-02 dt=5.836364e-05
elapsed=7.093899e+02 cycle=593 time=3.468453e-02 dt=5.836330e-05
elapsed=7.103566e+02 cycle=594 time=3.474289e-02 dt=5.836296e-05
elapsed=7.113361e+02 cycle=595 time=3.480126e-02 dt=5.836263e-05
elapsed=7.123049e+02 cycle=596 time=3.485962e-02 dt=5.836228e-05
elapsed=7.132533e+02 cycle=597 time=3.491798e-02 dt=5.836194e-05
elapsed=7.142340e+02 cycle=598 time=3.497634e-02 dt=5.836159e-05
elapsed=7.153457e+02 cycle=599 time=3.503471e-02 dt=5.836124e-05
elapsed=7.163108e+02 cycle=600 time=3.509307e-02 dt=5.836089e-05
elapsed=7.174029e+02 cycle=601 time=3.515143e-02 dt=5.836055e-05
elapsed=7.183812e+02 cycle=602 time=3.520979e-02 dt=5.836022e-05
elapsed=7.193603e+02 cycle=603 time=3.526815e-02 dt=5.835989e-05
elapsed=7.203420e+02 cycle=604 time=3.532651e-02 dt=5.835956e-05
elapsed=7.213279e+02 cycle=605 time=3.538487e-02 dt=5.835923e-05
elapsed=7.222770e+02 cycle=606 time=3.544323e-02 dt=5.835890e-05
elapsed=7.232370e+02 cycle=607 time=3.550159e-02 dt=5.835857e-05
elapsed=7.242010e+02 cycle=608 time=3.555995e-02 dt=5.835823e-05
elapsed=7.251662e+02 cycle=609 time=3.561830e-02 dt=5.835789e-05
elapsed=7.261288e+02 cycle=610 time=3.567666e-02 dt=5.835755e-05
elapsed=7.272225e+02 cycle=611 time=3.573502e-02 dt=5.835721e-05
elapsed=7.281680e+02 cycle=612 time=3.579338e-02 dt=5.835687e-05
elapsed=7.291355e+02 cycle=613 time=3.585173e-02 dt=5.835653e-05
elapsed=7.300804e+02 cycle=614 time=3.591009e-02 dt=5.835619e-05
elapsed=7.310610e+02 cycle=615 time=3.596845e-02 dt=5.835586e-05
elapsed=7.320290e+02 cycle=616 time=3.602680e-02 dt=5.835552e-05
elapsed=7.330093e+02 cycle=617 time=3.608516e-02 dt=5.835518e-05
elapsed=7.341052e+02 cycle=618 time=3.614351e-02 dt=5.835483e-05
elapsed=7.350854e+02 cycle=619 time=3.620187e-02 dt=5.835448e-05
elapsed=7.360649e+02 cycle=620 time=3.626022e-02 dt=5.835412e-05
elapsed=7.370258e+02 cycle=621 time=3.631858e-02 dt=5.835378e-05
elapsed=7.380050e+02 cycle=622 time=3.637693e-02 dt=5.835344e-05
elapsed=7.389510e+02 cycle=623 time=3.643528e-02 dt=5.835309e-05
elapsed=7.399166e+02 cycle=624 time=3.649364e-02 dt=5.835275e-05
elapsed=7.408839e+02 cycle=625 time=3.655199e-02 dt=5.835242e-05
elapsed=7.418628e+02 cycle=626 time=3.661034e-02 dt=5.835209e-05
elapsed=7.429546e+02 cycle=627 time=3.666869e-02 dt=5.835176e-05
elapsed=7.439372e+02 cycle=628 time=3.672704e-02 dt=5.835144e-05
elapsed=7.449169e+02 cycle=629 time=3.678540e-02 dt=5.835112e-05
elapsed=7.458825e+02 cycle=630 time=3.684375e-02 dt=5.835079e-05
elapsed=7.468641e+02 cycle=631 time=3.690210e-02 dt=5.835046e-05
elapsed=7.479564e+02 cycle=632 time=3.696045e-02 dt=5.835014e-05
elapsed=7.489053e+02 cycle=633 time=3.701880e-02 dt=5.834981e-05
elapsed=7.498694e+02 cycle=634 time=3.707715e-02 dt=5.834949e-05
elapsed=7.508308e+02 cycle=635 time=3.713550e-02 dt=5.834917e-05
elapsed=7.517758e+02 cycle=636 time=3.719385e-02 dt=5.834885e-05
elapsed=7.527387e+02 cycle=637 time=3.725220e-02 dt=5.834853e-05
elapsed=7.536846e+02 cycle=638 time=3.731054e-02 dt=5.834821e-05
elapsed=7.546467e+02 cycle=639 time=3.736889e-02 dt=5.834790e-05
elapsed=7.556131e+02 cycle=640 time=3.742724e-02 dt=5.834758e-05
elapsed=7.565793e+02 cycle=641 time=3.748559e-02 dt=5.834726e-05
elapsed=7.575626e+02 cycle=642 time=3.754394e-02 dt=5.834693e-05
elapsed=7.585139e+02 cycle=643 time=3.760228e-02 dt=5.834660e-05
elapsed=7.594728e+02 cycle=644 time=3.766063e-02 dt=5.834627e-05
elapsed=7.604520e+02 cycle=645 time=3.771898e-02 dt=5.834596e-05
elapsed=7.614366e+02 cycle=646 time=3.777732e-02 dt=5.834567e-05
elapsed=7.623848e+02 cycle=647 time=3.783567e-02 dt=5.834538e-05
elapsed=7.633472e+02 cycle=648 time=3.789401e-02 dt=5.834509e-05
elapsed=7.642983e+02 cycle=649 time=3.795236e-02 dt=5.834479e-05
elapsed=7.652477e+02 cycle=650 time=3.801070e-02 dt=5.834451e-05
elapsed=7.662280e+02 cycle=651 time=3.806905e-02 dt=5.834425e-05
elapsed=7.671772e+02 cycle=652 time=3.812739e-02 dt=5.834399e-05
elapsed=7.681275e+02 cycle=653 time=3.818574e-02 dt=5.834374e-05
elapsed=7.690918e+02 cycle=654 time=3.824408e-02 dt=5.834349e-05
elapsed=7.700412e+02 cycle=655 time=3.830242e-02 dt=5.834323e-05
elapsed=7.710070e+02 cycle=656 time=3.836077e-02 dt=5.834297e-05
elapsed=7.719531e+02 cycle=657 time=3.841911e-02 dt=5.834271e-05
elapsed=7.729035e+02 cycle=658 time=3.847745e-02 dt=5.834244e-05
elapsed=7.738828e+02 cycle=659 time=3.853579e-02 dt=5.834217e-05
elapsed=7.748324e+02 cycle=660 time=3.859414e-02 dt=5.834192e-05
elapsed=7.758130e+02 cycle=661 time=3.865248e-02 dt=5.834166e-05
elapsed=7.767793e+02 cycle=662 time=3.871082e-02 dt=5.834141e-05
elapsed=7.777432e+02 cycle=663 time=3.876916e-02 dt=5.834116e-05
elapsed=7.786900e+02 cycle=664 time=3.882750e-02 dt=5.834090e-05
elapsed=7.796566e+02 cycle=665 time=3.888584e-02 dt=5.834065e-05
elapsed=7.806224e+02 cycle=666 time=3.894418e-02 dt=5.834039e-05
elapsed=7.815838e+02 cycle=667 time=3.900252e-02 dt=5.834013e-05
elapsed=7.825318e+02 cycle=668 time=3.906086e-02 dt=5.833987e-05
elapsed=7.834815e+02 cycle=669 time=3.911920e-02 dt=5.833961e-05
elapsed=7.844469e+02 cycle=670 time=3.917754e-02 dt=5.833936e-05
elapsed=7.854286e+02 cycle=671 time=3.923588e-02 dt=5.833912e-05
elapsed=7.864085e+02 cycle=672 time=3.929422e-02 dt=5.833889e-05
elapsed=7.873891e+02 cycle=673 time=3.935256e-02 dt=5.833866e-05
elapsed=7.883730e+02 cycle=674 time=3.941090e-02 dt=5.833842e-05
elapsed=7.893348e+02 cycle=675 time=3.946924e-02 dt=5.833818e-05
elapsed=7.902828e+02 cycle=676 time=3.952758e-02 dt=5.833794e-05
elapsed=7.912300e+02 cycle=677 time=3.958591e-02 dt=5.833770e-05
elapsed=7.923232e+02 cycle=678 time=3.964425e-02 dt=5.833746e-05
elapsed=7.932851e+02 cycle=679 time=3.970259e-02 dt=5.833721e-05
elapsed=7.942473e+02 cycle=680 time=3.976093e-02 dt=5.833697e-05
elapsed=7.952137e+02 cycle=681 time=3.981926e-02 dt=5.833672e-05
elapsed=7.961791e+02 cycle=682 time=3.987760e-02 dt=5.833647e-05
elapsed=7.971444e+02 cycle=683 time=3.993594e-02 dt=5.833622e-05
elapsed=7.981243e+02 cycle=684 time=3.999427e-02 dt=5.833597e-05
elapsed=8.179177e+02 cycle=685 time=4.005261e-02 dt=5.833571e-05
elapsed=8.188804e+02 cycle=686 time=4.011094e-02 dt=5.833546e-05
elapsed=8.198436e+02 cycle=687 time=4.016928e-02 dt=5.833522e-05
elapsed=8.208064e+02 cycle=688 time=4.022762e-02 dt=5.833496e-05
elapsed=8.217870e+02 cycle=689 time=4.028595e-02 dt=5.833471e-05
elapsed=8.229016e+02 cycle=690 time=4.034428e-02 dt=5.833448e-05
elapsed=8.238821e+02 cycle=691 time=4.040262e-02 dt=5.833426e-05
elapsed=8.249729e+02 cycle=692 time=4.046095e-02 dt=5.833365e-05
elapsed=8.259348e+02 cycle=693 time=4.051929e-02 dt=5.833292e-05
elapsed=8.268829e+02 cycle=694 time=4.057762e-02 dt=5.833219e-05
elapsed=8.278516e+02 cycle=695 time=4.063595e-02 dt=5.833144e-05
elapsed=8.287986e+02 cycle=696 time=4.069428e-02 dt=5.833067e-05
elapsed=8.297795e+02 cycle=697 time=4.075261e-02 dt=5.832991e-05
elapsed=8.307643e+02 cycle=698 time=4.081094e-02 dt=5.832916e-05
elapsed=8.317136e+02 cycle=699 time=4.086927e-02 dt=5.832843e-05
elapsed=8.326594e+02 cycle=700 time=4.092760e-02 dt=5.832770e-05
elapsed=8.336249e+02 cycle=701 time=4.098593e-02 dt=5.832696e-05
elapsed=8.345949e+02 cycle=702 time=4.104426e-02 dt=5.832623e-05
elapsed=8.355558e+02 cycle=703 time=4.110258e-02 dt=5.832550e-05
elapsed=8.365430e+02 cycle=704 time=4.116091e-02 dt=5.832477e-05
elapsed=8.374920e+02 cycle=705 time=4.121923e-02 dt=5.832404e-05
elapsed=8.384554e+02 cycle=706 time=4.127756e-02 dt=5.832331e-05
elapsed=8.394165e+02 cycle=707 time=4.133588e-02 dt=5.832259e-05
elapsed=8.403653e+02 cycle=708 time=4.139420e-02 dt=5.832190e-05
elapsed=8.413324e+02 cycle=709 time=4.145253e-02 dt=5.832120e-05
elapsed=8.423109e+02 cycle=710 time=4.151085e-02 dt=5.832052e-05
elapsed=8.432580e+02 cycle=711 time=4.156917e-02 dt=5.831983e-05
elapsed=8.442227e+02 cycle=712 time=4.162749e-02 dt=5.831912e-05
elapsed=8.453325e+02 cycle=713 time=4.168581e-02 dt=5.831841e-05
elapsed=8.462830e+02 cycle=714 time=4.174412e-02 dt=5.831770e-05
elapsed=8.472306e+02 cycle=715 time=4.180244e-02 dt=5.831701e-05
elapsed=8.481922e+02 cycle=716 time=4.186076e-02 dt=5.831631e-05
elapsed=8.491408e+02 cycle=717 time=4.191908e-02 dt=5.831562e-05
elapsed=8.501124e+02 cycle=718 time=4.197739e-02 dt=5.831492e-05
elapsed=8.512081e+02 cycle=719 time=4.203571e-02 dt=5.831420e-05
elapsed=8.521893e+02 cycle=720 time=4.209402e-02 dt=5.831349e-05
elapsed=8.531699e+02 cycle=721 time=4.215233e-02 dt=5.831277e-05
elapsed=8.541319e+02 cycle=722 time=4.221065e-02 dt=5.831206e-05
elapsed=8.550800e+02 cycle=723 time=4.226896e-02 dt=5.831135e-05
elapsed=8.560453e+02 cycle=724 time=4.232727e-02 dt=5.831065e-05
elapsed=8.571561e+02 cycle=725 time=4.238558e-02 dt=5.830995e-05
elapsed=8.581222e+02 cycle=726 time=4.244389e-02 dt=5.830926e-05
elapsed=8.590871e+02 cycle=727 time=4.250220e-02 dt=5.830857e-05
elapsed=8.601990e+02 cycle=728 time=4.256051e-02 dt=5.830789e-05
elapsed=8.611648e+02 cycle=729 time=4.261882e-02 dt=5.830723e-05
elapsed=8.621358e+02 cycle=730 time=4.267712e-02 dt=5.830657e-05
elapsed=8.631160e+02 cycle=731 time=4.273543e-02 dt=5.830591e-05
elapsed=8.640775e+02 cycle=732 time=4.279374e-02 dt=5.830526e-05
elapsed=8.650573e+02 cycle=733 time=4.285204e-02 dt=5.830461e-05
elapsed=8.660182e+02 cycle=734 time=4.291035e-02 dt=5.830397e-05
elapsed=8.669996e+02 cycle=735 time=4.296865e-02 dt=5.830332e-05
elapsed=8.679664e+02 cycle=736 time=4.302695e-02 dt=5.830267e-05
elapsed=8.689193e+02 cycle=737 time=4.308526e-02 dt=5.830201e-05
elapsed=8.698845e+02 cycle=738 time=4.314356e-02 dt=5.830135e-05
elapsed=8.708503e+02 cycle=739 time=4.320186e-02 dt=5.830069e-05
elapsed=8.718151e+02 cycle=740 time=4.326016e-02 dt=5.830003e-05
elapsed=8.729272e+02 cycle=741 time=4.331846e-02 dt=5.829937e-05
elapsed=8.738754e+02 cycle=742 time=4.337676e-02 dt=5.829871e-05
elapsed=8.748419e+02 cycle=743 time=4.343506e-02 dt=5.829807e-05
elapsed=8.757920e+02 cycle=744 time=4.349336e-02 dt=5.829744e-05
elapsed=8.767413e+02 cycle=745 time=4.355165e-02 dt=5.829682e-05
elapsed=8.777080e+02 cycle=746 time=4.360995e-02 dt=5.829620e-05
elapsed=8.786552e+02 cycle=747 time=4.366825e-02 dt=5.829559e-05
elapsed=8.796235e+02 cycle=748 time=4.372654e-02 dt=5.829497e-05
elapsed=8.806032e+02 cycle=749 time=4.378484e-02 dt=5.829436e-05
elapsed=8.815696e+02 cycle=750 time=4.384313e-02 dt=5.829375e-05
elapsed=8.825343e+02 cycle=751 time=4.390142e-02 dt=5.829314e-05
elapsed=8.835142e+02 cycle=752 time=4.395972e-02 dt=5.829252e-05
elapsed=8.844601e+02 cycle=753 time=4.401801e-02 dt=5.829188e-05
elapsed=8.854091e+02 cycle=754 time=4.407630e-02 dt=5.829125e-05
elapsed=8.865025e+02 cycle=755 time=4.413459e-02 dt=5.829061e-05
elapsed=8.874755e+02 cycle=756 time=4.419288e-02 dt=5.828998e-05
elapsed=8.885880e+02 cycle=757 time=4.425117e-02 dt=5.828934e-05
elapsed=8.895401e+02 cycle=758 time=4.430946e-02 dt=5.828870e-05
elapsed=8.905097e+02 cycle=759 time=4.436775e-02 dt=5.828807e-05
elapsed=8.914904e+02 cycle=760 time=4.442604e-02 dt=5.828745e-05
elapsed=8.924696e+02 cycle=761 time=4.448433e-02 dt=5.828680e-05
elapsed=8.934326e+02 cycle=762 time=4.454261e-02 dt=5.828615e-05
elapsed=8.943919e+02 cycle=763 time=4.460090e-02 dt=5.828549e-05
elapsed=8.953582e+02 cycle=764 time=4.465919e-02 dt=5.828482e-05
elapsed=8.963192e+02 cycle=765 time=4.471747e-02 dt=5.828414e-05
elapsed=8.972875e+02 cycle=766 time=4.477576e-02 dt=5.828347e-05
elapsed=8.982361e+02 cycle=767 time=4.483404e-02 dt=5.828280e-05
elapsed=8.992164e+02 cycle=768 time=4.489232e-02 dt=5.828213e-05
elapsed=9.001619e+02 cycle=769 time=4.495060e-02 dt=5.828147e-05
elapsed=9.011268e+02 cycle=770 time=4.500889e-02 dt=5.828081e-05
elapsed=9.021079e+02 cycle=771 time=4.506717e-02 dt=5.828015e-05
elapsed=9.030735e+02 cycle=772 time=4.512545e-02 dt=5.827950e-05
elapsed=9.040243e+02 cycle=773 time=4.518373e-02 dt=5.827889e-05
elapsed=9.050048e+02 cycle=774 time=4.524200e-02 dt=5.827831e-05
elapsed=9.059692e+02 cycle=775 time=4.530028e-02 dt=5.827777e-05
elapsed=9.070801e+02 cycle=776 time=4.535856e-02 dt=5.827723e-05
elapsed=9.080419e+02 cycle=777 time=4.541684e-02 dt=5.827670e-05
elapsed=9.090285e+02 cycle=778 time=4.547511e-02 dt=5.827615e-05
elapsed=9.101204e+02 cycle=779 time=4.553339e-02 dt=5.827560e-05
elapsed=9.110890e+02 cycle=780 time=4.559167e-02 dt=5.827504e-05
elapsed=9.120692e+02 cycle=781 time=4.564994e-02 dt=5.827449e-05
elapsed=9.130524e+02 cycle=782 time=4.570822e-02 dt=5.827394e-05
elapsed=9.140371e+02 cycle=783 time=4.576649e-02 dt=5.827338e-05
elapsed=9.149995e+02 cycle=784 time=4.582476e-02 dt=5.827282e-05
elapsed=9.159682e+02 cycle=785 time=4.588304e-02 dt=5.827226e-05
elapsed=9.169342e+02 cycle=786 time=4.594131e-02 dt=5.827170e-05
elapsed=9.178810e+02 cycle=787 time=4.599958e-02 dt=5.827113e-05
elapsed=9.188610e+02 cycle=788 time=4.605785e-02 dt=5.827053e-05
elapsed=9.198080e+02 cycle=789 time=4.611612e-02 dt=5.826991e-05
elapsed=9.207677e+02 cycle=790 time=4.617439e-02 dt=5.826929e-05
elapsed=9.217342e+02 cycle=791 time=4.623266e-02 dt=5.826867e-05
elapsed=9.226996e+02 cycle=792 time=4.629093e-02 dt=5.826805e-05
elapsed=9.237918e+02 cycle=793 time=4.634920e-02 dt=5.826743e-05
elapsed=9.247550e+02 cycle=794 time=4.640746e-02 dt=5.826681e-05
elapsed=9.257362e+02 cycle=795 time=4.646573e-02 dt=5.826619e-05
elapsed=9.267163e+02 cycle=796 time=4.652400e-02 dt=5.826558e-05
elapsed=9.278097e+02 cycle=797 time=4.658226e-02 dt=5.826499e-05
elapsed=9.287593e+02 cycle=798 time=4.664053e-02 dt=5.826440e-05
elapsed=9.297220e+02 cycle=799 time=4.669879e-02 dt=5.826381e-05
elapsed=9.306905e+02 cycle=800 time=4.675706e-02 dt=5.826323e-05
elapsed=9.318003e+02 cycle=801 time=4.681532e-02 dt=5.826265e-05
elapsed=9.327632e+02 cycle=802 time=4.687358e-02 dt=5.826208e-05
elapsed=9.337094e+02 cycle=803 time=4.693184e-02 dt=5.826150e-05
elapsed=9.348203e+02 cycle=804 time=4.699011e-02 dt=5.826092e-05
elapsed=9.357853e+02 cycle=805 time=4.704837e-02 dt=5.826033e-05
elapsed=9.367697e+02 cycle=806 time=4.710663e-02 dt=5.825974e-05
elapsed=9.378827e+02 cycle=807 time=4.716489e-02 dt=5.825917e-05
elapsed=9.388489e+02 cycle=808 time=4.722315e-02 dt=5.825862e-05
elapsed=9.397937e+02 cycle=809 time=4.728140e-02 dt=5.825810e-05
elapsed=9.409057e+02 cycle=810 time=4.733966e-02 dt=5.825759e-05
elapsed=9.420142e+02 cycle=811 time=4.739792e-02 dt=5.825710e-05
elapsed=9.429737e+02 cycle=812 time=4.745618e-02 dt=5.825661e-05
elapsed=9.439329e+02 cycle=813 time=4.751443e-02 dt=5.825611e-05
elapsed=9.448818e+02 cycle=814 time=4.757269e-02 dt=5.825561e-05
elapsed=9.459752e+02 cycle=815 time=4.763095e-02 dt=5.825511e-05
elapsed=9.469410e+02 cycle=816 time=4.768920e-02 dt=5.825462e-05
elapsed=9.480348e+02 cycle=817 time=4.774746e-02 dt=5.825412e-05
elapsed=9.489994e+02 cycle=818 time=4.780571e-02 dt=5.825362e-05
elapsed=9.500920e+02 cycle=819 time=4.786396e-02 dt=5.825311e-05
elapsed=9.510578e+02 cycle=820 time=4.792222e-02 dt=5.825261e-05
elapsed=9.520233e+02 cycle=821 time=4.798047e-02 dt=5.825211e-05
elapsed=9.531159e+02 cycle=822 time=4.803872e-02 dt=5.825163e-05
elapsed=9.540969e+02 cycle=823 time=4.809697e-02 dt=5.825115e-05
elapsed=9.550438e+02 cycle=824 time=4.815522e-02 dt=5.825067e-05
elapsed=9.559943e+02 cycle=825 time=4.821347e-02 dt=5.825019e-05
elapsed=9.569743e+02 cycle=826 time=4.827172e-02 dt=5.824972e-05
elapsed=9.579414e+02 cycle=827 time=4.832997e-02 dt=5.824925e-05
elapsed=9.589208e+02 cycle=828 time=4.838822e-02 dt=5.824880e-05
elapsed=9.598692e+02 cycle=829 time=4.844647e-02 dt=5.824836e-05
elapsed=9.608359e+02 cycle=830 time=4.850472e-02 dt=5.824790e-05
elapsed=9.618166e+02 cycle=831 time=4.856297e-02 dt=5.824743e-05
elapsed=9.627632e+02 cycle=832 time=4.862122e-02 dt=5.824697e-05
elapsed=9.637294e+02 cycle=833 time=4.867946e-02 dt=5.824651e-05
elapsed=9.646780e+02 cycle=834 time=4.873771e-02 dt=5.824605e-05
elapsed=9.656569e+02 cycle=835 time=4.879596e-02 dt=5.824557e-05
elapsed=9.666263e+02 cycle=836 time=4.885420e-02 dt=5.824512e-05
elapsed=9.675926e+02 cycle=837 time=4.891245e-02 dt=5.824467e-05
elapsed=9.685415e+02 cycle=838 time=4.897069e-02 dt=5.824425e-05
elapsed=9.695113e+02 cycle=839 time=4.902894e-02 dt=5.824385e-05
elapsed=9.704928e+02 cycle=840 time=4.908718e-02 dt=5.824344e-05
elapsed=9.714598e+02 cycle=841 time=4.914542e-02 dt=5.824304e-05
elapsed=9.724076e+02 cycle=842 time=4.920367e-02 dt=5.824264e-05
elapsed=9.733883e+02 cycle=843 time=4.926191e-02 dt=5.824224e-05
elapsed=9.743702e+02 cycle=844 time=4.932015e-02 dt=5.824184e-05
elapsed=9.753351e+02 cycle=845 time=4.937839e-02 dt=5.824144e-05
elapsed=9.763009e+02 cycle=846 time=4.943663e-02 dt=5.824104e-05
elapsed=9.772605e+02 cycle=847 time=4.949488e-02 dt=5.824064e-05
elapsed=9.782417e+02 cycle=848 time=4.955312e-02 dt=5.824027e-05
elapsed=9.791894e+02 cycle=849 time=4.961136e-02 dt=5.823992e-05
elapsed=9.801530e+02 cycle=850 time=4.966960e-02 dt=5.823958e-05
elapsed=9.811237e+02 cycle=851 time=4.972784e-02 dt=5.823923e-05
elapsed=9.820732e+02 cycle=852 time=4.978607e-02 dt=5.823888e-05
elapsed=9.830399e+02 cycle=853 time=4.984431e-02 dt=5.823853e-05
elapsed=9.839899e+02 cycle=854 time=4.990255e-02 dt=5.823819e-05
elapsed=9.849688e+02 cycle=855 time=4.996079e-02 dt=5.823785e-05
elapsed=1.005023e+03 cycle=856 time=5.001903e-02 dt=5.823753e-05
elapsed=1.005970e+03 cycle=857 time=5.007727e-02 dt=5.823720e-05
elapsed=1.006919e+03 cycle=858 time=5.013550e-02 dt=5.823687e-05
elapsed=1.007900e+03 cycle=859 time=5.019374e-02 dt=5.823655e-05
elapsed=1.008869e+03 cycle=860 time=5.025198e-02 dt=5.823624e-05
elapsed=1.009815e+03 cycle=861 time=5.031021e-02 dt=5.823592e-05
elapsed=1.010795e+03 cycle=862 time=5.036845e-02 dt=5.823564e-05
elapsed=1.011761e+03 cycle=863 time=5.042668e-02 dt=5.823537e-05
elapsed=1.012741e+03 cycle=864 time=5.048492e-02 dt=5.823510e-05
elapsed=1.013688e+03 cycle=865 time=5.054315e-02 dt=5.823483e-05
elapsed=1.014659e+03 cycle=866 time=5.060139e-02 dt=5.823456e-05
elapsed=1.015749e+03 cycle=867 time=5.065962e-02 dt=5.823428e-05
elapsed=1.016714e+03 cycle=868 time=5.071786e-02 dt=5.823402e-05
elapsed=1.017696e+03 cycle=869 time=5.077609e-02 dt=5.823376e-05
elapsed=1.018663e+03 cycle=870 time=5.083433e-02 dt=5.823350e-05
elapsed=1.019630e+03 cycle=871 time=5.089256e-02 dt=5.823304e-05
elapsed=1.020612e+03 cycle=872 time=5.095079e-02 dt=5.823224e-05
elapsed=1.021579e+03 cycle=873 time=5.100902e-02 dt=5.823144e-05
elapsed=1.022560e+03 cycle=874 time=5.106726e-02 dt=5.823064e-05
elapsed=1.023543e+03 cycle=875 time=5.112549e-02 dt=5.822983e-05
elapsed=1.024504e+03 cycle=876 time=5.118372e-02 dt=5.822903e-05
elapsed=1.025467e+03 cycle=877 time=5.124195e-02 dt=5.822824e-05
elapsed=1.026448e+03 cycle=878 time=5.130017e-02 dt=5.822745e-05
elapsed=1.027412e+03 cycle=879 time=5.135840e-02 dt=5.822668e-05
elapsed=1.028377e+03 cycle=880 time=5.141663e-02 dt=5.822589e-05
elapsed=1.029339e+03 cycle=881 time=5.147485e-02 dt=5.822511e-05
elapsed=1.030318e+03 cycle=882 time=5.153308e-02 dt=5.822433e-05
elapsed=1.031299e+03 cycle=883 time=5.159130e-02 dt=5.822356e-05
elapsed=1.032262e+03 cycle=884 time=5.164953e-02 dt=5.822278e-05
elapsed=1.033210e+03 cycle=885 time=5.170775e-02 dt=5.822199e-05
elapsed=1.034173e+03 cycle=886 time=5.176597e-02 dt=5.822119e-05
elapsed=1.035142e+03 cycle=887 time=5.182419e-02 dt=5.822039e-05
elapsed=1.036107e+03 cycle=888 time=5.188241e-02 dt=5.821958e-05
elapsed=1.037075e+03 cycle=889 time=5.194063e-02 dt=5.821877e-05
elapsed=1.038022e+03 cycle=890 time=5.199885e-02 dt=5.821795e-05
elapsed=1.038971e+03 cycle=891 time=5.205707e-02 dt=5.821713e-05
elapsed=1.040081e+03 cycle=892 time=5.211529e-02 dt=5.821631e-05
elapsed=1.041049e+03 cycle=893 time=5.217350e-02 dt=5.821549e-05
elapsed=1.042014e+03 cycle=894 time=5.223172e-02 dt=5.821467e-05
elapsed=1.042981e+03 cycle=895 time=5.228993e-02 dt=5.821386e-05
elapsed=1.044091e+03 cycle=896 time=5.234815e-02 dt=5.821305e-05
elapsed=1.045040e+03 cycle=897 time=5.240636e-02 dt=5.821223e-05
elapsed=1.046007e+03 cycle=898 time=5.246457e-02 dt=5.821142e-05
elapsed=1.046973e+03 cycle=899 time=5.252278e-02 dt=5.821064e-05
elapsed=1.047923e+03 cycle=900 time=5.258099e-02 dt=5.820988e-05
elapsed=1.048884e+03 cycle=901 time=5.263920e-02 dt=5.820913e-05
elapsed=1.049844e+03 cycle=902 time=5.269741e-02 dt=5.820837e-05
elapsed=1.050789e+03 cycle=903 time=5.275562e-02 dt=5.820761e-05
elapsed=1.051736e+03 cycle=904 time=5.281383e-02 dt=5.820686e-05
elapsed=1.052717e+03 cycle=905 time=5.287204e-02 dt=5.820611e-05
elapsed=1.053808e+03 cycle=906 time=5.293024e-02 dt=5.820537e-05
elapsed=1.054774e+03 cycle=907 time=5.298845e-02 dt=5.820462e-05
elapsed=1.055721e+03 cycle=908 time=5.304665e-02 dt=5.820388e-05
elapsed=1.056682e+03 cycle=909 time=5.310486e-02 dt=5.820313e-05
elapsed=1.057629e+03 cycle=910 time=5.316306e-02 dt=5.820240e-05
elapsed=1.058609e+03 cycle=911 time=5.322126e-02 dt=5.820168e-05
elapsed=1.059589e+03 cycle=912 time=5.327946e-02 dt=5.820098e-05
elapsed=1.060682e+03 cycle=913 time=5.333766e-02 dt=5.820026e-05
elapsed=1.061662e+03 cycle=914 time=5.339586e-02 dt=5.819953e-05
elapsed=1.062610e+03 cycle=915 time=5.345406e-02 dt=5.819878e-05
elapsed=1.063562e+03 cycle=916 time=5.351226e-02 dt=5.819802e-05
elapsed=1.064541e+03 cycle=917 time=5.357046e-02 dt=5.819727e-05
elapsed=1.065508e+03 cycle=918 time=5.362866e-02 dt=5.819654e-05
elapsed=1.066455e+03 cycle=919 time=5.368685e-02 dt=5.819580e-05
elapsed=1.067435e+03 cycle=920 time=5.374505e-02 dt=5.819506e-05
elapsed=1.068400e+03 cycle=921 time=5.380325e-02 dt=5.819432e-05
elapsed=1.069368e+03 cycle=922 time=5.386144e-02 dt=5.819357e-05
elapsed=1.070317e+03 cycle=923 time=5.391963e-02 dt=5.819282e-05
elapsed=1.071264e+03 cycle=924 time=5.397783e-02 dt=5.819206e-05
elapsed=1.072246e+03 cycle=925 time=5.403602e-02 dt=5.819131e-05
elapsed=1.073225e+03 cycle=926 time=5.409421e-02 dt=5.819055e-05
elapsed=1.074186e+03 cycle=927 time=5.415240e-02 dt=5.818979e-05
elapsed=1.075166e+03 cycle=928 time=5.421059e-02 dt=5.818900e-05
elapsed=1.076114e+03 cycle=929 time=5.426878e-02 dt=5.818821e-05
elapsed=1.077075e+03 cycle=930 time=5.432697e-02 dt=5.818741e-05
elapsed=1.078035e+03 cycle=931 time=5.438515e-02 dt=5.818662e-05
elapsed=1.079015e+03 cycle=932 time=5.444334e-02 dt=5.818582e-05
elapsed=1.080125e+03 cycle=933 time=5.450153e-02 dt=5.818501e-05
elapsed=1.081086e+03 cycle=934 time=5.455971e-02 dt=5.818421e-05
elapsed=1.082196e+03 cycle=935 time=5.461790e-02 dt=5.818343e-05
elapsed=1.083159e+03 cycle=936 time=5.467608e-02 dt=5.818266e-05
elapsed=1.084107e+03 cycle=937 time=5.473426e-02 dt=5.818189e-05
elapsed=1.085088e+03 cycle=938 time=5.479244e-02 dt=5.818111e-05
elapsed=1.086057e+03 cycle=939 time=5.485063e-02 dt=5.818033e-05
elapsed=1.087022e+03 cycle=940 time=5.490881e-02 dt=5.817955e-05
elapsed=1.087981e+03 cycle=941 time=5.496699e-02 dt=5.817876e-05
elapsed=1.088947e+03 cycle=942 time=5.502516e-02 dt=5.817798e-05
elapsed=1.089895e+03 cycle=943 time=5.508334e-02 dt=5.817720e-05
elapsed=1.090843e+03 cycle=944 time=5.514152e-02 dt=5.817643e-05
elapsed=1.091936e+03 cycle=945 time=5.519970e-02 dt=5.817567e-05
elapsed=1.092897e+03 cycle=946 time=5.525787e-02 dt=5.817491e-05
elapsed=1.093865e+03 cycle=947 time=5.531605e-02 dt=5.817415e-05
elapsed=1.094833e+03 cycle=948 time=5.537422e-02 dt=5.817340e-05
elapsed=1.095813e+03 cycle=949 time=5.543239e-02 dt=5.817267e-05
elapsed=1.096776e+03 cycle=950 time=5.549057e-02 dt=5.817194e-05
elapsed=1.097887e+03 cycle=951 time=5.554874e-02 dt=5.817121e-05
elapsed=1.098852e+03 cycle=952 time=5.560691e-02 dt=5.817048e-05
elapsed=1.099833e+03 cycle=953 time=5.566508e-02 dt=5.816976e-05
elapsed=1.100780e+03 cycle=954 time=5.572325e-02 dt=5.816903e-05
elapsed=1.101762e+03 cycle=955 time=5.578142e-02 dt=5.816832e-05
elapsed=1.102725e+03 cycle=956 time=5.583959e-02 dt=5.816762e-05
elapsed=1.103672e+03 cycle=957 time=5.589775e-02 dt=5.816691e-05
elapsed=1.104632e+03 cycle=958 time=5.595592e-02 dt=5.816621e-05
elapsed=1.105611e+03 cycle=959 time=5.601409e-02 dt=5.816550e-05
elapsed=1.106558e+03 cycle=960 time=5.607225e-02 dt=5.816480e-05
elapsed=1.107671e+03 cycle=961 time=5.613042e-02 dt=5.816411e-05
elapsed=1.108618e+03 cycle=962 time=5.618858e-02 dt=5.816341e-05
elapsed=1.109567e+03 cycle=963 time=5.624675e-02 dt=5.816271e-05
elapsed=1.110541e+03 cycle=964 time=5.630491e-02 dt=5.816199e-05
elapsed=1.111522e+03 cycle=965 time=5.636307e-02 dt=5.816127e-05
elapsed=1.112484e+03 cycle=966 time=5.642123e-02 dt=5.816055e-05
elapsed=1.113433e+03 cycle=967 time=5.647939e-02 dt=5.815984e-05
elapsed=1.114397e+03 cycle=968 time=5.653755e-02 dt=5.815913e-05
elapsed=1.115360e+03 cycle=969 time=5.659571e-02 dt=5.815842e-05
elapsed=1.116327e+03 cycle=970 time=5.665387e-02 dt=5.815770e-05
elapsed=1.117289e+03 cycle=971 time=5.671203e-02 dt=5.815699e-05
elapsed=1.118252e+03 cycle=972 time=5.677018e-02 dt=5.815628e-05
elapsed=1.119242e+03 cycle=973 time=5.682834e-02 dt=5.815556e-05
elapsed=1.120189e+03 cycle=974 time=5.688650e-02 dt=5.815486e-05
elapsed=1.121172e+03 cycle=975 time=5.694465e-02 dt=5.815416e-05
elapsed=1.122121e+03 cycle=976 time=5.700281e-02 dt=5.815346e-05
elapsed=1.123068e+03 cycle=977 time=5.706096e-02 dt=5.815277e-05
elapsed=1.124031e+03 cycle=978 time=5.711911e-02 dt=5.815208e-05
elapsed=1.125011e+03 cycle=979 time=5.717726e-02 dt=5.815140e-05
elapsed=1.125973e+03 cycle=980 time=5.723542e-02 dt=5.815073e-05
elapsed=1.127067e+03 cycle=981 time=5.729357e-02 dt=5.815009e-05
elapsed=1.128052e+03 cycle=982 time=5.735172e-02 dt=5.814945e-05
elapsed=1.129164e+03 cycle=983 time=5.740987e-02 dt=5.814881e-05
elapsed=1.130276e+03 cycle=984 time=5.746801e-02 dt=5.814818e-05
elapsed=1.131367e+03 cycle=985 time=5.752616e-02 dt=5.814755e-05
elapsed=1.132331e+03 cycle=986 time=5.758431e-02 dt=5.814693e-05
elapsed=1.133312e+03 cycle=987 time=5.764246e-02 dt=5.814630e-05
elapsed=1.134260e+03 cycle=988 time=5.770060e-02 dt=5.814568e-05
elapsed=1.135229e+03 cycle=989 time=5.775875e-02 dt=5.814505e-05
elapsed=1.136340e+03 cycle=990 time=5.781689e-02 dt=5.814441e-05
elapsed=1.137325e+03 cycle=991 time=5.787504e-02 dt=5.814377e-05
elapsed=1.138290e+03 cycle=992 time=5.793318e-02 dt=5.814314e-05
elapsed=1.139270e+03 cycle=993 time=5.799133e-02 dt=5.814251e-05
elapsed=1.140361e+03 cycle=994 time=5.804947e-02 dt=5.814188e-05
elapsed=1.141309e+03 cycle=995 time=5.810761e-02 dt=5.814126e-05
elapsed=1.142270e+03 cycle=996 time=5.816575e-02 dt=5.814065e-05
elapsed=1.143235e+03 cycle=997 time=5.822389e-02 dt=5.814003e-05
elapsed=1.144202e+03 cycle=998 time=5.828203e-02 dt=5.813941e-05
elapsed=1.145151e+03 cycle=999 time=5.834017e-02 dt=5.813878e-05
elapsed=1.146117e+03 cycle=1000 time=5.839831e-02 dt=5.813814e-05
elapsed=1.147104e+03 cycle=1001 time=5.845645e-02 dt=5.813751e-05
elapsed=1.148084e+03 cycle=1002 time=5.851459e-02 dt=5.813689e-05
elapsed=1.149031e+03 cycle=1003 time=5.857272e-02 dt=5.813628e-05
elapsed=1.149979e+03 cycle=1004 time=5.863086e-02 dt=5.813567e-05
elapsed=1.150941e+03 cycle=1005 time=5.868899e-02 dt=5.813505e-05
elapsed=1.151891e+03 cycle=1006 time=5.874713e-02 dt=5.813444e-05
elapsed=1.152879e+03 cycle=1007 time=5.880526e-02 dt=5.813384e-05
elapsed=1.153974e+03 cycle=1008 time=5.886340e-02 dt=5.813324e-05
elapsed=1.154925e+03 cycle=1009 time=5.892153e-02 dt=5.813264e-05
elapsed=1.155886e+03 cycle=1010 time=5.897966e-02 dt=5.813206e-05
elapsed=1.156833e+03 cycle=1011 time=5.903780e-02 dt=5.813149e-05
elapsed=1.157783e+03 cycle=1012 time=5.909593e-02 dt=5.813092e-05
elapsed=1.158729e+03 cycle=1013 time=5.915406e-02 dt=5.813035e-05
elapsed=1.159709e+03 cycle=1014 time=5.921219e-02 dt=5.812978e-05
elapsed=1.160679e+03 cycle=1015 time=5.927032e-02 dt=5.812922e-05
elapsed=1.161629e+03 cycle=1016 time=5.932845e-02 dt=5.812869e-05
elapsed=1.162615e+03 cycle=1017 time=5.938658e-02 dt=5.812817e-05
elapsed=1.163564e+03 cycle=1018 time=5.944470e-02 dt=5.812765e-05
elapsed=1.164544e+03 cycle=1019 time=5.950283e-02 dt=5.812712e-05
elapsed=1.165492e+03 cycle=1020 time=5.956096e-02 dt=5.812659e-05
elapsed=1.166462e+03 cycle=1021 time=5.961909e-02 dt=5.812605e-05
elapsed=1.167428e+03 cycle=1022 time=5.967721e-02 dt=5.812552e-05
elapsed=1.168394e+03 cycle=1023 time=5.973534e-02 dt=5.812502e-05
elapsed=1.169362e+03 cycle=1024 time=5.979346e-02 dt=5.812452e-05
elapsed=1.170325e+03 cycle=1025 time=5.985159e-02 dt=5.812403e-05
elapsed=1.171309e+03 cycle=1026 time=5.990971e-02 dt=5.812353e-05
elapsed=1.172274e+03 cycle=1027 time=5.996783e-02 dt=5.812304e-05
elapsed=1.189980e+03 cycle=1028 time=6.002596e-02 dt=5.812255e-05
elapsed=1.190962e+03 cycle=1029 time=6.008408e-02 dt=5.812206e-05
elapsed=1.191927e+03 cycle=1030 time=6.014220e-02 dt=5.812157e-05
elapsed=1.192875e+03 cycle=1031 time=6.020032e-02 dt=5.812108e-05
elapsed=1.193822e+03 cycle=1032 time=6.025844e-02 dt=5.812058e-05
elapsed=1.194787e+03 cycle=1033 time=6.031656e-02 dt=5.812008e-05
elapsed=1.195754e+03 cycle=1034 time=6.037469e-02 dt=5.811958e-05
elapsed=1.196735e+03 cycle=1035 time=6.043280e-02 dt=5.811908e-05
elapsed=1.197682e+03 cycle=1036 time=6.049092e-02 dt=5.811856e-05
elapsed=1.198648e+03 cycle=1037 time=6.054904e-02 dt=5.811805e-05
elapsed=1.199629e+03 cycle=1038 time=6.060716e-02 dt=5.811753e-05
elapsed=1.200579e+03 cycle=1039 time=6.066528e-02 dt=5.811702e-05
elapsed=1.201545e+03 cycle=1040 time=6.072339e-02 dt=5.811652e-05
elapsed=1.202656e+03 cycle=1041 time=6.078151e-02 dt=5.811605e-05
elapsed=1.203622e+03 cycle=1042 time=6.083963e-02 dt=5.811557e-05
elapsed=1.204604e+03 cycle=1043 time=6.089774e-02 dt=5.811509e-05
elapsed=1.205550e+03 cycle=1044 time=6.095586e-02 dt=5.811461e-05
elapsed=1.206512e+03 cycle=1045 time=6.101397e-02 dt=5.811413e-05
elapsed=1.207478e+03 cycle=1046 time=6.107209e-02 dt=5.811366e-05
elapsed=1.208443e+03 cycle=1047 time=6.113020e-02 dt=5.811320e-05
elapsed=1.209407e+03 cycle=1048 time=6.118831e-02 dt=5.811274e-05
elapsed=1.210356e+03 cycle=1049 time=6.124643e-02 dt=5.811228e-05
elapsed=1.211305e+03 cycle=1050 time=6.130454e-02 dt=5.811182e-05
elapsed=1.212251e+03 cycle=1051 time=6.136265e-02 dt=5.811136e-05
elapsed=1.213218e+03 cycle=1052 time=6.142076e-02 dt=5.811091e-05
elapsed=1.214186e+03 cycle=1053 time=6.147887e-02 dt=5.811047e-05
elapsed=1.215136e+03 cycle=1054 time=6.153698e-02 dt=5.811002e-05
elapsed=1.216102e+03 cycle=1055 time=6.159509e-02 dt=5.810957e-05
elapsed=1.217064e+03 cycle=1056 time=6.165320e-02 dt=5.810913e-05
elapsed=1.218043e+03 cycle=1057 time=6.171131e-02 dt=5.810868e-05
elapsed=1.219007e+03 cycle=1058 time=6.176942e-02 dt=5.810825e-05
elapsed=1.219973e+03 cycle=1059 time=6.182753e-02 dt=5.810783e-05
elapsed=1.220940e+03 cycle=1060 time=6.188564e-02 dt=5.810741e-05
elapsed=1.221887e+03 cycle=1061 time=6.194374e-02 dt=5.810699e-05
elapsed=1.222867e+03 cycle=1062 time=6.200185e-02 dt=5.810657e-05
elapsed=1.223846e+03 cycle=1063 time=6.205996e-02 dt=5.810616e-05
elapsed=1.224795e+03 cycle=1064 time=6.211806e-02 dt=5.810575e-05
elapsed=1.225758e+03 cycle=1065 time=6.217617e-02 dt=5.810535e-05
elapsed=1.226738e+03 cycle=1066 time=6.223427e-02 dt=5.810495e-05
elapsed=1.227706e+03 cycle=1067 time=6.229238e-02 dt=5.810454e-05
elapsed=1.228687e+03 cycle=1068 time=6.235048e-02 dt=5.810414e-05
elapsed=1.229650e+03 cycle=1069 time=6.240859e-02 dt=5.810377e-05
elapsed=1.230599e+03 cycle=1070 time=6.246669e-02 dt=5.810342e-05
elapsed=1.231560e+03 cycle=1071 time=6.252480e-02 dt=5.810306e-05
elapsed=1.232527e+03 cycle=1072 time=6.258290e-02 dt=5.810271e-05
elapsed=1.233496e+03 cycle=1073 time=6.264100e-02 dt=5.810235e-05
elapsed=1.234444e+03 cycle=1074 time=6.269910e-02 dt=5.810200e-05
elapsed=1.235416e+03 cycle=1075 time=6.275721e-02 dt=5.810165e-05
elapsed=1.236382e+03 cycle=1076 time=6.281531e-02 dt=5.810131e-05
elapsed=1.237343e+03 cycle=1077 time=6.287341e-02 dt=5.810097e-05
elapsed=1.238290e+03 cycle=1078 time=6.293151e-02 dt=5.810063e-05
elapsed=1.239256e+03 cycle=1079 time=6.298961e-02 dt=5.810028e-05
elapsed=1.240225e+03 cycle=1080 time=6.304771e-02 dt=5.809994e-05
elapsed=1.241172e+03 cycle=1081 time=6.310581e-02 dt=5.809961e-05
elapsed=1.242285e+03 cycle=1082 time=6.316391e-02 dt=5.809930e-05
elapsed=1.243245e+03 cycle=1083 time=6.322201e-02 dt=5.809899e-05
elapsed=1.244194e+03 cycle=1084 time=6.328011e-02 dt=5.809868e-05
elapsed=1.245306e+03 cycle=1085 time=6.333821e-02 dt=5.809837e-05
elapsed=1.246276e+03 cycle=1086 time=6.339631e-02 dt=5.809808e-05
elapsed=1.247243e+03 cycle=1087 time=6.345440e-02 dt=5.809779e-05
elapsed=1.248223e+03 cycle=1088 time=6.351250e-02 dt=5.809750e-05
elapsed=1.249187e+03 cycle=1089 time=6.357060e-02 dt=5.809722e-05
elapsed=1.250154e+03 cycle=1090 time=6.362870e-02 dt=5.809694e-05
elapsed=1.251122e+03 cycle=1091 time=6.368679e-02 dt=5.809667e-05
elapsed=1.252072e+03 cycle=1092 time=6.374489e-02 dt=5.809640e-05
elapsed=1.253184e+03 cycle=1093 time=6.380299e-02 dt=5.809613e-05
elapsed=1.254129e+03 cycle=1094 time=6.386108e-02 dt=5.809587e-05
elapsed=1.255089e+03 cycle=1095 time=6.391918e-02 dt=5.809561e-05
elapsed=1.256053e+03 cycle=1096 time=6.397727e-02 dt=5.809537e-05
elapsed=1.257016e+03 cycle=1097 time=6.403537e-02 dt=5.809512e-05
elapsed=1.257984e+03 cycle=1098 time=6.409346e-02 dt=5.809488e-05
elapsed=1.258935e+03 cycle=1099 time=6.415156e-02 dt=5.809463e-05
elapsed=1.259902e+03 cycle=1100 time=6.420965e-02 dt=5.809438e-05
elapsed=1.260871e+03 cycle=1101 time=6.426775e-02 dt=5.809413e-05
elapsed=1.261819e+03 cycle=1102 time=6.432584e-02 dt=5.809388e-05
elapsed=1.262786e+03 cycle=1103 time=6.438394e-02 dt=5.809363e-05
elapsed=1.263753e+03 cycle=1104 time=6.444203e-02 dt=5.809338e-05
elapsed=1.264732e+03 cycle=1105 time=6.450012e-02 dt=5.809312e-05
elapsed=1.265698e+03 cycle=1106 time=6.455822e-02 dt=5.809287e-05
elapsed=1.266677e+03 cycle=1107 time=6.461631e-02 dt=5.809263e-05
elapsed=1.267640e+03 cycle=1108 time=6.467440e-02 dt=5.809238e-05
elapsed=1.268608e+03 cycle=1109 time=6.473249e-02 dt=5.809213e-05
elapsed=1.269590e+03 cycle=1110 time=6.479059e-02 dt=5.809188e-05
elapsed=1.270701e+03 cycle=1111 time=6.484868e-02 dt=5.809163e-05
elapsed=1.271665e+03 cycle=1112 time=6.490677e-02 dt=5.809138e-05
elapsed=1.272614e+03 cycle=1113 time=6.496486e-02 dt=5.809114e-05
elapsed=1.273582e+03 cycle=1114 time=6.502295e-02 dt=5.809093e-05
elapsed=1.274547e+03 cycle=1115 time=6.508104e-02 dt=5.809072e-05
elapsed=1.275513e+03 cycle=1116 time=6.513913e-02 dt=5.809052e-05
elapsed=1.276461e+03 cycle=1117 time=6.519722e-02 dt=5.809031e-05
elapsed=1.277553e+03 cycle=1118 time=6.525531e-02 dt=5.809009e-05
elapsed=1.278513e+03 cycle=1119 time=6.531340e-02 dt=5.808988e-05
elapsed=1.279498e+03 cycle=1120 time=6.537149e-02 dt=5.808968e-05
elapsed=1.280451e+03 cycle=1121 time=6.542958e-02 dt=5.808948e-05
elapsed=1.281544e+03 cycle=1122 time=6.548767e-02 dt=5.808931e-05
elapsed=1.282637e+03 cycle=1123 time=6.554576e-02 dt=5.808914e-05
elapsed=1.283604e+03 cycle=1124 time=6.560385e-02 dt=5.808897e-05
elapsed=1.284570e+03 cycle=1125 time=6.566194e-02 dt=5.808880e-05
elapsed=1.285517e+03 cycle=1126 time=6.572003e-02 dt=5.808863e-05
elapsed=1.286478e+03 cycle=1127 time=6.577812e-02 dt=5.808846e-05
elapsed=1.287445e+03 cycle=1128 time=6.583621e-02 dt=5.808828e-05
elapsed=1.288423e+03 cycle=1129 time=6.589430e-02 dt=5.808810e-05
elapsed=1.289374e+03 cycle=1130 time=6.595238e-02 dt=5.808790e-05
elapsed=1.290320e+03 cycle=1131 time=6.601047e-02 dt=5.808770e-05
elapsed=1.291300e+03 cycle=1132 time=6.606856e-02 dt=5.808749e-05
elapsed=1.292281e+03 cycle=1133 time=6.612665e-02 dt=5.808726e-05
elapsed=1.293264e+03 cycle=1134 time=6.618473e-02 dt=5.808705e-05
elapsed=1.294227e+03 cycle=1135 time=6.624282e-02 dt=5.808683e-05
elapsed=1.295192e+03 cycle=1136 time=6.630091e-02 dt=5.808659e-05
elapsed=1.296154e+03 cycle=1137 time=6.635899e-02 dt=5.808636e-05
elapsed=1.297132e+03 cycle=1138 time=6.641708e-02 dt=5.808612e-05
elapsed=1.298100e+03 cycle=1139 time=6.647517e-02 dt=5.808587e-05
elapsed=1.299068e+03 cycle=1140 time=6.653325e-02 dt=5.808560e-05
elapsed=1.300036e+03 cycle=1141 time=6.659134e-02 dt=5.808532e-05
elapsed=1.301002e+03 cycle=1142 time=6.664942e-02 dt=5.808505e-05
elapsed=1.301951e+03 cycle=1143 time=6.670751e-02 dt=5.808479e-05
elapsed=1.302932e+03 cycle=1144 time=6.676559e-02 dt=5.808452e-05
elapsed=1.303896e+03 cycle=1145 time=6.682368e-02 dt=5.808425e-05
elapsed=1.304875e+03 cycle=1146 time=6.688176e-02 dt=5.808398e-05
elapsed=1.305826e+03 cycle=1147 time=6.693985e-02 dt=5.808374e-05
elapsed=1.306774e+03 cycle=1148 time=6.699793e-02 dt=5.808351e-05
elapsed=1.307866e+03 cycle=1149 time=6.705601e-02 dt=5.808330e-05
elapsed=1.308832e+03 cycle=1150 time=6.711410e-02 dt=5.808309e-05
elapsed=1.309800e+03 cycle=1151 time=6.717218e-02 dt=5.808289e-05
elapsed=1.310762e+03 cycle=1152 time=6.723026e-02 dt=5.808268e-05
elapsed=1.311852e+03 cycle=1153 time=6.728835e-02 dt=5.808247e-05
elapsed=1.312835e+03 cycle=1154 time=6.734643e-02 dt=5.808228e-05
elapsed=1.313798e+03 cycle=1155 time=6.740451e-02 dt=5.808209e-05
elapsed=1.314745e+03 cycle=1156 time=6.746259e-02 dt=5.808191e-05
elapsed=1.315694e+03 cycle=1157 time=6.752067e-02 dt=5.808173e-05
elapsed=1.316655e+03 cycle=1158 time=6.757876e-02 dt=5.808154e-05
elapsed=1.317621e+03 cycle=1159 time=6.763684e-02 dt=5.808136e-05
elapsed=1.318582e+03 cycle=1160 time=6.769492e-02 dt=5.808117e-05
elapsed=1.319527e+03 cycle=1161 time=6.775300e-02 dt=5.808096e-05
elapsed=1.320620e+03 cycle=1162 time=6.781108e-02 dt=5.808078e-05
elapsed=1.321583e+03 cycle=1163 time=6.786916e-02 dt=5.808059e-05
elapsed=1.322677e+03 cycle=1164 time=6.792724e-02 dt=5.808040e-05
elapsed=1.323788e+03 cycle=1165 time=6.798532e-02 dt=5.808021e-05
elapsed=1.324737e+03 cycle=1166 time=6.804340e-02 dt=5.808002e-05
elapsed=1.325684e+03 cycle=1167 time=6.810148e-02 dt=5.807984e-05
elapsed=1.326650e+03 cycle=1168 time=6.815956e-02 dt=5.807966e-05
elapsed=1.327615e+03 cycle=1169 time=6.821764e-02 dt=5.807948e-05
elapsed=1.328581e+03 cycle=1170 time=6.827572e-02 dt=5.807930e-05
elapsed=1.329561e+03 cycle=1171 time=6.833380e-02 dt=5.807913e-05
elapsed=1.330511e+03 cycle=1172 time=6.839188e-02 dt=5.807895e-05
elapsed=1.331459e+03 cycle=1173 time=6.844996e-02 dt=5.807878e-05
elapsed=1.332427e+03 cycle=1174 time=6.850804e-02 dt=5.807861e-05
elapsed=1.333375e+03 cycle=1175 time=6.856612e-02 dt=5.807844e-05
elapsed=1.334343e+03 cycle=1176 time=6.862420e-02 dt=5.807828e-05
elapsed=1.335291e+03 cycle=1177 time=6.868227e-02 dt=5.807810e-05
elapsed=1.336270e+03 cycle=1178 time=6.874035e-02 dt=5.807793e-05
elapsed=1.337219e+03 cycle=1179 time=6.879843e-02 dt=5.807776e-05
elapsed=1.338192e+03 cycle=1180 time=6.885651e-02 dt=5.807759e-05
elapsed=1.339138e+03 cycle=1181 time=6.891458e-02 dt=5.807743e-05
elapsed=1.340097e+03 cycle=1182 time=6.897266e-02 dt=5.807725e-05
elapsed=1.341080e+03 cycle=1183 time=6.903074e-02 dt=5.807707e-05
elapsed=1.342044e+03 cycle=1184 time=6.908882e-02 dt=5.807689e-05
elapsed=1.343002e+03 cycle=1185 time=6.914689e-02 dt=5.807671e-05
elapsed=1.343949e+03 cycle=1186 time=6.920497e-02 dt=5.807653e-05
elapsed=1.345061e+03 cycle=1187 time=6.926305e-02 dt=5.807633e-05
elapsed=1.346042e+03 cycle=1188 time=6.932112e-02 dt=5.807616e-05
elapsed=1.346990e+03 cycle=1189 time=6.937920e-02 dt=5.807601e-05
elapsed=1.348105e+03 cycle=1190 time=6.943728e-02 dt=5.807585e-05
elapsed=1.349067e+03 cycle=1191 time=6.949535e-02 dt=5.807570e-05
elapsed=1.350047e+03 cycle=1192 time=6.955343e-02 dt=5.807553e-05
elapsed=1.350998e+03 cycle=1193 time=6.961150e-02 dt=5.807535e-05
elapsed=1.351970e+03 cycle=1194 time=6.966958e-02 dt=5.807516e-05
elapsed=1.352951e+03 cycle=1195 time=6.972765e-02 dt=5.807499e-05
elapsed=1.353911e+03 cycle=1196 time=6.978573e-02 dt=5.807481e-05
elapsed=1.354875e+03 cycle=1197 time=6.984380e-02 dt=5.807463e-05
elapsed=1.355857e+03 cycle=1198 time=6.990188e-02 dt=5.807444e-05
elapsed=1.356809e+03 cycle=1199 time=6.995995e-02 dt=5.807424e-05
elapsed=1.374805e+03 cycle=1200 time=7.001803e-02 dt=5.807406e-05
elapsed=1.375753e+03 cycle=1201 time=7.007610e-02 dt=5.807389e-05
elapsed=1.376704e+03 cycle=1202 time=7.013417e-02 dt=5.807371e-05
elapsed=1.377683e+03 cycle=1203 time=7.019225e-02 dt=5.807351e-05
elapsed=1.378666e+03 cycle=1204 time=7.025032e-02 dt=5.807331e-05
elapsed=1.379627e+03 cycle=1205 time=7.030839e-02 dt=5.807311e-05
elapsed=1.380607e+03 cycle=1206 time=7.036647e-02 dt=5.807292e-05
elapsed=1.381588e+03 cycle=1207 time=7.042454e-02 dt=5.807275e-05
elapsed=1.382554e+03 cycle=1208 time=7.048261e-02 dt=5.807258e-05
elapsed=1.383499e+03 cycle=1209 time=7.054069e-02 dt=5.807241e-05
elapsed=1.384465e+03 cycle=1210 time=7.059876e-02 dt=5.807226e-05
elapsed=1.385431e+03 cycle=1211 time=7.065683e-02 dt=5.807210e-05
elapsed=1.386395e+03 cycle=1212 time=7.071490e-02 dt=5.807195e-05
elapsed=1.387345e+03 cycle=1213 time=7.077297e-02 dt=5.807180e-05
elapsed=1.388292e+03 cycle=1214 time=7.083105e-02 dt=5.807165e-05
elapsed=1.389264e+03 cycle=1215 time=7.088912e-02 dt=5.807150e-05
elapsed=1.390214e+03 cycle=1216 time=7.094719e-02 dt=5.807135e-05
elapsed=1.391177e+03 cycle=1217 time=7.100526e-02 dt=5.807119e-05
elapsed=1.392127e+03 cycle=1218 time=7.106333e-02 dt=5.807106e-05
elapsed=1.393096e+03 cycle=1219 time=7.112140e-02 dt=5.807094e-05
elapsed=1.394045e+03 cycle=1220 time=7.117947e-02 dt=5.807081e-05
elapsed=1.394993e+03 cycle=1221 time=7.123754e-02 dt=5.807068e-05
elapsed=1.395973e+03 cycle=1222 time=7.129562e-02 dt=5.807055e-05
elapsed=1.397091e+03 cycle=1223 time=7.135369e-02 dt=5.807042e-05
elapsed=1.398056e+03 cycle=1224 time=7.141176e-02 dt=5.807029e-05
elapsed=1.399005e+03 cycle=1225 time=7.146983e-02 dt=5.807017e-05
elapsed=1.399965e+03 cycle=1226 time=7.152790e-02 dt=5.807006e-05
elapsed=1.400934e+03 cycle=1227 time=7.158597e-02 dt=5.806995e-05
elapsed=1.402027e+03 cycle=1228 time=7.164404e-02 dt=5.806984e-05
elapsed=1.402988e+03 cycle=1229 time=7.170211e-02 dt=5.806972e-05
elapsed=1.404100e+03 cycle=1230 time=7.176018e-02 dt=5.806962e-05
elapsed=1.405047e+03 cycle=1231 time=7.181825e-02 dt=5.806951e-05
elapsed=1.405996e+03 cycle=1232 time=7.187632e-02 dt=5.806941e-05
elapsed=1.406960e+03 cycle=1233 time=7.193439e-02 dt=5.806930e-05
elapsed=1.407907e+03 cycle=1234 time=7.199245e-02 dt=5.806918e-05
elapsed=1.408857e+03 cycle=1235 time=7.205052e-02 dt=5.806907e-05
elapsed=1.409822e+03 cycle=1236 time=7.210859e-02 dt=5.806895e-05
elapsed=1.410913e+03 cycle=1237 time=7.216666e-02 dt=5.806884e-05
elapsed=1.411861e+03 cycle=1238 time=7.222473e-02 dt=5.806874e-05
elapsed=1.412842e+03 cycle=1239 time=7.228280e-02 dt=5.806862e-05
elapsed=1.413813e+03 cycle=1240 time=7.234087e-02 dt=5.806811e-05
elapsed=1.414762e+03 cycle=1241 time=7.239894e-02 dt=5.806739e-05
elapsed=1.415874e+03 cycle=1242 time=7.245700e-02 dt=5.806668e-05
elapsed=1.416858e+03 cycle=1243 time=7.251507e-02 dt=5.806598e-05
elapsed=1.417824e+03 cycle=1244 time=7.257314e-02 dt=5.806528e-05
elapsed=1.418917e+03 cycle=1245 time=7.263120e-02 dt=5.806457e-05
elapsed=1.420010e+03 cycle=1246 time=7.268927e-02 dt=5.806385e-05
elapsed=1.420957e+03 cycle=1247 time=7.274733e-02 dt=5.806313e-05
elapsed=1.421921e+03 cycle=1248 time=7.280539e-02 dt=5.806242e-05
elapsed=1.422870e+03 cycle=1249 time=7.286346e-02 dt=5.806173e-05
elapsed=1.423835e+03 cycle=1250 time=7.292152e-02 dt=5.806106e-05
elapsed=1.424784e+03 cycle=1251 time=7.297958e-02 dt=5.806039e-05
elapsed=1.425763e+03 cycle=1252 time=7.303764e-02 dt=5.805972e-05
elapsed=1.426711e+03 cycle=1253 time=7.309570e-02 dt=5.805904e-05
elapsed=1.427822e+03 cycle=1254 time=7.315376e-02 dt=5.805837e-05
elapsed=1.428769e+03 cycle=1255 time=7.321182e-02 dt=5.805770e-05
elapsed=1.429735e+03 cycle=1256 time=7.326987e-02 dt=5.805702e-05
elapsed=1.430714e+03 cycle=1257 time=7.332793e-02 dt=5.805635e-05
elapsed=1.431662e+03 cycle=1258 time=7.338599e-02 dt=5.805567e-05
elapsed=1.432773e+03 cycle=1259 time=7.344404e-02 dt=5.805498e-05
elapsed=1.433741e+03 cycle=1260 time=7.350210e-02 dt=5.805430e-05
elapsed=1.434706e+03 cycle=1261 time=7.356015e-02 dt=5.805361e-05
elapsed=1.435673e+03 cycle=1262 time=7.361821e-02 dt=5.805292e-05
elapsed=1.436621e+03 cycle=1263 time=7.367626e-02 dt=5.805224e-05
elapsed=1.437592e+03 cycle=1264 time=7.373431e-02 dt=5.805156e-05
elapsed=1.438540e+03 cycle=1265 time=7.379236e-02 dt=5.805088e-05
elapsed=1.439510e+03 cycle=1266 time=7.385041e-02 dt=5.805021e-05
elapsed=1.440471e+03 cycle=1267 time=7.390846e-02 dt=5.804954e-05
elapsed=1.441456e+03 cycle=1268 time=7.396651e-02 dt=5.804887e-05
elapsed=1.442424e+03 cycle=1269 time=7.402456e-02 dt=5.804821e-05
elapsed=1.443516e+03 cycle=1270 time=7.408261e-02 dt=5.804755e-05
elapsed=1.444468e+03 cycle=1271 time=7.414066e-02 dt=5.804690e-05
elapsed=1.445583e+03 cycle=1272 time=7.419870e-02 dt=5.804626e-05
elapsed=1.446695e+03 cycle=1273 time=7.425675e-02 dt=5.804561e-05
elapsed=1.447675e+03 cycle=1274 time=7.431480e-02 dt=5.804498e-05
elapsed=1.448622e+03 cycle=1275 time=7.437284e-02 dt=5.804439e-05
elapsed=1.449572e+03 cycle=1276 time=7.443089e-02 dt=5.804379e-05
elapsed=1.450518e+03 cycle=1277 time=7.448893e-02 dt=5.804320e-05
elapsed=1.451484e+03 cycle=1278 time=7.454697e-02 dt=5.804260e-05
elapsed=1.452452e+03 cycle=1279 time=7.460501e-02 dt=5.804200e-05
elapsed=1.453400e+03 cycle=1280 time=7.466306e-02 dt=5.804142e-05
elapsed=1.454386e+03 cycle=1281 time=7.472110e-02 dt=5.804084e-05
elapsed=1.455352e+03 cycle=1282 time=7.477914e-02 dt=5.804024e-05
elapsed=1.456300e+03 cycle=1283 time=7.483718e-02 dt=5.803964e-05
elapsed=1.457265e+03 cycle=1284 time=7.489522e-02 dt=5.803905e-05
elapsed=1.458231e+03 cycle=1285 time=7.495326e-02 dt=5.803848e-05
elapsed=1.459193e+03 cycle=1286 time=7.501130e-02 dt=5.803792e-05
elapsed=1.460139e+03 cycle=1287 time=7.506933e-02 dt=5.803736e-05
elapsed=1.461119e+03 cycle=1288 time=7.512737e-02 dt=5.803680e-05
elapsed=1.462065e+03 cycle=1289 time=7.518541e-02 dt=5.803623e-05
elapsed=1.463031e+03 cycle=1290 time=7.524344e-02 dt=5.803566e-05
elapsed=1.464124e+03 cycle=1291 time=7.530148e-02 dt=5.803509e-05
elapsed=1.465077e+03 cycle=1292 time=7.535952e-02 dt=5.803452e-05
elapsed=1.466025e+03 cycle=1293 time=7.541755e-02 dt=5.803394e-05
elapsed=1.467005e+03 cycle=1294 time=7.547558e-02 dt=5.803337e-05
elapsed=1.467965e+03 cycle=1295 time=7.553362e-02 dt=5.803280e-05
elapsed=1.468910e+03 cycle=1296 time=7.559165e-02 dt=5.803223e-05
elapsed=1.469890e+03 cycle=1297 time=7.564968e-02 dt=5.803165e-05
elapsed=1.470857e+03 cycle=1298 time=7.570771e-02 dt=5.803105e-05
elapsed=1.471802e+03 cycle=1299 time=7.576575e-02 dt=5.803044e-05
elapsed=1.472770e+03 cycle=1300 time=7.582378e-02 dt=5.802984e-05
elapsed=1.473734e+03 cycle=1301 time=7.588181e-02 dt=5.802923e-05
elapsed=1.474681e+03 cycle=1302 time=7.593983e-02 dt=5.802862e-05
elapsed=1.475627e+03 cycle=1303 time=7.599786e-02 dt=5.802801e-05
elapsed=1.476611e+03 cycle=1304 time=7.605589e-02 dt=5.802738e-05
elapsed=1.477571e+03 cycle=1305 time=7.611392e-02 dt=5.802675e-05
elapsed=1.478541e+03 cycle=1306 time=7.617195e-02 dt=5.802613e-05
elapsed=1.479501e+03 cycle=1307 time=7.622997e-02 dt=5.802548e-05
elapsed=1.480466e+03 cycle=1308 time=7.628800e-02 dt=5.802481e-05
elapsed=1.481415e+03 cycle=1309 time=7.634602e-02 dt=5.802416e-05
elapsed=1.482383e+03 cycle=1310 time=7.640405e-02 dt=5.802350e-05
elapsed=1.483329e+03 cycle=1311 time=7.646207e-02 dt=5.802284e-05
elapsed=1.484291e+03 cycle=1312 time=7.652009e-02 dt=5.802216e-05
elapsed=1.485238e+03 cycle=1313 time=7.657811e-02 dt=5.802149e-05
elapsed=1.486202e+03 cycle=1314 time=7.663614e-02 dt=5.802083e-05
elapsed=1.487165e+03 cycle=1315 time=7.669416e-02 dt=5.802016e-05
elapsed=1.488129e+03 cycle=1316 time=7.675218e-02 dt=5.801950e-05
elapsed=1.489090e+03 cycle=1317 time=7.681020e-02 dt=5.801884e-05
elapsed=1.490202e+03 cycle=1318 time=7.686822e-02 dt=5.801817e-05
elapsed=1.491184e+03 cycle=1319 time=7.692623e-02 dt=5.801748e-05
elapsed=1.492277e+03 cycle=1320 time=7.698425e-02 dt=5.801679e-05
elapsed=1.493257e+03 cycle=1321 time=7.704227e-02 dt=5.801610e-05
elapsed=1.494375e+03 cycle=1322 time=7.710028e-02 dt=5.801540e-05
elapsed=1.495355e+03 cycle=1323 time=7.715830e-02 dt=5.801469e-05
elapsed=1.496319e+03 cycle=1324 time=7.721631e-02 dt=5.801396e-05
elapsed=1.497263e+03 cycle=1325 time=7.727433e-02 dt=5.801321e-05
elapsed=1.498374e+03 cycle=1326 time=7.733234e-02 dt=5.801246e-05
elapsed=1.499342e+03 cycle=1327 time=7.739035e-02 dt=5.801171e-05
elapsed=1.500290e+03 cycle=1328 time=7.744837e-02 dt=5.801095e-05
elapsed=1.501275e+03 cycle=1329 time=7.750638e-02 dt=5.801020e-05
elapsed=1.502256e+03 cycle=1330 time=7.756439e-02 dt=5.800946e-05
elapsed=1.503204e+03 cycle=1331 time=7.762240e-02 dt=5.800873e-05
elapsed=1.504171e+03 cycle=1332 time=7.768040e-02 dt=5.800800e-05
elapsed=1.505137e+03 cycle=1333 time=7.773841e-02 dt=5.800727e-05
elapsed=1.506102e+03 cycle=1334 time=7.779642e-02 dt=5.800654e-05
elapsed=1.507050e+03 cycle=1335 time=7.785443e-02 dt=5.800579e-05
elapsed=1.508030e+03 cycle=1336 time=7.791243e-02 dt=5.800504e-05
elapsed=1.508975e+03 cycle=1337 time=7.797044e-02 dt=5.800429e-05
elapsed=1.509959e+03 cycle=1338 time=7.802844e-02 dt=5.800355e-05
elapsed=1.510925e+03 cycle=1339 time=7.808645e-02 dt=5.800282e-05
elapsed=1.511874e+03 cycle=1340 time=7.814445e-02 dt=5.800209e-05
elapsed=1.512821e+03 cycle=1341 time=7.820245e-02 dt=5.800137e-05
elapsed=1.513768e+03 cycle=1342 time=7.826045e-02 dt=5.800066e-05
elapsed=1.514735e+03 cycle=1343 time=7.831845e-02 dt=5.799997e-05
elapsed=1.515715e+03 cycle=1344 time=7.837645e-02 dt=5.799927e-05
elapsed=1.516678e+03 cycle=1345 time=7.843445e-02 dt=5.799858e-05
elapsed=1.517628e+03 cycle=1346 time=7.849245e-02 dt=5.799791e-05
elapsed=1.518607e+03 cycle=1347 time=7.855045e-02 dt=5.799723e-05
elapsed=1.519570e+03 cycle=1348 time=7.860844e-02 dt=5.799654e-05
elapsed=1.520556e+03 cycle=1349 time=7.866644e-02 dt=5.799585e-05
elapsed=1.521519e+03 cycle=1350 time=7.872444e-02 dt=5.799516e-05
elapsed=1.522478e+03 cycle=1351 time=7.878243e-02 dt=5.799449e-05
elapsed=1.523588e+03 cycle=1352 time=7.884043e-02 dt=5.799382e-05
elapsed=1.524555e+03 cycle=1353 time=7.889842e-02 dt=5.799315e-05
elapsed=1.525666e+03 cycle=1354 time=7.895641e-02 dt=5.799247e-05
elapsed=1.526645e+03 cycle=1355 time=7.901441e-02 dt=5.799180e-05
elapsed=1.527607e+03 cycle=1356 time=7.907240e-02 dt=5.799111e-05
elapsed=1.528568e+03 cycle=1357 time=7.913039e-02 dt=5.799041e-05
elapsed=1.529535e+03 cycle=1358 time=7.918838e-02 dt=5.798971e-05
elapsed=1.530495e+03 cycle=1359 time=7.924637e-02 dt=5.798902e-05
elapsed=1.531608e+03 cycle=1360 time=7.930436e-02 dt=5.798835e-05
elapsed=1.532573e+03 cycle=1361 time=7.936235e-02 dt=5.798769e-05
elapsed=1.533534e+03 cycle=1362 time=7.942033e-02 dt=5.798704e-05
elapsed=1.534500e+03 cycle=1363 time=7.947832e-02 dt=5.798640e-05
elapsed=1.535467e+03 cycle=1364 time=7.953631e-02 dt=5.798577e-05
elapsed=1.536432e+03 cycle=1365 time=7.959429e-02 dt=5.798512e-05
elapsed=1.537393e+03 cycle=1366 time=7.965228e-02 dt=5.798448e-05
elapsed=1.538360e+03 cycle=1367 time=7.971026e-02 dt=5.798383e-05
elapsed=1.539320e+03 cycle=1368 time=7.976825e-02 dt=5.798318e-05
elapsed=1.540306e+03 cycle=1369 time=7.982623e-02 dt=5.798253e-05
elapsed=1.541397e+03 cycle=1370 time=7.988421e-02 dt=5.798187e-05
elapsed=1.542358e+03 cycle=1371 time=7.994219e-02 dt=5.798122e-05
elapsed=1.562144e+03 cycle=1372 time=8.000018e-02 dt=5.798056e-05
elapsed=1.563124e+03 cycle=1373 time=8.005816e-02 dt=5.797990e-05
elapsed=1.564071e+03 cycle=1374 time=8.011614e-02 dt=5.797924e-05
elapsed=1.565036e+03 cycle=1375 time=8.017412e-02 dt=5.797859e-05
elapsed=1.565984e+03 cycle=1376 time=8.023209e-02 dt=5.797793e-05
elapsed=1.566954e+03 cycle=1377 time=8.029007e-02 dt=5.797727e-05
elapsed=1.567917e+03 cycle=1378 time=8.034805e-02 dt=5.797661e-05
elapsed=1.568884e+03 cycle=1379 time=8.040603e-02 dt=5.797596e-05
elapsed=1.569854e+03 cycle=1380 time=8.046400e-02 dt=5.797533e-05
elapsed=1.570820e+03 cycle=1381 time=8.052198e-02 dt=5.797471e-05
elapsed=1.571788e+03 cycle=1382 time=8.057995e-02 dt=5.797409e-05
elapsed=1.572749e+03 cycle=1383 time=8.063793e-02 dt=5.797349e-05
elapsed=1.573733e+03 cycle=1384 time=8.069590e-02 dt=5.797289e-05
elapsed=1.574700e+03 cycle=1385 time=8.075387e-02 dt=5.797229e-05
elapsed=1.575647e+03 cycle=1386 time=8.081184e-02 dt=5.797170e-05
elapsed=1.576595e+03 cycle=1387 time=8.086982e-02 dt=5.797110e-05
elapsed=1.577705e+03 cycle=1388 time=8.092779e-02 dt=5.797052e-05
elapsed=1.578668e+03 cycle=1389 time=8.098576e-02 dt=5.796994e-05
elapsed=1.579761e+03 cycle=1390 time=8.104373e-02 dt=5.796934e-05
elapsed=1.580711e+03 cycle=1391 time=8.110170e-02 dt=5.796874e-05
elapsed=1.581692e+03 cycle=1392 time=8.115967e-02 dt=5.796813e-05
elapsed=1.582805e+03 cycle=1393 time=8.121763e-02 dt=5.796753e-05
elapsed=1.583752e+03 cycle=1394 time=8.127560e-02 dt=5.796691e-05
elapsed=1.584734e+03 cycle=1395 time=8.133357e-02 dt=5.796629e-05
elapsed=1.585713e+03 cycle=1396 time=8.139154e-02 dt=5.796567e-05
elapsed=1.586659e+03 cycle=1397 time=8.144950e-02 dt=5.796506e-05
elapsed=1.587639e+03 cycle=1398 time=8.150747e-02 dt=5.796443e-05
elapsed=1.588621e+03 cycle=1399 time=8.156543e-02 dt=5.796380e-05
elapsed=1.589588e+03 cycle=1400 time=8.162339e-02 dt=5.796318e-05
elapsed=1.590699e+03 cycle=1401 time=8.168136e-02 dt=5.796256e-05
elapsed=1.591648e+03 cycle=1402 time=8.173932e-02 dt=5.796194e-05
elapsed=1.592613e+03 cycle=1403 time=8.179728e-02 dt=5.796132e-05
elapsed=1.593723e+03 cycle=1404 time=8.185524e-02 dt=5.796070e-05
elapsed=1.594690e+03 cycle=1405 time=8.191320e-02 dt=5.796006e-05
elapsed=1.595653e+03 cycle=1406 time=8.197116e-02 dt=5.795940e-05
elapsed=1.596605e+03 cycle=1407 time=8.202912e-02 dt=5.795873e-05
elapsed=1.597571e+03 cycle=1408 time=8.208708e-02 dt=5.795806e-05
elapsed=1.598682e+03 cycle=1409 time=8.214504e-02 dt=5.795741e-05
elapsed=1.599648e+03 cycle=1410 time=8.220300e-02 dt=5.795676e-05
elapsed=1.600611e+03 cycle=1411 time=8.226095e-02 dt=5.795611e-05
elapsed=1.601591e+03 cycle=1412 time=8.231891e-02 dt=5.795547e-05
elapsed=1.602558e+03 cycle=1413 time=8.237687e-02 dt=5.795485e-05
elapsed=1.603508e+03 cycle=1414 time=8.243482e-02 dt=5.795420e-05
elapsed=1.604469e+03 cycle=1415 time=8.249277e-02 dt=5.795355e-05
elapsed=1.605437e+03 cycle=1416 time=8.255073e-02 dt=5.795292e-05
elapsed=1.606387e+03 cycle=1417 time=8.260868e-02 dt=5.795228e-05
elapsed=1.607353e+03 cycle=1418 time=8.266663e-02 dt=5.795162e-05
elapsed=1.608313e+03 cycle=1419 time=8.272459e-02 dt=5.795095e-05
elapsed=1.609292e+03 cycle=1420 time=8.278254e-02 dt=5.795027e-05
elapsed=1.610274e+03 cycle=1421 time=8.284049e-02 dt=5.794959e-05
elapsed=1.611385e+03 cycle=1422 time=8.289844e-02 dt=5.794890e-05
elapsed=1.612338e+03 cycle=1423 time=8.295638e-02 dt=5.794820e-05
elapsed=1.613286e+03 cycle=1424 time=8.301433e-02 dt=5.794747e-05
elapsed=1.614253e+03 cycle=1425 time=8.307228e-02 dt=5.794673e-05
elapsed=1.615223e+03 cycle=1426 time=8.313023e-02 dt=5.794598e-05
elapsed=1.616202e+03 cycle=1427 time=8.318817e-02 dt=5.794523e-05
elapsed=1.617165e+03 cycle=1428 time=8.324612e-02 dt=5.794446e-05
elapsed=1.618125e+03 cycle=1429 time=8.330406e-02 dt=5.794368e-05
elapsed=1.619105e+03 cycle=1430 time=8.336201e-02 dt=5.794290e-05
elapsed=1.620070e+03 cycle=1431 time=8.341995e-02 dt=5.794212e-05
elapsed=1.621037e+03 cycle=1432 time=8.347789e-02 dt=5.794134e-05
elapsed=1.622004e+03 cycle=1433 time=8.353583e-02 dt=5.794056e-05
elapsed=1.622972e+03 cycle=1434 time=8.359377e-02 dt=5.793979e-05
elapsed=1.623939e+03 cycle=1435 time=8.365171e-02 dt=5.793903e-05
elapsed=1.624920e+03 cycle=1436 time=8.370965e-02 dt=5.793826e-05
elapsed=1.625869e+03 cycle=1437 time=8.376759e-02 dt=5.793751e-05
elapsed=1.626816e+03 cycle=1438 time=8.382553e-02 dt=5.793675e-05
elapsed=1.627786e+03 cycle=1439 time=8.388346e-02 dt=5.793599e-05
elapsed=1.628902e+03 cycle=1440 time=8.394140e-02 dt=5.793523e-05
elapsed=1.629862e+03 cycle=1441 time=8.399934e-02 dt=5.793446e-05
elapsed=1.630810e+03 cycle=1442 time=8.405727e-02 dt=5.793368e-05
elapsed=1.631758e+03 cycle=1443 time=8.411520e-02 dt=5.793289e-05
elapsed=1.632871e+03 cycle=1444 time=8.417314e-02 dt=5.793209e-05
elapsed=1.633837e+03 cycle=1445 time=8.423107e-02 dt=5.793128e-05
elapsed=1.634805e+03 cycle=1446 time=8.428900e-02 dt=5.793049e-05
elapsed=1.635771e+03 cycle=1447 time=8.434693e-02 dt=5.792973e-05
elapsed=1.636737e+03 cycle=1448 time=8.440486e-02 dt=5.792899e-05
elapsed=1.637849e+03 cycle=1449 time=8.446279e-02 dt=5.792824e-05
elapsed=1.638815e+03 cycle=1450 time=8.452072e-02 dt=5.792750e-05
elapsed=1.639779e+03 cycle=1451 time=8.457865e-02 dt=5.792677e-05
elapsed=1.640729e+03 cycle=1452 time=8.463657e-02 dt=5.792605e-05
elapsed=1.641698e+03 cycle=1453 time=8.469450e-02 dt=5.792535e-05
elapsed=1.642642e+03 cycle=1454 time=8.475242e-02 dt=5.792466e-05
elapsed=1.643623e+03 cycle=1455 time=8.481035e-02 dt=5.792399e-05
elapsed=1.644604e+03 cycle=1456 time=8.486827e-02 dt=5.792332e-05
elapsed=1.645569e+03 cycle=1457 time=8.492620e-02 dt=5.792265e-05
elapsed=1.646533e+03 cycle=1458 time=8.498412e-02 dt=5.792198e-05
elapsed=1.647482e+03 cycle=1459 time=8.504204e-02 dt=5.792131e-05
elapsed=1.648431e+03 cycle=1460 time=8.509996e-02 dt=5.792064e-05
elapsed=1.649398e+03 cycle=1461 time=8.515788e-02 dt=5.791996e-05
elapsed=1.650359e+03 cycle=1462 time=8.521580e-02 dt=5.791928e-05
elapsed=1.651325e+03 cycle=1463 time=8.527372e-02 dt=5.791861e-05
elapsed=1.652274e+03 cycle=1464 time=8.533164e-02 dt=5.791793e-05
elapsed=1.653254e+03 cycle=1465 time=8.538956e-02 dt=5.791726e-05
elapsed=1.654214e+03 cycle=1466 time=8.544748e-02 dt=5.791661e-05
elapsed=1.655162e+03 cycle=1467 time=8.550539e-02 dt=5.791596e-05
elapsed=1.656127e+03 cycle=1468 time=8.556331e-02 dt=5.791532e-05
elapsed=1.657076e+03 cycle=1469 time=8.562122e-02 dt=5.791467e-05
elapsed=1.658045e+03 cycle=1470 time=8.567914e-02 dt=5.791401e-05
elapsed=1.659013e+03 cycle=1471 time=8.573705e-02 dt=5.791334e-05
elapsed=1.659980e+03 cycle=1472 time=8.579497e-02 dt=5.791268e-05
elapsed=1.660948e+03 cycle=1473 time=8.585288e-02 dt=5.791201e-05
elapsed=1.661929e+03 cycle=1474 time=8.591079e-02 dt=5.791134e-05
elapsed=1.662894e+03 cycle=1475 time=8.596870e-02 dt=5.791067e-05
elapsed=1.663878e+03 cycle=1476 time=8.602661e-02 dt=5.791001e-05
elapsed=1.664859e+03 cycle=1477 time=8.608452e-02 dt=5.790934e-05
elapsed=1.665809e+03 cycle=1478 time=8.614243e-02 dt=5.790867e-05
elapsed=1.666774e+03 cycle=1479 time=8.620034e-02 dt=5.790799e-05
elapsed=1.667735e+03 cycle=1480 time=8.625825e-02 dt=5.790733e-05
elapsed=1.668706e+03 cycle=1481 time=8.631616e-02 dt=5.790666e-05
elapsed=1.669665e+03 cycle=1482 time=8.637406e-02 dt=5.790598e-05
elapsed=1.670645e+03 cycle=1483 time=8.643197e-02 dt=5.790530e-05
elapsed=1.671608e+03 cycle=1484 time=8.648987e-02 dt=5.790461e-05
elapsed=1.672577e+03 cycle=1485 time=8.654778e-02 dt=5.790393e-05
elapsed=1.673525e+03 cycle=1486 time=8.660568e-02 dt=5.790324e-05
elapsed=1.674473e+03 cycle=1487 time=8.666358e-02 dt=5.790256e-05
elapsed=1.675421e+03 cycle=1488 time=8.672149e-02 dt=5.790188e-05
elapsed=1.676516e+03 cycle=1489 time=8.677939e-02 dt=5.790120e-05
elapsed=1.677481e+03 cycle=1490 time=8.683729e-02 dt=5.790053e-05
elapsed=1.678591e+03 cycle=1491 time=8.689519e-02 dt=5.789986e-05
elapsed=1.679540e+03 cycle=1492 time=8.695309e-02 dt=5.789920e-05
elapsed=1.680521e+03 cycle=1493 time=8.701099e-02 dt=5.789855e-05
elapsed=1.681481e+03 cycle=1494 time=8.706889e-02 dt=5.789791e-05
elapsed=1.682461e+03 cycle=1495 time=8.712679e-02 dt=5.789728e-05
elapsed=1.683551e+03 cycle=1496 time=8.718468e-02 dt=5.789665e-05
elapsed=1.684500e+03 cycle=1497 time=8.724258e-02 dt=5.789602e-05
elapsed=1.685466e+03 cycle=1498 time=8.730048e-02 dt=5.789539e-05
elapsed=1.686581e+03 cycle=1499 time=8.735837e-02 dt=5.789477e-05
elapsed=1.687529e+03 cycle=1500 time=8.741627e-02 dt=5.789416e-05
elapsed=1.688476e+03 cycle=1501 time=8.747416e-02 dt=5.789356e-05
elapsed=1.689457e+03 cycle=1502 time=8.753205e-02 dt=5.789297e-05
elapsed=1.690418e+03 cycle=1503 time=8.758995e-02 dt=5.789238e-05
elapsed=1.691384e+03 cycle=1504 time=8.764784e-02 dt=5.789180e-05
elapsed=1.692365e+03 cycle=1505 time=8.770573e-02 dt=5.789121e-05
elapsed=1.693348e+03 cycle=1506 time=8.776362e-02 dt=5.789063e-05
elapsed=1.694459e+03 cycle=1507 time=8.782151e-02 dt=5.789004e-05
elapsed=1.695409e+03 cycle=1508 time=8.787940e-02 dt=5.788946e-05
elapsed=1.696382e+03 cycle=1509 time=8.793729e-02 dt=5.788890e-05
elapsed=1.697346e+03 cycle=1510 time=8.799518e-02 dt=5.788836e-05
elapsed=1.698313e+03 cycle=1511 time=8.805307e-02 dt=5.788783e-05
elapsed=1.699261e+03 cycle=1512 time=8.811096e-02 dt=5.788730e-05
elapsed=1.700371e+03 cycle=1513 time=8.816885e-02 dt=5.788679e-05
elapsed=1.701353e+03 cycle=1514 time=8.822673e-02 dt=5.788628e-05
elapsed=1.702449e+03 cycle=1515 time=8.828462e-02 dt=5.788577e-05
elapsed=1.703416e+03 cycle=1516 time=8.834250e-02 dt=5.788526e-05
elapsed=1.704366e+03 cycle=1517 time=8.840039e-02 dt=5.788475e-05
elapsed=1.705327e+03 cycle=1518 time=8.845827e-02 dt=5.788424e-05
elapsed=1.706309e+03 cycle=1519 time=8.851616e-02 dt=5.788373e-05
elapsed=1.707288e+03 cycle=1520 time=8.857404e-02 dt=5.788322e-05
elapsed=1.708251e+03 cycle=1521 time=8.863193e-02 dt=5.788271e-05
elapsed=1.709216e+03 cycle=1522 time=8.868981e-02 dt=5.788221e-05
elapsed=1.710328e+03 cycle=1523 time=8.874769e-02 dt=5.788169e-05
elapsed=1.711292e+03 cycle=1524 time=8.880557e-02 dt=5.788117e-05
elapsed=1.712401e+03 cycle=1525 time=8.886345e-02 dt=5.788066e-05
elapsed=1.713362e+03 cycle=1526 time=8.892133e-02 dt=5.788015e-05
elapsed=1.714307e+03 cycle=1527 time=8.897921e-02 dt=5.787964e-05
elapsed=1.715274e+03 cycle=1528 time=8.903709e-02 dt=5.787912e-05
elapsed=1.716241e+03 cycle=1529 time=8.909497e-02 dt=5.787861e-05
elapsed=1.717202e+03 cycle=1530 time=8.915285e-02 dt=5.787809e-05
elapsed=1.718182e+03 cycle=1531 time=8.921073e-02 dt=5.787756e-05
elapsed=1.719148e+03 cycle=1532 time=8.926861e-02 dt=5.787703e-05
elapsed=1.720114e+03 cycle=1533 time=8.932648e-02 dt=5.787650e-05
elapsed=1.721078e+03 cycle=1534 time=8.938436e-02 dt=5.787599e-05
elapsed=1.722045e+03 cycle=1535 time=8.944224e-02 dt=5.787550e-05
elapsed=1.723025e+03 cycle=1536 time=8.950011e-02 dt=5.787502e-05
elapsed=1.723971e+03 cycle=1537 time=8.955799e-02 dt=5.787457e-05
elapsed=1.724930e+03 cycle=1538 time=8.961586e-02 dt=5.787412e-05
elapsed=1.725878e+03 cycle=1539 time=8.967374e-02 dt=5.787366e-05
elapsed=1.726827e+03 cycle=1540 time=8.973161e-02 dt=5.787321e-05
elapsed=1.727922e+03 cycle=1541 time=8.978948e-02 dt=5.787277e-05
elapsed=1.728888e+03 cycle=1542 time=8.984736e-02 dt=5.787235e-05
elapsed=1.729868e+03 cycle=1543 time=8.990523e-02 dt=5.787196e-05
elapsed=1.730961e+03 cycle=1544 time=8.996310e-02 dt=5.787157e-05
elapsed=1.749958e+03 cycle=1545 time=9.002097e-02 dt=5.787117e-05
elapsed=1.750904e+03 cycle=1546 time=9.007884e-02 dt=5.787078e-05
elapsed=1.751872e+03 cycle=1547 time=9.013671e-02 dt=5.787039e-05
elapsed=1.752820e+03 cycle=1548 time=9.019458e-02 dt=5.787001e-05
elapsed=1.753787e+03 cycle=1549 time=9.025245e-02 dt=5.786966e-05
elapsed=1.754769e+03 cycle=1550 time=9.031032e-02 dt=5.786932e-05
elapsed=1.755728e+03 cycle=1551 time=9.036819e-02 dt=5.786899e-05
elapsed=1.756822e+03 cycle=1552 time=9.042606e-02 dt=5.786867e-05
elapsed=1.757788e+03 cycle=1553 time=9.048393e-02 dt=5.786835e-05
elapsed=1.758748e+03 cycle=1554 time=9.054180e-02 dt=5.786802e-05
elapsed=1.759715e+03 cycle=1555 time=9.059967e-02 dt=5.786769e-05
elapsed=1.760808e+03 cycle=1556 time=9.065753e-02 dt=5.786736e-05
elapsed=1.761756e+03 cycle=1557 time=9.071540e-02 dt=5.786703e-05
elapsed=1.762705e+03 cycle=1558 time=9.077327e-02 dt=5.786672e-05
elapsed=1.763652e+03 cycle=1559 time=9.083114e-02 dt=5.786643e-05
elapsed=1.764601e+03 cycle=1560 time=9.088900e-02 dt=5.786614e-05
elapsed=1.765569e+03 cycle=1561 time=9.094687e-02 dt=5.786585e-05
elapsed=1.766536e+03 cycle=1562 time=9.100473e-02 dt=5.786557e-05
elapsed=1.767504e+03 cycle=1563 time=9.106260e-02 dt=5.786530e-05
elapsed=1.768485e+03 cycle=1564 time=9.112046e-02 dt=5.786502e-05
elapsed=1.769456e+03 cycle=1565 time=9.117833e-02 dt=5.786473e-05
elapsed=1.770403e+03 cycle=1566 time=9.123619e-02 dt=5.786445e-05
elapsed=1.771369e+03 cycle=1567 time=9.129406e-02 dt=5.786416e-05
elapsed=1.772316e+03 cycle=1568 time=9.135192e-02 dt=5.786386e-05
elapsed=1.773266e+03 cycle=1569 time=9.140979e-02 dt=5.786356e-05
elapsed=1.774233e+03 cycle=1570 time=9.146765e-02 dt=5.786326e-05
elapsed=1.775198e+03 cycle=1571 time=9.152551e-02 dt=5.786297e-05
elapsed=1.776179e+03 cycle=1572 time=9.158338e-02 dt=5.786267e-05
elapsed=1.777161e+03 cycle=1573 time=9.164124e-02 dt=5.786238e-05
elapsed=1.778112e+03 cycle=1574 time=9.169910e-02 dt=5.786208e-05
elapsed=1.779074e+03 cycle=1575 time=9.175696e-02 dt=5.786178e-05
elapsed=1.780058e+03 cycle=1576 time=9.181483e-02 dt=5.786148e-05
elapsed=1.781008e+03 cycle=1577 time=9.187269e-02 dt=5.786119e-05
elapsed=1.781957e+03 cycle=1578 time=9.193055e-02 dt=5.786090e-05
elapsed=1.782907e+03 cycle=1579 time=9.198841e-02 dt=5.786061e-05
elapsed=1.783887e+03 cycle=1580 time=9.204627e-02 dt=5.786033e-05
elapsed=1.784835e+03 cycle=1581 time=9.210413e-02 dt=5.786004e-05
elapsed=1.785929e+03 cycle=1582 time=9.216199e-02 dt=5.785973e-05
elapsed=1.786881e+03 cycle=1583 time=9.221985e-02 dt=5.785942e-05
elapsed=1.787992e+03 cycle=1584 time=9.227771e-02 dt=5.785910e-05
elapsed=1.788939e+03 cycle=1585 time=9.233557e-02 dt=5.785879e-05
elapsed=1.789906e+03 cycle=1586 time=9.239343e-02 dt=5.785847e-05
elapsed=1.790856e+03 cycle=1587 time=9.245129e-02 dt=5.785816e-05
elapsed=1.791804e+03 cycle=1588 time=9.250914e-02 dt=5.785784e-05
elapsed=1.792770e+03 cycle=1589 time=9.256700e-02 dt=5.785753e-05
elapsed=1.793751e+03 cycle=1590 time=9.262486e-02 dt=5.785723e-05
elapsed=1.794717e+03 cycle=1591 time=9.268272e-02 dt=5.785692e-05
elapsed=1.795664e+03 cycle=1592 time=9.274057e-02 dt=5.785661e-05
elapsed=1.796647e+03 cycle=1593 time=9.279843e-02 dt=5.785631e-05
elapsed=1.797627e+03 cycle=1594 time=9.285629e-02 dt=5.785600e-05
elapsed=1.798608e+03 cycle=1595 time=9.291414e-02 dt=5.785569e-05
elapsed=1.799594e+03 cycle=1596 time=9.297200e-02 dt=5.785539e-05
elapsed=1.800540e+03 cycle=1597 time=9.302985e-02 dt=5.785508e-05
elapsed=1.801508e+03 cycle=1598 time=9.308771e-02 dt=5.785478e-05
elapsed=1.802619e+03 cycle=1599 time=9.314556e-02 dt=5.785449e-05
elapsed=1.803565e+03 cycle=1600 time=9.320342e-02 dt=5.785419e-05
elapsed=1.804513e+03 cycle=1601 time=9.326127e-02 dt=5.785391e-05
elapsed=1.805478e+03 cycle=1602 time=9.331913e-02 dt=5.785363e-05
elapsed=1.806426e+03 cycle=1603 time=9.337698e-02 dt=5.785335e-05
elapsed=1.807376e+03 cycle=1604 time=9.343483e-02 dt=5.785307e-05
elapsed=1.808325e+03 cycle=1605 time=9.349269e-02 dt=5.785278e-05
elapsed=1.809293e+03 cycle=1606 time=9.355054e-02 dt=5.785248e-05
elapsed=1.810258e+03 cycle=1607 time=9.360839e-02 dt=5.785217e-05
elapsed=1.811353e+03 cycle=1608 time=9.366624e-02 dt=5.785187e-05
elapsed=1.812314e+03 cycle=1609 time=9.372410e-02 dt=5.785157e-05
elapsed=1.813431e+03 cycle=1610 time=9.378195e-02 dt=5.785127e-05
elapsed=1.814380e+03 cycle=1611 time=9.383980e-02 dt=5.785098e-05
elapsed=1.815348e+03 cycle=1612 time=9.389765e-02 dt=5.785070e-05
elapsed=1.816313e+03 cycle=1613 time=9.395550e-02 dt=5.785042e-05
elapsed=1.817278e+03 cycle=1614 time=9.401335e-02 dt=5.785015e-05
elapsed=1.818259e+03 cycle=1615 time=9.407120e-02 dt=5.784990e-05
elapsed=1.819224e+03 cycle=1616 time=9.412905e-02 dt=5.784966e-05
elapsed=1.820173e+03 cycle=1617 time=9.418690e-02 dt=5.784943e-05
elapsed=1.821121e+03 cycle=1618 time=9.424475e-02 dt=5.784919e-05
elapsed=1.822091e+03 cycle=1619 time=9.430260e-02 dt=5.784896e-05
elapsed=1.823041e+03 cycle=1620 time=9.436045e-02 dt=5.784872e-05
elapsed=1.823989e+03 cycle=1621 time=9.441830e-02 dt=5.784849e-05
elapsed=1.824954e+03 cycle=1622 time=9.447614e-02 dt=5.784826e-05
elapsed=1.825919e+03 cycle=1623 time=9.453399e-02 dt=5.784805e-05
elapsed=1.826870e+03 cycle=1624 time=9.459184e-02 dt=5.784786e-05
elapsed=1.827835e+03 cycle=1625 time=9.464969e-02 dt=5.784766e-05
elapsed=1.828797e+03 cycle=1626 time=9.470754e-02 dt=5.784746e-05
elapsed=1.829745e+03 cycle=1627 time=9.476538e-02 dt=5.784727e-05
elapsed=1.830711e+03 cycle=1628 time=9.482323e-02 dt=5.784707e-05
elapsed=1.831678e+03 cycle=1629 time=9.488108e-02 dt=5.784688e-05
elapsed=1.832658e+03 cycle=1630 time=9.493893e-02 dt=5.784670e-05
elapsed=1.833623e+03 cycle=1631 time=9.499677e-02 dt=5.784654e-05
elapsed=1.834590e+03 cycle=1632 time=9.505462e-02 dt=5.784637e-05
elapsed=1.835702e+03 cycle=1633 time=9.511246e-02 dt=5.784619e-05
elapsed=1.836670e+03 cycle=1634 time=9.517031e-02 dt=5.784601e-05
elapsed=1.837639e+03 cycle=1635 time=9.522816e-02 dt=5.784583e-05
elapsed=1.838603e+03 cycle=1636 time=9.528600e-02 dt=5.784565e-05
elapsed=1.839568e+03 cycle=1637 time=9.534385e-02 dt=5.784546e-05
elapsed=1.840530e+03 cycle=1638 time=9.540169e-02 dt=5.784526e-05
elapsed=1.841478e+03 cycle=1639 time=9.545954e-02 dt=5.784505e-05
elapsed=1.842445e+03 cycle=1640 time=9.551738e-02 dt=5.784486e-05
elapsed=1.843430e+03 cycle=1641 time=9.557523e-02 dt=5.784466e-05
elapsed=1.844381e+03 cycle=1642 time=9.563307e-02 dt=5.784447e-05
elapsed=1.845345e+03 cycle=1643 time=9.569092e-02 dt=5.784426e-05
elapsed=1.846297e+03 cycle=1644 time=9.574876e-02 dt=5.784406e-05
elapsed=1.847264e+03 cycle=1645 time=9.580661e-02 dt=5.784386e-05
elapsed=1.848227e+03 cycle=1646 time=9.586445e-02 dt=5.784367e-05
elapsed=1.849194e+03 cycle=1647 time=9.592229e-02 dt=5.784348e-05
elapsed=1.850142e+03 cycle=1648 time=9.598014e-02 dt=5.784329e-05
elapsed=1.851114e+03 cycle=1649 time=9.603798e-02 dt=5.784312e-05
elapsed=1.852065e+03 cycle=1650 time=9.609582e-02 dt=5.784295e-05
elapsed=1.853046e+03 cycle=1651 time=9.615367e-02 dt=5.784278e-05
elapsed=1.854137e+03 cycle=1652 time=9.621151e-02 dt=5.784260e-05
elapsed=1.855098e+03 cycle=1653 time=9.626935e-02 dt=5.784241e-05
elapsed=1.856077e+03 cycle=1654 time=9.632719e-02 dt=5.784224e-05
elapsed=1.857026e+03 cycle=1655 time=9.638504e-02 dt=5.784207e-05
elapsed=1.858005e+03 cycle=1656 time=9.644288e-02 dt=5.784190e-05
elapsed=1.858955e+03 cycle=1657 time=9.650072e-02 dt=5.784174e-05
elapsed=1.859901e+03 cycle=1658 time=9.655856e-02 dt=5.784157e-05
elapsed=1.860868e+03 cycle=1659 time=9.661640e-02 dt=5.784140e-05
elapsed=1.861814e+03 cycle=1660 time=9.667425e-02 dt=5.784124e-05
elapsed=1.862780e+03 cycle=1661 time=9.673209e-02 dt=5.784110e-05
elapsed=1.863743e+03 cycle=1662 time=9.678993e-02 dt=5.784098e-05
elapsed=1.864714e+03 cycle=1663 time=9.684777e-02 dt=5.784088e-05
elapsed=1.865666e+03 cycle=1664 time=9.690561e-02 dt=5.784077e-05
elapsed=1.866627e+03 cycle=1665 time=9.696345e-02 dt=5.784066e-05
elapsed=1.867594e+03 cycle=1666 time=9.702129e-02 dt=5.784054e-05
elapsed=1.868543e+03 cycle=1667 time=9.707913e-02 dt=5.784042e-05
elapsed=1.869506e+03 cycle=1668 time=9.713697e-02 dt=5.784029e-05
elapsed=1.870472e+03 cycle=1669 time=9.719481e-02 dt=5.784017e-05
elapsed=1.871419e+03 cycle=1670 time=9.725265e-02 dt=5.784004e-05
elapsed=1.872407e+03 cycle=1671 time=9.731049e-02 dt=5.783991e-05
elapsed=1.873357e+03 cycle=1672 time=9.736833e-02 dt=5.783978e-05
elapsed=1.874303e+03 cycle=1673 time=9.742617e-02 dt=5.783965e-05
elapsed=1.875394e+03 cycle=1674 time=9.748401e-02 dt=5.783953e-05
elapsed=1.876363e+03 cycle=1675 time=9.754185e-02 dt=5.783939e-05
elapsed=1.877326e+03 cycle=1676 time=9.759969e-02 dt=5.783923e-05
elapsed=1.878436e+03 cycle=1677 time=9.765753e-02 dt=5.783909e-05
elapsed=1.879384e+03 cycle=1678 time=9.771537e-02 dt=5.783896e-05
elapsed=1.880367e+03 cycle=1679 time=9.777321e-02 dt=5.783884e-05
elapsed=1.881333e+03 cycle=1680 time=9.783105e-02 dt=5.783872e-05
elapsed=1.882281e+03 cycle=1681 time=9.788889e-02 dt=5.783860e-05
elapsed=1.883262e+03 cycle=1682 time=9.794672e-02 dt=5.783848e-05
elapsed=1.884226e+03 cycle=1683 time=9.800456e-02 dt=5.783837e-05
elapsed=1.885188e+03 cycle=1684 time=9.806240e-02 dt=5.783825e-05
elapsed=1.886167e+03 cycle=1685 time=9.812024e-02 dt=5.783813e-05
elapsed=1.887263e+03 cycle=1686 time=9.817808e-02 dt=5.783801e-05
elapsed=1.888231e+03 cycle=1687 time=9.823592e-02 dt=5.783790e-05
elapsed=1.889197e+03 cycle=1688 time=9.829375e-02 dt=5.783779e-05
elapsed=1.890178e+03 cycle=1689 time=9.835159e-02 dt=5.783768e-05
elapsed=1.891123e+03 cycle=1690 time=9.840943e-02 dt=5.783758e-05
elapsed=1.892103e+03 cycle=1691 time=9.846727e-02 dt=5.783747e-05
elapsed=1.893213e+03 cycle=1692 time=9.852510e-02 dt=5.783734e-05
elapsed=1.894324e+03 cycle=1693 time=9.858294e-02 dt=5.783723e-05
elapsed=1.895294e+03 cycle=1694 time=9.864078e-02 dt=5.783712e-05
elapsed=1.896259e+03 cycle=1695 time=9.869862e-02 dt=5.783703e-05
elapsed=1.897220e+03 cycle=1696 time=9.875645e-02 dt=5.783696e-05
elapsed=1.898168e+03 cycle=1697 time=9.881429e-02 dt=5.783689e-05
elapsed=1.899152e+03 cycle=1698 time=9.887213e-02 dt=5.783682e-05
elapsed=1.900243e+03 cycle=1699 time=9.892996e-02 dt=5.783673e-05
elapsed=1.901190e+03 cycle=1700 time=9.898780e-02 dt=5.783665e-05
elapsed=1.902139e+03 cycle=1701 time=9.904564e-02 dt=5.783656e-05
elapsed=1.903103e+03 cycle=1702 time=9.910347e-02 dt=5.783648e-05
elapsed=1.904068e+03 cycle=1703 time=9.916131e-02 dt=5.783639e-05
elapsed=1.905179e+03 cycle=1704 time=9.921915e-02 dt=5.783630e-05
elapsed=1.906146e+03 cycle=1705 time=9.927698e-02 dt=5.783623e-05
elapsed=1.907111e+03 cycle=1706 time=9.933482e-02 dt=5.783617e-05
elapsed=1.908060e+03 cycle=1707 time=9.939265e-02 dt=5.783609e-05
elapsed=1.909027e+03 cycle=1708 time=9.945049e-02 dt=5.783601e-05
elapsed=1.909975e+03 cycle=1709 time=9.950833e-02 dt=5.783593e-05
elapsed=1.911088e+03 cycle=1710 time=9.956616e-02 dt=5.783585e-05
elapsed=1.912068e+03 cycle=1711 time=9.962400e-02 dt=5.783576e-05
elapsed=1.913029e+03 cycle=1712 time=9.968183e-02 dt=5.783569e-05
elapsed=1.913990e+03 cycle=1713 time=9.973967e-02 dt=5.783560e-05
elapsed=1.914954e+03 cycle=1714 time=9.979751e-02 dt=5.783551e-05
elapsed=1.915921e+03 cycle=1715 time=9.985534e-02 dt=5.783543e-05
elapsed=1.916867e+03 cycle=1716 time=9.991318e-02 dt=5.783538e-05
elapsed=1.917829e+03 cycle=1717 time=9.997101e-02 dt=5.783534e-05
elapsed=1.980058e+03 cycle=1718 time=1.000288e-01 dt=5.783530e-05
elapsed=1.981008e+03 cycle=1719 time=1.000867e-01 dt=5.783525e-05
[Tue Dec 30 06:27:51 EST 2025] Found 11 bin files, deleting 1 oldest...
elapsed=1.981968e+03 cycle=1720 time=1.001445e-01 dt=5.783522e-05
elapsed=1.982915e+03 cycle=1721 time=1.002024e-01 dt=5.783520e-05
[Tue Dec 30 06:27:52 EST 2025] Kept 10 most recent bin files.
[Tue Dec 30 06:27:52 EST 2025] Found 2 restart files, deleting 1 oldest...
elapsed=1.983863e+03 cycle=1722 time=1.002602e-01 dt=5.783519e-05
elapsed=1.984832e+03 cycle=1723 time=1.003180e-01 dt=5.783518e-05
elapsed=1.985942e+03 cycle=1724 time=1.003759e-01 dt=5.783518e-05
elapsed=1.986887e+03 cycle=1725 time=1.004337e-01 dt=5.783519e-05
elapsed=1.987999e+03 cycle=1726 time=1.004915e-01 dt=5.783519e-05
elapsed=1.988948e+03 cycle=1727 time=1.005494e-01 dt=5.783518e-05
[Tue Dec 30 06:27:58 EST 2025] Kept only the most recent restart file.
elapsed=1.989896e+03 cycle=1728 time=1.006072e-01 dt=5.783518e-05
elapsed=1.990847e+03 cycle=1729 time=1.006650e-01 dt=5.783518e-05
elapsed=1.991796e+03 cycle=1730 time=1.007229e-01 dt=5.783518e-05
elapsed=1.992757e+03 cycle=1731 time=1.007807e-01 dt=5.783519e-05
elapsed=1.993719e+03 cycle=1732 time=1.008385e-01 dt=5.783524e-05
elapsed=1.994829e+03 cycle=1733 time=1.008964e-01 dt=5.783532e-05
elapsed=1.995778e+03 cycle=1734 time=1.009542e-01 dt=5.783539e-05
elapsed=1.996727e+03 cycle=1735 time=1.010120e-01 dt=5.783547e-05
elapsed=1.997687e+03 cycle=1736 time=1.010699e-01 dt=5.783554e-05
elapsed=1.998655e+03 cycle=1737 time=1.011277e-01 dt=5.783562e-05
elapsed=1.999605e+03 cycle=1738 time=1.011856e-01 dt=5.783569e-05
elapsed=2.000589e+03 cycle=1739 time=1.012434e-01 dt=5.783576e-05
elapsed=2.001569e+03 cycle=1740 time=1.013012e-01 dt=5.783583e-05
elapsed=2.002533e+03 cycle=1741 time=1.013591e-01 dt=5.783589e-05
elapsed=2.003500e+03 cycle=1742 time=1.014169e-01 dt=5.783592e-05
elapsed=2.004449e+03 cycle=1743 time=1.014747e-01 dt=5.783596e-05
elapsed=2.005428e+03 cycle=1744 time=1.015326e-01 dt=5.783599e-05
elapsed=2.006389e+03 cycle=1745 time=1.015904e-01 dt=5.783600e-05
elapsed=2.007351e+03 cycle=1746 time=1.016482e-01 dt=5.783601e-05
elapsed=2.008336e+03 cycle=1747 time=1.017061e-01 dt=5.783601e-05
elapsed=2.009297e+03 cycle=1748 time=1.017639e-01 dt=5.783602e-05
elapsed=2.010265e+03 cycle=1749 time=1.018217e-01 dt=5.783602e-05
elapsed=2.011228e+03 cycle=1750 time=1.018796e-01 dt=5.783603e-05
elapsed=2.012191e+03 cycle=1751 time=1.019374e-01 dt=5.783605e-05
elapsed=2.013152e+03 cycle=1752 time=1.019953e-01 dt=5.783608e-05
elapsed=2.014264e+03 cycle=1753 time=1.020531e-01 dt=5.783612e-05
elapsed=2.015248e+03 cycle=1754 time=1.021109e-01 dt=5.783615e-05
elapsed=2.016214e+03 cycle=1755 time=1.021688e-01 dt=5.783617e-05
elapsed=2.017201e+03 cycle=1756 time=1.022266e-01 dt=5.783621e-05
elapsed=2.018165e+03 cycle=1757 time=1.022844e-01 dt=5.783626e-05
elapsed=2.019131e+03 cycle=1758 time=1.023423e-01 dt=5.783632e-05
elapsed=2.020111e+03 cycle=1759 time=1.024001e-01 dt=5.783639e-05
elapsed=2.021079e+03 cycle=1760 time=1.024579e-01 dt=5.783646e-05
elapsed=2.022190e+03 cycle=1761 time=1.025158e-01 dt=5.783656e-05
elapsed=2.023151e+03 cycle=1762 time=1.025736e-01 dt=5.783668e-05
elapsed=2.024243e+03 cycle=1763 time=1.026315e-01 dt=5.783679e-05
elapsed=2.025355e+03 cycle=1764 time=1.026893e-01 dt=5.783689e-05
elapsed=2.026317e+03 cycle=1765 time=1.027471e-01 dt=5.783698e-05
elapsed=2.027283e+03 cycle=1766 time=1.028050e-01 dt=5.783705e-05
elapsed=2.028249e+03 cycle=1767 time=1.028628e-01 dt=5.783711e-05
elapsed=2.029341e+03 cycle=1768 time=1.029206e-01 dt=5.783716e-05
elapsed=2.030314e+03 cycle=1769 time=1.029785e-01 dt=5.783722e-05
elapsed=2.031279e+03 cycle=1770 time=1.030363e-01 dt=5.783728e-05
elapsed=2.032223e+03 cycle=1771 time=1.030942e-01 dt=5.783732e-05
elapsed=2.033191e+03 cycle=1772 time=1.031520e-01 dt=5.783735e-05
elapsed=2.034157e+03 cycle=1773 time=1.032098e-01 dt=5.783739e-05
elapsed=2.035122e+03 cycle=1774 time=1.032677e-01 dt=5.783742e-05
elapsed=2.036071e+03 cycle=1775 time=1.033255e-01 dt=5.783746e-05
elapsed=2.037038e+03 cycle=1776 time=1.033833e-01 dt=5.783749e-05
elapsed=2.038001e+03 cycle=1777 time=1.034412e-01 dt=5.783752e-05
elapsed=2.039112e+03 cycle=1778 time=1.034990e-01 dt=5.783755e-05
elapsed=2.040060e+03 cycle=1779 time=1.035569e-01 dt=5.783758e-05
elapsed=2.041021e+03 cycle=1780 time=1.036147e-01 dt=5.783761e-05
elapsed=2.042001e+03 cycle=1781 time=1.036725e-01 dt=5.783766e-05
elapsed=2.042981e+03 cycle=1782 time=1.037304e-01 dt=5.783773e-05
elapsed=2.043928e+03 cycle=1783 time=1.037882e-01 dt=5.783780e-05
elapsed=2.044890e+03 cycle=1784 time=1.038460e-01 dt=5.783787e-05
elapsed=2.045871e+03 cycle=1785 time=1.039039e-01 dt=5.783795e-05
elapsed=2.046852e+03 cycle=1786 time=1.039617e-01 dt=5.783802e-05
elapsed=2.047947e+03 cycle=1787 time=1.040196e-01 dt=5.783810e-05
elapsed=2.048894e+03 cycle=1788 time=1.040774e-01 dt=5.783819e-05
elapsed=2.049845e+03 cycle=1789 time=1.041352e-01 dt=5.783828e-05
elapsed=2.050814e+03 cycle=1790 time=1.041931e-01 dt=5.783837e-05
elapsed=2.051795e+03 cycle=1791 time=1.042509e-01 dt=5.783846e-05
elapsed=2.052780e+03 cycle=1792 time=1.043087e-01 dt=5.783854e-05
elapsed=2.053727e+03 cycle=1793 time=1.043666e-01 dt=5.783860e-05
elapsed=2.054697e+03 cycle=1794 time=1.044244e-01 dt=5.783867e-05
elapsed=2.055677e+03 cycle=1795 time=1.044823e-01 dt=5.783874e-05
elapsed=2.056639e+03 cycle=1796 time=1.045401e-01 dt=5.783881e-05
elapsed=2.057608e+03 cycle=1797 time=1.045979e-01 dt=5.783889e-05
elapsed=2.058588e+03 cycle=1798 time=1.046558e-01 dt=5.783898e-05
elapsed=2.059539e+03 cycle=1799 time=1.047136e-01 dt=5.783906e-05
elapsed=2.060521e+03 cycle=1800 time=1.047715e-01 dt=5.783914e-05
elapsed=2.061486e+03 cycle=1801 time=1.048293e-01 dt=5.783924e-05
elapsed=2.062469e+03 cycle=1802 time=1.048871e-01 dt=5.783933e-05
elapsed=2.063418e+03 cycle=1803 time=1.049450e-01 dt=5.783942e-05
elapsed=2.064364e+03 cycle=1804 time=1.050028e-01 dt=5.783953e-05
elapsed=2.065312e+03 cycle=1805 time=1.050607e-01 dt=5.783964e-05
elapsed=2.066261e+03 cycle=1806 time=1.051185e-01 dt=5.783978e-05
elapsed=2.067243e+03 cycle=1807 time=1.051763e-01 dt=5.783993e-05
elapsed=2.068212e+03 cycle=1808 time=1.052342e-01 dt=5.784009e-05
elapsed=2.069158e+03 cycle=1809 time=1.052920e-01 dt=5.784025e-05
elapsed=2.070121e+03 cycle=1810 time=1.053499e-01 dt=5.784040e-05
elapsed=2.071085e+03 cycle=1811 time=1.054077e-01 dt=5.784057e-05
elapsed=2.072179e+03 cycle=1812 time=1.054655e-01 dt=5.784074e-05
elapsed=2.073270e+03 cycle=1813 time=1.055234e-01 dt=5.784092e-05
elapsed=2.074220e+03 cycle=1814 time=1.055812e-01 dt=5.784110e-05
elapsed=2.075333e+03 cycle=1815 time=1.056391e-01 dt=5.784131e-05
elapsed=2.076298e+03 cycle=1816 time=1.056969e-01 dt=5.784153e-05
elapsed=2.077246e+03 cycle=1817 time=1.057547e-01 dt=5.784177e-05
elapsed=2.078217e+03 cycle=1818 time=1.058126e-01 dt=5.784201e-05
elapsed=2.079184e+03 cycle=1819 time=1.058704e-01 dt=5.784226e-05
elapsed=2.080296e+03 cycle=1820 time=1.059283e-01 dt=5.784252e-05
elapsed=2.081261e+03 cycle=1821 time=1.059861e-01 dt=5.784278e-05
elapsed=2.082229e+03 cycle=1822 time=1.060439e-01 dt=5.784306e-05
elapsed=2.083178e+03 cycle=1823 time=1.061018e-01 dt=5.784334e-05
elapsed=2.084145e+03 cycle=1824 time=1.061596e-01 dt=5.784361e-05
elapsed=2.085091e+03 cycle=1825 time=1.062175e-01 dt=5.784388e-05
elapsed=2.086071e+03 cycle=1826 time=1.062753e-01 dt=5.784416e-05
elapsed=2.087038e+03 cycle=1827 time=1.063332e-01 dt=5.784443e-05
elapsed=2.087987e+03 cycle=1828 time=1.063910e-01 dt=5.784470e-05
elapsed=2.089079e+03 cycle=1829 time=1.064489e-01 dt=5.784496e-05
elapsed=2.090194e+03 cycle=1830 time=1.065067e-01 dt=5.784521e-05
elapsed=2.091142e+03 cycle=1831 time=1.065645e-01 dt=5.784545e-05
elapsed=2.092087e+03 cycle=1832 time=1.066224e-01 dt=5.784568e-05
elapsed=2.093050e+03 cycle=1833 time=1.066802e-01 dt=5.784591e-05
elapsed=2.094016e+03 cycle=1834 time=1.067381e-01 dt=5.784615e-05
elapsed=2.094983e+03 cycle=1835 time=1.067959e-01 dt=5.784638e-05
elapsed=2.095962e+03 cycle=1836 time=1.068538e-01 dt=5.784663e-05
elapsed=2.096912e+03 cycle=1837 time=1.069116e-01 dt=5.784689e-05
elapsed=2.097874e+03 cycle=1838 time=1.069695e-01 dt=5.784715e-05
elapsed=2.098835e+03 cycle=1839 time=1.070273e-01 dt=5.784742e-05
elapsed=2.099795e+03 cycle=1840 time=1.070852e-01 dt=5.784769e-05
elapsed=2.100741e+03 cycle=1841 time=1.071430e-01 dt=5.784798e-05
elapsed=2.101701e+03 cycle=1842 time=1.072009e-01 dt=5.784828e-05
elapsed=2.102685e+03 cycle=1843 time=1.072587e-01 dt=5.784859e-05
elapsed=2.103650e+03 cycle=1844 time=1.073166e-01 dt=5.784890e-05
elapsed=2.104618e+03 cycle=1845 time=1.073744e-01 dt=5.784922e-05
elapsed=2.105565e+03 cycle=1846 time=1.074323e-01 dt=5.784954e-05
elapsed=2.106528e+03 cycle=1847 time=1.074901e-01 dt=5.784986e-05
elapsed=2.107496e+03 cycle=1848 time=1.075480e-01 dt=5.785018e-05
elapsed=2.108462e+03 cycle=1849 time=1.076058e-01 dt=5.785049e-05
elapsed=2.109424e+03 cycle=1850 time=1.076637e-01 dt=5.785081e-05
elapsed=2.110404e+03 cycle=1851 time=1.077215e-01 dt=5.785113e-05
elapsed=2.111355e+03 cycle=1852 time=1.077794e-01 dt=5.785145e-05
elapsed=2.112446e+03 cycle=1853 time=1.078372e-01 dt=5.785176e-05
elapsed=2.113427e+03 cycle=1854 time=1.078951e-01 dt=5.785206e-05
elapsed=2.114394e+03 cycle=1855 time=1.079529e-01 dt=5.785235e-05
elapsed=2.115361e+03 cycle=1856 time=1.080108e-01 dt=5.785265e-05
elapsed=2.116307e+03 cycle=1857 time=1.080686e-01 dt=5.785293e-05
elapsed=2.117254e+03 cycle=1858 time=1.081265e-01 dt=5.785320e-05
elapsed=2.118199e+03 cycle=1859 time=1.081843e-01 dt=5.785347e-05
elapsed=2.119166e+03 cycle=1860 time=1.082422e-01 dt=5.785372e-05
elapsed=2.120114e+03 cycle=1861 time=1.083000e-01 dt=5.785396e-05
elapsed=2.121065e+03 cycle=1862 time=1.083579e-01 dt=5.785420e-05
elapsed=2.122032e+03 cycle=1863 time=1.084157e-01 dt=5.785445e-05
elapsed=2.122978e+03 cycle=1864 time=1.084736e-01 dt=5.785468e-05
elapsed=2.123925e+03 cycle=1865 time=1.085314e-01 dt=5.785492e-05
elapsed=2.124873e+03 cycle=1866 time=1.085893e-01 dt=5.785517e-05
elapsed=2.125857e+03 cycle=1867 time=1.086472e-01 dt=5.785543e-05
elapsed=2.126951e+03 cycle=1868 time=1.087050e-01 dt=5.785570e-05
elapsed=2.127931e+03 cycle=1869 time=1.087629e-01 dt=5.785600e-05
elapsed=2.128911e+03 cycle=1870 time=1.088207e-01 dt=5.785629e-05
elapsed=2.129877e+03 cycle=1871 time=1.088786e-01 dt=5.785659e-05
elapsed=2.130825e+03 cycle=1872 time=1.089364e-01 dt=5.785688e-05
elapsed=2.131920e+03 cycle=1873 time=1.089943e-01 dt=5.785717e-05
elapsed=2.132880e+03 cycle=1874 time=1.090522e-01 dt=5.785747e-05
elapsed=2.133860e+03 cycle=1875 time=1.091100e-01 dt=5.785776e-05
elapsed=2.134819e+03 cycle=1876 time=1.091679e-01 dt=5.785805e-05
elapsed=2.135780e+03 cycle=1877 time=1.092257e-01 dt=5.785833e-05
elapsed=2.136747e+03 cycle=1878 time=1.092836e-01 dt=5.785861e-05
elapsed=2.137714e+03 cycle=1879 time=1.093414e-01 dt=5.785889e-05
elapsed=2.138660e+03 cycle=1880 time=1.093993e-01 dt=5.785919e-05
elapsed=2.139611e+03 cycle=1881 time=1.094572e-01 dt=5.785950e-05
elapsed=2.140571e+03 cycle=1882 time=1.095150e-01 dt=5.785981e-05
elapsed=2.141519e+03 cycle=1883 time=1.095729e-01 dt=5.786012e-05
elapsed=2.142615e+03 cycle=1884 time=1.096307e-01 dt=5.786041e-05
elapsed=2.143598e+03 cycle=1885 time=1.096886e-01 dt=5.786070e-05
elapsed=2.144545e+03 cycle=1886 time=1.097465e-01 dt=5.786100e-05
elapsed=2.145657e+03 cycle=1887 time=1.098043e-01 dt=5.786129e-05
elapsed=2.146771e+03 cycle=1888 time=1.098622e-01 dt=5.786159e-05
elapsed=2.147732e+03 cycle=1889 time=1.099200e-01 dt=5.786188e-05
elapsed=2.148681e+03 cycle=1890 time=1.099779e-01 dt=5.786218e-05
[Tue Dec 30 06:30:59 EST 2025] Found 11 bin files, deleting 1 oldest...
elapsed=2.169401e+03 cycle=1891 time=1.100358e-01 dt=5.786247e-05
elapsed=2.170349e+03 cycle=1892 time=1.100936e-01 dt=5.786277e-05
[Tue Dec 30 06:31:00 EST 2025] Kept 10 most recent bin files.
elapsed=2.171316e+03 cycle=1893 time=1.101515e-01 dt=5.786307e-05
elapsed=2.172285e+03 cycle=1894 time=1.102094e-01 dt=5.786336e-05
elapsed=2.173265e+03 cycle=1895 time=1.102672e-01 dt=5.786367e-05
elapsed=2.174214e+03 cycle=1896 time=1.103251e-01 dt=5.786397e-05
elapsed=2.175163e+03 cycle=1897 time=1.103829e-01 dt=5.786427e-05
elapsed=2.176111e+03 cycle=1898 time=1.104408e-01 dt=5.786455e-05
elapsed=2.177057e+03 cycle=1899 time=1.104987e-01 dt=5.786484e-05
elapsed=2.178150e+03 cycle=1900 time=1.105565e-01 dt=5.786513e-05
elapsed=2.179117e+03 cycle=1901 time=1.106144e-01 dt=5.786541e-05
elapsed=2.180065e+03 cycle=1902 time=1.106723e-01 dt=5.786570e-05
elapsed=2.181031e+03 cycle=1903 time=1.107301e-01 dt=5.786597e-05
elapsed=2.181995e+03 cycle=1904 time=1.107880e-01 dt=5.786623e-05
elapsed=2.182961e+03 cycle=1905 time=1.108459e-01 dt=5.786648e-05
elapsed=2.183923e+03 cycle=1906 time=1.109037e-01 dt=5.786672e-05
elapsed=2.184888e+03 cycle=1907 time=1.109616e-01 dt=5.786695e-05
elapsed=2.185851e+03 cycle=1908 time=1.110195e-01 dt=5.786719e-05
elapsed=2.186799e+03 cycle=1909 time=1.110773e-01 dt=5.786741e-05
elapsed=2.187764e+03 cycle=1910 time=1.111352e-01 dt=5.786761e-05
elapsed=2.188875e+03 cycle=1911 time=1.111931e-01 dt=5.786782e-05
elapsed=2.189823e+03 cycle=1912 time=1.112509e-01 dt=5.786802e-05
elapsed=2.190785e+03 cycle=1913 time=1.113088e-01 dt=5.786819e-05
elapsed=2.191751e+03 cycle=1914 time=1.113667e-01 dt=5.786836e-05
elapsed=2.192734e+03 cycle=1915 time=1.114245e-01 dt=5.786853e-05
elapsed=2.193705e+03 cycle=1916 time=1.114824e-01 dt=5.786870e-05
elapsed=2.194666e+03 cycle=1917 time=1.115403e-01 dt=5.786888e-05
elapsed=2.195630e+03 cycle=1918 time=1.115982e-01 dt=5.786904e-05
elapsed=2.196614e+03 cycle=1919 time=1.116560e-01 dt=5.786919e-05
elapsed=2.197564e+03 cycle=1920 time=1.117139e-01 dt=5.786934e-05
elapsed=2.198546e+03 cycle=1921 time=1.117718e-01 dt=5.786947e-05
elapsed=2.199494e+03 cycle=1922 time=1.118296e-01 dt=5.786960e-05
elapsed=2.200474e+03 cycle=1923 time=1.118875e-01 dt=5.786973e-05
elapsed=2.201421e+03 cycle=1924 time=1.119454e-01 dt=5.786985e-05
elapsed=2.202384e+03 cycle=1925 time=1.120032e-01 dt=5.786997e-05
elapsed=2.203351e+03 cycle=1926 time=1.120611e-01 dt=5.787009e-05
elapsed=2.204332e+03 cycle=1927 time=1.121190e-01 dt=5.787020e-05
elapsed=2.205297e+03 cycle=1928 time=1.121768e-01 dt=5.787033e-05
elapsed=2.206247e+03 cycle=1929 time=1.122347e-01 dt=5.787045e-05
elapsed=2.207197e+03 cycle=1930 time=1.122926e-01 dt=5.787056e-05
elapsed=2.208146e+03 cycle=1931 time=1.123505e-01 dt=5.787067e-05
elapsed=2.209237e+03 cycle=1932 time=1.124083e-01 dt=5.787078e-05
elapsed=2.210218e+03 cycle=1933 time=1.124662e-01 dt=5.787090e-05
elapsed=2.211205e+03 cycle=1934 time=1.125241e-01 dt=5.787101e-05
elapsed=2.212156e+03 cycle=1935 time=1.125819e-01 dt=5.787112e-05
elapsed=2.213124e+03 cycle=1936 time=1.126398e-01 dt=5.787124e-05
elapsed=2.214090e+03 cycle=1937 time=1.126977e-01 dt=5.787137e-05
elapsed=2.215072e+03 cycle=1938 time=1.127556e-01 dt=5.787149e-05
elapsed=2.216040e+03 cycle=1939 time=1.128134e-01 dt=5.787161e-05
elapsed=2.217151e+03 cycle=1940 time=1.128713e-01 dt=5.787173e-05
elapsed=2.218098e+03 cycle=1941 time=1.129292e-01 dt=5.787185e-05
elapsed=2.219046e+03 cycle=1942 time=1.129870e-01 dt=5.787198e-05
elapsed=2.220140e+03 cycle=1943 time=1.130449e-01 dt=5.787210e-05
elapsed=2.221232e+03 cycle=1944 time=1.131028e-01 dt=5.787223e-05
elapsed=2.222197e+03 cycle=1945 time=1.131607e-01 dt=5.787236e-05
elapsed=2.223164e+03 cycle=1946 time=1.132185e-01 dt=5.787249e-05
elapsed=2.224112e+03 cycle=1947 time=1.132764e-01 dt=5.787260e-05
elapsed=2.225092e+03 cycle=1948 time=1.133343e-01 dt=5.787272e-05
elapsed=2.226039e+03 cycle=1949 time=1.133921e-01 dt=5.787283e-05
elapsed=2.227020e+03 cycle=1950 time=1.134500e-01 dt=5.787294e-05
elapsed=2.227966e+03 cycle=1951 time=1.135079e-01 dt=5.787305e-05
elapsed=2.228936e+03 cycle=1952 time=1.135658e-01 dt=5.787317e-05
elapsed=2.229885e+03 cycle=1953 time=1.136236e-01 dt=5.787330e-05
elapsed=2.230857e+03 cycle=1954 time=1.136815e-01 dt=5.787343e-05
elapsed=2.231949e+03 cycle=1955 time=1.137394e-01 dt=5.787355e-05
elapsed=2.232912e+03 cycle=1956 time=1.137973e-01 dt=5.787368e-05
elapsed=2.233892e+03 cycle=1957 time=1.138551e-01 dt=5.787382e-05
elapsed=2.234856e+03 cycle=1958 time=1.139130e-01 dt=5.787397e-05
elapsed=2.235822e+03 cycle=1959 time=1.139709e-01 dt=5.787414e-05
elapsed=2.236802e+03 cycle=1960 time=1.140288e-01 dt=5.787433e-05
elapsed=2.237749e+03 cycle=1961 time=1.140866e-01 dt=5.787453e-05
elapsed=2.238695e+03 cycle=1962 time=1.141445e-01 dt=5.787471e-05
elapsed=2.239657e+03 cycle=1963 time=1.142024e-01 dt=5.787489e-05
elapsed=2.240622e+03 cycle=1964 time=1.142603e-01 dt=5.787506e-05
elapsed=2.241569e+03 cycle=1965 time=1.143181e-01 dt=5.787523e-05
elapsed=2.242536e+03 cycle=1966 time=1.143760e-01 dt=5.787540e-05
elapsed=2.243516e+03 cycle=1967 time=1.144339e-01 dt=5.787557e-05
elapsed=2.244478e+03 cycle=1968 time=1.144918e-01 dt=5.787574e-05
elapsed=2.245462e+03 cycle=1969 time=1.145496e-01 dt=5.787591e-05
elapsed=2.246425e+03 cycle=1970 time=1.146075e-01 dt=5.787609e-05
elapsed=2.247407e+03 cycle=1971 time=1.146654e-01 dt=5.787626e-05
elapsed=2.248375e+03 cycle=1972 time=1.147233e-01 dt=5.787643e-05
elapsed=2.249356e+03 cycle=1973 time=1.147811e-01 dt=5.787660e-05
elapsed=2.250468e+03 cycle=1974 time=1.148390e-01 dt=5.787677e-05
elapsed=2.251428e+03 cycle=1975 time=1.148969e-01 dt=5.787693e-05
elapsed=2.252389e+03 cycle=1976 time=1.149548e-01 dt=5.787710e-05
elapsed=2.253355e+03 cycle=1977 time=1.150126e-01 dt=5.787727e-05
elapsed=2.254306e+03 cycle=1978 time=1.150705e-01 dt=5.787741e-05
elapsed=2.255255e+03 cycle=1979 time=1.151284e-01 dt=5.787754e-05
elapsed=2.256204e+03 cycle=1980 time=1.151863e-01 dt=5.787768e-05
elapsed=2.257173e+03 cycle=1981 time=1.152442e-01 dt=5.787783e-05
elapsed=2.258156e+03 cycle=1982 time=1.153020e-01 dt=5.787797e-05
elapsed=2.259124e+03 cycle=1983 time=1.153599e-01 dt=5.787812e-05
elapsed=2.260087e+03 cycle=1984 time=1.154178e-01 dt=5.787827e-05
elapsed=2.261035e+03 cycle=1985 time=1.154757e-01 dt=5.787841e-05
elapsed=2.261982e+03 cycle=1986 time=1.155335e-01 dt=5.787855e-05
elapsed=2.262932e+03 cycle=1987 time=1.155914e-01 dt=5.787869e-05
elapsed=2.263893e+03 cycle=1988 time=1.156493e-01 dt=5.787883e-05
elapsed=2.265004e+03 cycle=1989 time=1.157072e-01 dt=5.787897e-05
elapsed=2.265984e+03 cycle=1990 time=1.157651e-01 dt=5.787910e-05
elapsed=2.266970e+03 cycle=1991 time=1.158229e-01 dt=5.787923e-05
elapsed=2.267955e+03 cycle=1992 time=1.158808e-01 dt=5.787934e-05
elapsed=2.268906e+03 cycle=1993 time=1.159387e-01 dt=5.787946e-05
elapsed=2.269853e+03 cycle=1994 time=1.159966e-01 dt=5.787904e-05
elapsed=2.270966e+03 cycle=1995 time=1.160545e-01 dt=5.787855e-05
elapsed=2.271928e+03 cycle=1996 time=1.161123e-01 dt=5.787806e-05
elapsed=2.273038e+03 cycle=1997 time=1.161702e-01 dt=5.787758e-05
elapsed=2.274004e+03 cycle=1998 time=1.162281e-01 dt=5.787711e-05
elapsed=2.274964e+03 cycle=1999 time=1.162860e-01 dt=5.787664e-05
elapsed=2.275931e+03 cycle=2000 time=1.163438e-01 dt=5.787616e-05
elapsed=2.276880e+03 cycle=2001 time=1.164017e-01 dt=5.787568e-05
elapsed=2.277830e+03 cycle=2002 time=1.164596e-01 dt=5.787521e-05
elapsed=2.278942e+03 cycle=2003 time=1.165175e-01 dt=5.787476e-05
elapsed=2.279912e+03 cycle=2004 time=1.165753e-01 dt=5.787432e-05
elapsed=2.280872e+03 cycle=2005 time=1.166332e-01 dt=5.787387e-05
elapsed=2.281837e+03 cycle=2006 time=1.166911e-01 dt=5.787343e-05
elapsed=2.282948e+03 cycle=2007 time=1.167490e-01 dt=5.787298e-05
elapsed=2.283896e+03 cycle=2008 time=1.168068e-01 dt=5.787253e-05
elapsed=2.284842e+03 cycle=2009 time=1.168647e-01 dt=5.787208e-05
elapsed=2.285804e+03 cycle=2010 time=1.169226e-01 dt=5.787163e-05
elapsed=2.286750e+03 cycle=2011 time=1.169805e-01 dt=5.787117e-05
elapsed=2.287699e+03 cycle=2012 time=1.170383e-01 dt=5.787071e-05
elapsed=2.288810e+03 cycle=2013 time=1.170962e-01 dt=5.787025e-05
elapsed=2.289789e+03 cycle=2014 time=1.171541e-01 dt=5.786980e-05
elapsed=2.290737e+03 cycle=2015 time=1.172119e-01 dt=5.786936e-05
elapsed=2.291683e+03 cycle=2016 time=1.172698e-01 dt=5.786891e-05
elapsed=2.292643e+03 cycle=2017 time=1.173277e-01 dt=5.786847e-05
elapsed=2.293626e+03 cycle=2018 time=1.173855e-01 dt=5.786806e-05
elapsed=2.294592e+03 cycle=2019 time=1.174434e-01 dt=5.786767e-05
elapsed=2.295574e+03 cycle=2020 time=1.175013e-01 dt=5.786729e-05
elapsed=2.296539e+03 cycle=2021 time=1.175591e-01 dt=5.786691e-05
elapsed=2.297503e+03 cycle=2022 time=1.176170e-01 dt=5.786654e-05
elapsed=2.298469e+03 cycle=2023 time=1.176749e-01 dt=5.786619e-05
elapsed=2.299434e+03 cycle=2024 time=1.177327e-01 dt=5.786583e-05
elapsed=2.300395e+03 cycle=2025 time=1.177906e-01 dt=5.786548e-05
elapsed=2.301339e+03 cycle=2026 time=1.178485e-01 dt=5.786514e-05
elapsed=2.302287e+03 cycle=2027 time=1.179063e-01 dt=5.786481e-05
elapsed=2.303254e+03 cycle=2028 time=1.179642e-01 dt=5.786447e-05
elapsed=2.304234e+03 cycle=2029 time=1.180221e-01 dt=5.786412e-05
elapsed=2.305181e+03 cycle=2030 time=1.180799e-01 dt=5.786379e-05
elapsed=2.306147e+03 cycle=2031 time=1.181378e-01 dt=5.786346e-05
elapsed=2.307096e+03 cycle=2032 time=1.181957e-01 dt=5.786314e-05
elapsed=2.308043e+03 cycle=2033 time=1.182535e-01 dt=5.786281e-05
elapsed=2.309154e+03 cycle=2034 time=1.183114e-01 dt=5.786247e-05
elapsed=2.310121e+03 cycle=2035 time=1.183693e-01 dt=5.786212e-05
elapsed=2.311091e+03 cycle=2036 time=1.184271e-01 dt=5.786178e-05
elapsed=2.312057e+03 cycle=2037 time=1.184850e-01 dt=5.786145e-05
elapsed=2.313018e+03 cycle=2038 time=1.185428e-01 dt=5.786112e-05
elapsed=2.314111e+03 cycle=2039 time=1.186007e-01 dt=5.786078e-05
elapsed=2.315091e+03 cycle=2040 time=1.186586e-01 dt=5.786045e-05
elapsed=2.316058e+03 cycle=2041 time=1.187164e-01 dt=5.786011e-05
elapsed=2.317027e+03 cycle=2042 time=1.187743e-01 dt=5.785977e-05
elapsed=2.317991e+03 cycle=2043 time=1.188321e-01 dt=5.785943e-05
elapsed=2.318956e+03 cycle=2044 time=1.188900e-01 dt=5.785910e-05
elapsed=2.319925e+03 cycle=2045 time=1.189479e-01 dt=5.785877e-05
elapsed=2.320871e+03 cycle=2046 time=1.190057e-01 dt=5.785843e-05
elapsed=2.321819e+03 cycle=2047 time=1.190636e-01 dt=5.785808e-05
elapsed=2.322780e+03 cycle=2048 time=1.191214e-01 dt=5.785775e-05
elapsed=2.323747e+03 cycle=2049 time=1.191793e-01 dt=5.785741e-05
elapsed=2.324732e+03 cycle=2050 time=1.192372e-01 dt=5.785709e-05
elapsed=2.325699e+03 cycle=2051 time=1.192950e-01 dt=5.785676e-05
elapsed=2.326649e+03 cycle=2052 time=1.193529e-01 dt=5.785644e-05
elapsed=2.327616e+03 cycle=2053 time=1.194107e-01 dt=5.785613e-05
elapsed=2.328578e+03 cycle=2054 time=1.194686e-01 dt=5.785582e-05
elapsed=2.329545e+03 cycle=2055 time=1.195264e-01 dt=5.785552e-05
elapsed=2.330526e+03 cycle=2056 time=1.195843e-01 dt=5.785524e-05
elapsed=2.331476e+03 cycle=2057 time=1.196421e-01 dt=5.785498e-05
elapsed=2.332442e+03 cycle=2058 time=1.197000e-01 dt=5.785473e-05
elapsed=2.333389e+03 cycle=2059 time=1.197579e-01 dt=5.785449e-05
elapsed=2.334338e+03 cycle=2060 time=1.198157e-01 dt=5.785424e-05
elapsed=2.335306e+03 cycle=2061 time=1.198736e-01 dt=5.785399e-05
elapsed=2.336269e+03 cycle=2062 time=1.199314e-01 dt=5.785375e-05
elapsed=2.337248e+03 cycle=2063 time=1.199893e-01 dt=5.785350e-05
[Tue Dec 30 06:34:00 EST 2025] Found 11 bin files, deleting 1 oldest...
[Tue Dec 30 06:34:02 EST 2025] Kept 10 most recent bin files.
elapsed=2.357697e+03 cycle=2064 time=1.200471e-01 dt=5.785326e-05
elapsed=2.358660e+03 cycle=2065 time=1.201050e-01 dt=5.785303e-05
elapsed=2.359622e+03 cycle=2066 time=1.201628e-01 dt=5.785281e-05
elapsed=2.360602e+03 cycle=2067 time=1.202207e-01 dt=5.785259e-05
elapsed=2.361550e+03 cycle=2068 time=1.202785e-01 dt=5.785237e-05
elapsed=2.362535e+03 cycle=2069 time=1.203364e-01 dt=5.785215e-05
elapsed=2.363497e+03 cycle=2070 time=1.203942e-01 dt=5.785193e-05
elapsed=2.364464e+03 cycle=2071 time=1.204521e-01 dt=5.785171e-05
elapsed=2.365413e+03 cycle=2072 time=1.205099e-01 dt=5.785150e-05
elapsed=2.366381e+03 cycle=2073 time=1.205678e-01 dt=5.785130e-05
elapsed=2.367350e+03 cycle=2074 time=1.206256e-01 dt=5.785110e-05
elapsed=2.368328e+03 cycle=2075 time=1.206835e-01 dt=5.785090e-05
elapsed=2.369288e+03 cycle=2076 time=1.207413e-01 dt=5.785034e-05
elapsed=2.370267e+03 cycle=2077 time=1.207992e-01 dt=5.784970e-05
elapsed=2.371213e+03 cycle=2078 time=1.208570e-01 dt=5.784905e-05
elapsed=2.372306e+03 cycle=2079 time=1.209149e-01 dt=5.784841e-05
elapsed=2.373253e+03 cycle=2080 time=1.209727e-01 dt=5.784777e-05
elapsed=2.374200e+03 cycle=2081 time=1.210306e-01 dt=5.784714e-05
elapsed=2.375149e+03 cycle=2082 time=1.210884e-01 dt=5.784651e-05
elapsed=2.376096e+03 cycle=2083 time=1.211463e-01 dt=5.784588e-05
elapsed=2.377060e+03 cycle=2084 time=1.212041e-01 dt=5.784527e-05
elapsed=2.378028e+03 cycle=2085 time=1.212620e-01 dt=5.784466e-05
elapsed=2.378976e+03 cycle=2086 time=1.213198e-01 dt=5.784404e-05
elapsed=2.379958e+03 cycle=2087 time=1.213777e-01 dt=5.784342e-05
elapsed=2.380930e+03 cycle=2088 time=1.214355e-01 dt=5.784281e-05
elapsed=2.381908e+03 cycle=2089 time=1.214934e-01 dt=5.784219e-05
elapsed=2.382894e+03 cycle=2090 time=1.215512e-01 dt=5.784157e-05
elapsed=2.383842e+03 cycle=2091 time=1.216090e-01 dt=5.784096e-05
elapsed=2.384809e+03 cycle=2092 time=1.216669e-01 dt=5.784034e-05
elapsed=2.385756e+03 cycle=2093 time=1.217247e-01 dt=5.783973e-05
elapsed=2.386704e+03 cycle=2094 time=1.217826e-01 dt=5.783912e-05
elapsed=2.387665e+03 cycle=2095 time=1.218404e-01 dt=5.783852e-05
elapsed=2.388611e+03 cycle=2096 time=1.218982e-01 dt=5.783792e-05
elapsed=2.389577e+03 cycle=2097 time=1.219561e-01 dt=5.783731e-05
elapsed=2.390557e+03 cycle=2098 time=1.220139e-01 dt=5.783671e-05
elapsed=2.391537e+03 cycle=2099 time=1.220717e-01 dt=5.783610e-05
elapsed=2.392629e+03 cycle=2100 time=1.221296e-01 dt=5.783549e-05
elapsed=2.393597e+03 cycle=2101 time=1.221874e-01 dt=5.783489e-05
elapsed=2.394563e+03 cycle=2102 time=1.222453e-01 dt=5.783428e-05
elapsed=2.395511e+03 cycle=2103 time=1.223031e-01 dt=5.783368e-05
elapsed=2.396622e+03 cycle=2104 time=1.223609e-01 dt=5.783308e-05
elapsed=2.397570e+03 cycle=2105 time=1.224188e-01 dt=5.783248e-05
elapsed=2.398539e+03 cycle=2106 time=1.224766e-01 dt=5.783187e-05
elapsed=2.399507e+03 cycle=2107 time=1.225344e-01 dt=5.783126e-05
elapsed=2.400488e+03 cycle=2108 time=1.225923e-01 dt=5.783066e-05
elapsed=2.401450e+03 cycle=2109 time=1.226501e-01 dt=5.783004e-05
elapsed=2.402561e+03 cycle=2110 time=1.227079e-01 dt=5.782942e-05
elapsed=2.403523e+03 cycle=2111 time=1.227657e-01 dt=5.782879e-05
elapsed=2.404493e+03 cycle=2112 time=1.228236e-01 dt=5.782817e-05
elapsed=2.405605e+03 cycle=2113 time=1.228814e-01 dt=5.782755e-05
elapsed=2.406568e+03 cycle=2114 time=1.229392e-01 dt=5.782692e-05
elapsed=2.407531e+03 cycle=2115 time=1.229971e-01 dt=5.782630e-05
elapsed=2.408484e+03 cycle=2116 time=1.230549e-01 dt=5.782567e-05
elapsed=2.409432e+03 cycle=2117 time=1.231127e-01 dt=5.782505e-05
elapsed=2.410395e+03 cycle=2118 time=1.231705e-01 dt=5.782444e-05
elapsed=2.411361e+03 cycle=2119 time=1.232284e-01 dt=5.782382e-05
elapsed=2.412322e+03 cycle=2120 time=1.232862e-01 dt=5.782322e-05
elapsed=2.413434e+03 cycle=2121 time=1.233440e-01 dt=5.782261e-05
elapsed=2.414394e+03 cycle=2122 time=1.234018e-01 dt=5.782200e-05
elapsed=2.415340e+03 cycle=2123 time=1.234596e-01 dt=5.782139e-05
elapsed=2.416290e+03 cycle=2124 time=1.235175e-01 dt=5.782080e-05
elapsed=2.417240e+03 cycle=2125 time=1.235753e-01 dt=5.782020e-05
elapsed=2.418205e+03 cycle=2126 time=1.236331e-01 dt=5.781961e-05
elapsed=2.419170e+03 cycle=2127 time=1.236909e-01 dt=5.781902e-05
elapsed=2.420135e+03 cycle=2128 time=1.237487e-01 dt=5.781844e-05
elapsed=2.421245e+03 cycle=2129 time=1.238066e-01 dt=5.781787e-05
elapsed=2.422204e+03 cycle=2130 time=1.238644e-01 dt=5.781729e-05
elapsed=2.423165e+03 cycle=2131 time=1.239222e-01 dt=5.781671e-05
elapsed=2.424145e+03 cycle=2132 time=1.239800e-01 dt=5.781613e-05
elapsed=2.425114e+03 cycle=2133 time=1.240378e-01 dt=5.781556e-05
elapsed=2.426078e+03 cycle=2134 time=1.240956e-01 dt=5.781497e-05
elapsed=2.427045e+03 cycle=2135 time=1.241535e-01 dt=5.781437e-05
elapsed=2.427998e+03 cycle=2136 time=1.242113e-01 dt=5.781377e-05
elapsed=2.428959e+03 cycle=2137 time=1.242691e-01 dt=5.781318e-05
elapsed=2.429930e+03 cycle=2138 time=1.243269e-01 dt=5.781262e-05
elapsed=2.430909e+03 cycle=2139 time=1.243847e-01 dt=5.781208e-05
elapsed=2.431875e+03 cycle=2140 time=1.244425e-01 dt=5.781155e-05
elapsed=2.432824e+03 cycle=2141 time=1.245003e-01 dt=5.781103e-05
elapsed=2.433773e+03 cycle=2142 time=1.245582e-01 dt=5.781054e-05
elapsed=2.434733e+03 cycle=2143 time=1.246160e-01 dt=5.781005e-05
elapsed=2.435843e+03 cycle=2144 time=1.246738e-01 dt=5.780956e-05
elapsed=2.436790e+03 cycle=2145 time=1.247316e-01 dt=5.780907e-05
elapsed=2.437753e+03 cycle=2146 time=1.247894e-01 dt=5.780858e-05
elapsed=2.438715e+03 cycle=2147 time=1.248472e-01 dt=5.780811e-05
elapsed=2.439677e+03 cycle=2148 time=1.249050e-01 dt=5.780766e-05
elapsed=2.440640e+03 cycle=2149 time=1.249628e-01 dt=5.780721e-05
elapsed=2.441620e+03 cycle=2150 time=1.250206e-01 dt=5.780676e-05
elapsed=2.442568e+03 cycle=2151 time=1.250784e-01 dt=5.780631e-05
elapsed=2.443533e+03 cycle=2152 time=1.251362e-01 dt=5.780586e-05
elapsed=2.444482e+03 cycle=2153 time=1.251940e-01 dt=5.780542e-05
elapsed=2.445446e+03 cycle=2154 time=1.252518e-01 dt=5.780498e-05
elapsed=2.446394e+03 cycle=2155 time=1.253097e-01 dt=5.780454e-05
elapsed=2.447355e+03 cycle=2156 time=1.253675e-01 dt=5.780411e-05
elapsed=2.448318e+03 cycle=2157 time=1.254253e-01 dt=5.780367e-05
elapsed=2.449285e+03 cycle=2158 time=1.254831e-01 dt=5.780323e-05
elapsed=2.450253e+03 cycle=2159 time=1.255409e-01 dt=5.780279e-05
elapsed=2.451217e+03 cycle=2160 time=1.255987e-01 dt=5.780237e-05
elapsed=2.452165e+03 cycle=2161 time=1.256565e-01 dt=5.780196e-05
elapsed=2.453135e+03 cycle=2162 time=1.257143e-01 dt=5.780155e-05
elapsed=2.454082e+03 cycle=2163 time=1.257721e-01 dt=5.780114e-05
elapsed=2.455063e+03 cycle=2164 time=1.258299e-01 dt=5.780074e-05
elapsed=2.456048e+03 cycle=2165 time=1.258877e-01 dt=5.780036e-05
elapsed=2.457028e+03 cycle=2166 time=1.259455e-01 dt=5.780001e-05
elapsed=2.457995e+03 cycle=2167 time=1.260033e-01 dt=5.779967e-05
elapsed=2.458957e+03 cycle=2168 time=1.260611e-01 dt=5.779933e-05
elapsed=2.459919e+03 cycle=2169 time=1.261189e-01 dt=5.779900e-05
elapsed=2.460889e+03 cycle=2170 time=1.261767e-01 dt=5.779866e-05
elapsed=2.461855e+03 cycle=2171 time=1.262345e-01 dt=5.779832e-05
elapsed=2.462826e+03 cycle=2172 time=1.262923e-01 dt=5.779798e-05
elapsed=2.463785e+03 cycle=2173 time=1.263501e-01 dt=5.779763e-05
elapsed=2.464751e+03 cycle=2174 time=1.264079e-01 dt=5.779729e-05
elapsed=2.465717e+03 cycle=2175 time=1.264657e-01 dt=5.779695e-05
elapsed=2.466676e+03 cycle=2176 time=1.265235e-01 dt=5.779662e-05
elapsed=2.467625e+03 cycle=2177 time=1.265813e-01 dt=5.779630e-05
elapsed=2.468585e+03 cycle=2178 time=1.266391e-01 dt=5.779600e-05
elapsed=2.469554e+03 cycle=2179 time=1.266969e-01 dt=5.779571e-05
elapsed=2.470521e+03 cycle=2180 time=1.267546e-01 dt=5.779541e-05
elapsed=2.471489e+03 cycle=2181 time=1.268124e-01 dt=5.779514e-05
elapsed=2.472600e+03 cycle=2182 time=1.268702e-01 dt=5.779488e-05
elapsed=2.473582e+03 cycle=2183 time=1.269280e-01 dt=5.779461e-05
elapsed=2.474551e+03 cycle=2184 time=1.269858e-01 dt=5.779435e-05
elapsed=2.475511e+03 cycle=2185 time=1.270436e-01 dt=5.779409e-05
elapsed=2.476460e+03 cycle=2186 time=1.271014e-01 dt=5.779383e-05
elapsed=2.477427e+03 cycle=2187 time=1.271592e-01 dt=5.779357e-05
elapsed=2.478406e+03 cycle=2188 time=1.272170e-01 dt=5.779331e-05
elapsed=2.479351e+03 cycle=2189 time=1.272748e-01 dt=5.779306e-05
elapsed=2.480463e+03 cycle=2190 time=1.273326e-01 dt=5.779278e-05
elapsed=2.481430e+03 cycle=2191 time=1.273904e-01 dt=5.779250e-05
elapsed=2.482412e+03 cycle=2192 time=1.274482e-01 dt=5.779222e-05
elapsed=2.483383e+03 cycle=2193 time=1.275060e-01 dt=5.779193e-05
elapsed=2.484364e+03 cycle=2194 time=1.275638e-01 dt=5.779164e-05
elapsed=2.485312e+03 cycle=2195 time=1.276216e-01 dt=5.779136e-05
elapsed=2.486259e+03 cycle=2196 time=1.276793e-01 dt=5.779108e-05
elapsed=2.487226e+03 cycle=2197 time=1.277371e-01 dt=5.779079e-05
elapsed=2.488174e+03 cycle=2198 time=1.277949e-01 dt=5.779051e-05
elapsed=2.489154e+03 cycle=2199 time=1.278527e-01 dt=5.779023e-05
elapsed=2.490117e+03 cycle=2200 time=1.279105e-01 dt=5.778995e-05
elapsed=2.491083e+03 cycle=2201 time=1.279683e-01 dt=5.778968e-05
elapsed=2.492062e+03 cycle=2202 time=1.280261e-01 dt=5.778940e-05
elapsed=2.493029e+03 cycle=2203 time=1.280839e-01 dt=5.778914e-05
elapsed=2.494010e+03 cycle=2204 time=1.281417e-01 dt=5.778888e-05
elapsed=2.494970e+03 cycle=2205 time=1.281995e-01 dt=5.778862e-05
elapsed=2.495941e+03 cycle=2206 time=1.282572e-01 dt=5.778836e-05
elapsed=2.497033e+03 cycle=2207 time=1.283150e-01 dt=5.778811e-05
elapsed=2.498006e+03 cycle=2208 time=1.283728e-01 dt=5.778785e-05
elapsed=2.498956e+03 cycle=2209 time=1.284306e-01 dt=5.778761e-05
elapsed=2.499935e+03 cycle=2210 time=1.284884e-01 dt=5.778737e-05
elapsed=2.500884e+03 cycle=2211 time=1.285462e-01 dt=5.778714e-05
elapsed=2.501835e+03 cycle=2212 time=1.286040e-01 dt=5.778690e-05
elapsed=2.502823e+03 cycle=2213 time=1.286618e-01 dt=5.778666e-05
elapsed=2.503789e+03 cycle=2214 time=1.287195e-01 dt=5.778643e-05
elapsed=2.504774e+03 cycle=2215 time=1.287773e-01 dt=5.778620e-05
elapsed=2.505721e+03 cycle=2216 time=1.288351e-01 dt=5.778598e-05
elapsed=2.506700e+03 cycle=2217 time=1.288929e-01 dt=5.778575e-05
elapsed=2.507648e+03 cycle=2218 time=1.289507e-01 dt=5.778553e-05
elapsed=2.508738e+03 cycle=2219 time=1.290085e-01 dt=5.778531e-05
elapsed=2.509704e+03 cycle=2220 time=1.290663e-01 dt=5.778509e-05
elapsed=2.510651e+03 cycle=2221 time=1.291240e-01 dt=5.778487e-05
elapsed=2.511633e+03 cycle=2222 time=1.291818e-01 dt=5.778465e-05
elapsed=2.512599e+03 cycle=2223 time=1.292396e-01 dt=5.778442e-05
elapsed=2.513691e+03 cycle=2224 time=1.292974e-01 dt=5.778420e-05
elapsed=2.514658e+03 cycle=2225 time=1.293552e-01 dt=5.778397e-05
elapsed=2.515624e+03 cycle=2226 time=1.294130e-01 dt=5.778375e-05
elapsed=2.516590e+03 cycle=2227 time=1.294707e-01 dt=5.778352e-05
elapsed=2.517571e+03 cycle=2228 time=1.295285e-01 dt=5.778330e-05
elapsed=2.518537e+03 cycle=2229 time=1.295863e-01 dt=5.778307e-05
elapsed=2.519504e+03 cycle=2230 time=1.296441e-01 dt=5.778285e-05
elapsed=2.520484e+03 cycle=2231 time=1.297019e-01 dt=5.778262e-05
elapsed=2.521449e+03 cycle=2232 time=1.297597e-01 dt=5.778240e-05
elapsed=2.522562e+03 cycle=2233 time=1.298174e-01 dt=5.778218e-05
elapsed=2.523543e+03 cycle=2234 time=1.298752e-01 dt=5.778198e-05
elapsed=2.524524e+03 cycle=2235 time=1.299330e-01 dt=5.778177e-05
elapsed=2.525503e+03 cycle=2236 time=1.299908e-01 dt=5.778156e-05
[Tue Dec 30 06:37:02 EST 2025] Found 11 bin files, deleting 1 oldest...
[Tue Dec 30 06:37:04 EST 2025] Kept 10 most recent bin files.
elapsed=2.546298e+03 cycle=2237 time=1.300486e-01 dt=5.778136e-05
elapsed=2.547263e+03 cycle=2238 time=1.301064e-01 dt=5.778117e-05
elapsed=2.548224e+03 cycle=2239 time=1.301641e-01 dt=5.778099e-05
elapsed=2.549188e+03 cycle=2240 time=1.302219e-01 dt=5.778081e-05
elapsed=2.550134e+03 cycle=2241 time=1.302797e-01 dt=5.778062e-05
elapsed=2.551086e+03 cycle=2242 time=1.303375e-01 dt=5.778044e-05
elapsed=2.552051e+03 cycle=2243 time=1.303953e-01 dt=5.778026e-05
elapsed=2.553011e+03 cycle=2244 time=1.304530e-01 dt=5.778009e-05
elapsed=2.553957e+03 cycle=2245 time=1.305108e-01 dt=5.777992e-05
elapsed=2.554907e+03 cycle=2246 time=1.305686e-01 dt=5.777976e-05
elapsed=2.555867e+03 cycle=2247 time=1.306264e-01 dt=5.777959e-05
elapsed=2.556834e+03 cycle=2248 time=1.306842e-01 dt=5.777943e-05
elapsed=2.557781e+03 cycle=2249 time=1.307419e-01 dt=5.777926e-05
elapsed=2.558745e+03 cycle=2250 time=1.307997e-01 dt=5.777909e-05
elapsed=2.559695e+03 cycle=2251 time=1.308575e-01 dt=5.777891e-05
elapsed=2.560645e+03 cycle=2252 time=1.309153e-01 dt=5.777873e-05
elapsed=2.561610e+03 cycle=2253 time=1.309731e-01 dt=5.777855e-05
elapsed=2.562557e+03 cycle=2254 time=1.310308e-01 dt=5.777839e-05
elapsed=2.563505e+03 cycle=2255 time=1.310886e-01 dt=5.777825e-05
elapsed=2.564476e+03 cycle=2256 time=1.311464e-01 dt=5.777812e-05
elapsed=2.565568e+03 cycle=2257 time=1.312042e-01 dt=5.777800e-05
elapsed=2.566535e+03 cycle=2258 time=1.312619e-01 dt=5.777789e-05
elapsed=2.567501e+03 cycle=2259 time=1.313197e-01 dt=5.777778e-05
elapsed=2.568483e+03 cycle=2260 time=1.313775e-01 dt=5.777767e-05
elapsed=2.569450e+03 cycle=2261 time=1.314353e-01 dt=5.777757e-05
elapsed=2.570419e+03 cycle=2262 time=1.314931e-01 dt=5.777745e-05
elapsed=2.571385e+03 cycle=2263 time=1.315508e-01 dt=5.777735e-05
elapsed=2.572347e+03 cycle=2264 time=1.316086e-01 dt=5.777725e-05
elapsed=2.573314e+03 cycle=2265 time=1.316664e-01 dt=5.777714e-05
elapsed=2.574276e+03 cycle=2266 time=1.317242e-01 dt=5.777703e-05
elapsed=2.575224e+03 cycle=2267 time=1.317819e-01 dt=5.777692e-05
elapsed=2.576189e+03 cycle=2268 time=1.318397e-01 dt=5.777680e-05
elapsed=2.577153e+03 cycle=2269 time=1.318975e-01 dt=5.777668e-05
elapsed=2.578263e+03 cycle=2270 time=1.319553e-01 dt=5.777656e-05
elapsed=2.579243e+03 cycle=2271 time=1.320130e-01 dt=5.777644e-05
elapsed=2.580210e+03 cycle=2272 time=1.320708e-01 dt=5.777631e-05
elapsed=2.581176e+03 cycle=2273 time=1.321286e-01 dt=5.777619e-05
elapsed=2.582140e+03 cycle=2274 time=1.321864e-01 dt=5.777606e-05
elapsed=2.583118e+03 cycle=2275 time=1.322442e-01 dt=5.777593e-05
elapsed=2.584102e+03 cycle=2276 time=1.323019e-01 dt=5.777581e-05
elapsed=2.585066e+03 cycle=2277 time=1.323597e-01 dt=5.777569e-05
elapsed=2.586049e+03 cycle=2278 time=1.324175e-01 dt=5.777556e-05
elapsed=2.587017e+03 cycle=2279 time=1.324753e-01 dt=5.777544e-05
elapsed=2.587978e+03 cycle=2280 time=1.325330e-01 dt=5.777532e-05
elapsed=2.588960e+03 cycle=2281 time=1.325908e-01 dt=5.777521e-05
elapsed=2.589908e+03 cycle=2282 time=1.326486e-01 dt=5.777509e-05
elapsed=2.590871e+03 cycle=2283 time=1.327064e-01 dt=5.777497e-05
elapsed=2.591820e+03 cycle=2284 time=1.327641e-01 dt=5.777486e-05
elapsed=2.592784e+03 cycle=2285 time=1.328219e-01 dt=5.777475e-05
elapsed=2.593896e+03 cycle=2286 time=1.328797e-01 dt=5.777465e-05
elapsed=2.594843e+03 cycle=2287 time=1.329375e-01 dt=5.777457e-05
elapsed=2.595792e+03 cycle=2288 time=1.329952e-01 dt=5.777449e-05
elapsed=2.596745e+03 cycle=2289 time=1.330530e-01 dt=5.777443e-05
elapsed=2.597692e+03 cycle=2290 time=1.331108e-01 dt=5.777436e-05
elapsed=2.598785e+03 cycle=2291 time=1.331686e-01 dt=5.777427e-05
elapsed=2.599733e+03 cycle=2292 time=1.332263e-01 dt=5.777419e-05
elapsed=2.600699e+03 cycle=2293 time=1.332841e-01 dt=5.777413e-05
elapsed=2.601684e+03 cycle=2294 time=1.333419e-01 dt=5.777409e-05
elapsed=2.602646e+03 cycle=2295 time=1.333997e-01 dt=5.777403e-05
elapsed=2.603614e+03 cycle=2296 time=1.334574e-01 dt=5.777397e-05
elapsed=2.604580e+03 cycle=2297 time=1.335152e-01 dt=5.777391e-05
elapsed=2.605540e+03 cycle=2298 time=1.335730e-01 dt=5.777385e-05
elapsed=2.606506e+03 cycle=2299 time=1.336307e-01 dt=5.777378e-05
elapsed=2.607467e+03 cycle=2300 time=1.336885e-01 dt=5.777371e-05
elapsed=2.608447e+03 cycle=2301 time=1.337463e-01 dt=5.777364e-05
elapsed=2.609408e+03 cycle=2302 time=1.338041e-01 dt=5.777355e-05
elapsed=2.610374e+03 cycle=2303 time=1.338618e-01 dt=5.777347e-05
elapsed=2.611489e+03 cycle=2304 time=1.339196e-01 dt=5.777338e-05
elapsed=2.612582e+03 cycle=2305 time=1.339774e-01 dt=5.777330e-05
elapsed=2.613692e+03 cycle=2306 time=1.340352e-01 dt=5.777320e-05
elapsed=2.614640e+03 cycle=2307 time=1.340929e-01 dt=5.777310e-05
elapsed=2.615607e+03 cycle=2308 time=1.341507e-01 dt=5.777299e-05
elapsed=2.616573e+03 cycle=2309 time=1.342085e-01 dt=5.777288e-05
elapsed=2.617541e+03 cycle=2310 time=1.342663e-01 dt=5.777277e-05
elapsed=2.618511e+03 cycle=2311 time=1.343240e-01 dt=5.777266e-05
elapsed=2.619475e+03 cycle=2312 time=1.343818e-01 dt=5.777256e-05
elapsed=2.620437e+03 cycle=2313 time=1.344396e-01 dt=5.777246e-05
elapsed=2.621383e+03 cycle=2314 time=1.344973e-01 dt=5.777236e-05
elapsed=2.622346e+03 cycle=2315 time=1.345551e-01 dt=5.777226e-05
elapsed=2.623313e+03 cycle=2316 time=1.346129e-01 dt=5.777218e-05
elapsed=2.624275e+03 cycle=2317 time=1.346707e-01 dt=5.777209e-05
elapsed=2.625237e+03 cycle=2318 time=1.347284e-01 dt=5.777201e-05
elapsed=2.626183e+03 cycle=2319 time=1.347862e-01 dt=5.777193e-05
elapsed=2.627150e+03 cycle=2320 time=1.348440e-01 dt=5.777184e-05
elapsed=2.628116e+03 cycle=2321 time=1.349017e-01 dt=5.777174e-05
elapsed=2.629084e+03 cycle=2322 time=1.349595e-01 dt=5.777165e-05
elapsed=2.630045e+03 cycle=2323 time=1.350173e-01 dt=5.777156e-05
elapsed=2.630994e+03 cycle=2324 time=1.350751e-01 dt=5.777148e-05
elapsed=2.631961e+03 cycle=2325 time=1.351328e-01 dt=5.777141e-05
elapsed=2.632927e+03 cycle=2326 time=1.351906e-01 dt=5.777134e-05
elapsed=2.633907e+03 cycle=2327 time=1.352484e-01 dt=5.777126e-05
elapsed=2.634855e+03 cycle=2328 time=1.353061e-01 dt=5.777119e-05
elapsed=2.635835e+03 cycle=2329 time=1.353639e-01 dt=5.777113e-05
elapsed=2.636782e+03 cycle=2330 time=1.354217e-01 dt=5.777107e-05
elapsed=2.637745e+03 cycle=2331 time=1.354795e-01 dt=5.777101e-05
elapsed=2.638692e+03 cycle=2332 time=1.355372e-01 dt=5.777096e-05
elapsed=2.639804e+03 cycle=2333 time=1.355950e-01 dt=5.777092e-05
elapsed=2.640784e+03 cycle=2334 time=1.356528e-01 dt=5.777089e-05
elapsed=2.641763e+03 cycle=2335 time=1.357105e-01 dt=5.777087e-05
elapsed=2.642729e+03 cycle=2336 time=1.357683e-01 dt=5.777085e-05
elapsed=2.643692e+03 cycle=2337 time=1.358261e-01 dt=5.777084e-05
elapsed=2.644642e+03 cycle=2338 time=1.358839e-01 dt=5.777084e-05
elapsed=2.645604e+03 cycle=2339 time=1.359416e-01 dt=5.777085e-05
elapsed=2.646573e+03 cycle=2340 time=1.359994e-01 dt=5.777087e-05
elapsed=2.647543e+03 cycle=2341 time=1.360572e-01 dt=5.777089e-05
elapsed=2.648489e+03 cycle=2342 time=1.361149e-01 dt=5.777091e-05
elapsed=2.649458e+03 cycle=2343 time=1.361727e-01 dt=5.777094e-05
elapsed=2.650437e+03 cycle=2344 time=1.362305e-01 dt=5.777096e-05
elapsed=2.651402e+03 cycle=2345 time=1.362883e-01 dt=5.777100e-05
elapsed=2.652349e+03 cycle=2346 time=1.363460e-01 dt=5.777106e-05
elapsed=2.653330e+03 cycle=2347 time=1.364038e-01 dt=5.777113e-05
elapsed=2.654298e+03 cycle=2348 time=1.364616e-01 dt=5.777121e-05
elapsed=2.655261e+03 cycle=2349 time=1.365193e-01 dt=5.777129e-05
elapsed=2.656223e+03 cycle=2350 time=1.365771e-01 dt=5.777139e-05
elapsed=2.657172e+03 cycle=2351 time=1.366349e-01 dt=5.777149e-05
elapsed=2.658149e+03 cycle=2352 time=1.366927e-01 dt=5.777159e-05
elapsed=2.659265e+03 cycle=2353 time=1.367504e-01 dt=5.777170e-05
elapsed=2.660355e+03 cycle=2354 time=1.368082e-01 dt=5.777182e-05
elapsed=2.661337e+03 cycle=2355 time=1.368660e-01 dt=5.777193e-05
elapsed=2.662449e+03 cycle=2356 time=1.369237e-01 dt=5.777204e-05
elapsed=2.663411e+03 cycle=2357 time=1.369815e-01 dt=5.777216e-05
elapsed=2.664392e+03 cycle=2358 time=1.370393e-01 dt=5.777227e-05
elapsed=2.665342e+03 cycle=2359 time=1.370971e-01 dt=5.777238e-05
elapsed=2.666309e+03 cycle=2360 time=1.371548e-01 dt=5.777250e-05
elapsed=2.667257e+03 cycle=2361 time=1.372126e-01 dt=5.777263e-05
elapsed=2.668223e+03 cycle=2362 time=1.372704e-01 dt=5.777278e-05
elapsed=2.669187e+03 cycle=2363 time=1.373281e-01 dt=5.777292e-05
elapsed=2.670134e+03 cycle=2364 time=1.373859e-01 dt=5.777306e-05
elapsed=2.671245e+03 cycle=2365 time=1.374437e-01 dt=5.777320e-05
elapsed=2.672189e+03 cycle=2366 time=1.375015e-01 dt=5.777335e-05
elapsed=2.673152e+03 cycle=2367 time=1.375592e-01 dt=5.777348e-05
elapsed=2.674118e+03 cycle=2368 time=1.376170e-01 dt=5.777362e-05
elapsed=2.675211e+03 cycle=2369 time=1.376748e-01 dt=5.777375e-05
elapsed=2.676180e+03 cycle=2370 time=1.377326e-01 dt=5.777389e-05
elapsed=2.677145e+03 cycle=2371 time=1.377903e-01 dt=5.777402e-05
elapsed=2.678114e+03 cycle=2372 time=1.378481e-01 dt=5.777415e-05
elapsed=2.679084e+03 cycle=2373 time=1.379059e-01 dt=5.777429e-05
elapsed=2.680063e+03 cycle=2374 time=1.379637e-01 dt=5.777444e-05
elapsed=2.681014e+03 cycle=2375 time=1.380214e-01 dt=5.777462e-05
elapsed=2.681965e+03 cycle=2376 time=1.380792e-01 dt=5.777482e-05
elapsed=2.682926e+03 cycle=2377 time=1.381370e-01 dt=5.777503e-05
elapsed=2.683875e+03 cycle=2378 time=1.381948e-01 dt=5.777524e-05
elapsed=2.684836e+03 cycle=2379 time=1.382525e-01 dt=5.777546e-05
elapsed=2.685800e+03 cycle=2380 time=1.383103e-01 dt=5.777567e-05
elapsed=2.686761e+03 cycle=2381 time=1.383681e-01 dt=5.777589e-05
elapsed=2.687709e+03 cycle=2382 time=1.384259e-01 dt=5.777610e-05
elapsed=2.688674e+03 cycle=2383 time=1.384836e-01 dt=5.777632e-05
elapsed=2.689641e+03 cycle=2384 time=1.385414e-01 dt=5.777655e-05
elapsed=2.690608e+03 cycle=2385 time=1.385992e-01 dt=5.777679e-05
elapsed=2.691593e+03 cycle=2386 time=1.386570e-01 dt=5.777703e-05
elapsed=2.692558e+03 cycle=2387 time=1.387147e-01 dt=5.777727e-05
elapsed=2.693505e+03 cycle=2388 time=1.387725e-01 dt=5.777751e-05
elapsed=2.694597e+03 cycle=2389 time=1.388303e-01 dt=5.777776e-05
elapsed=2.695545e+03 cycle=2390 time=1.388881e-01 dt=5.777800e-05
elapsed=2.696512e+03 cycle=2391 time=1.389459e-01 dt=5.777825e-05
elapsed=2.697473e+03 cycle=2392 time=1.390036e-01 dt=5.777850e-05
elapsed=2.698443e+03 cycle=2393 time=1.390614e-01 dt=5.777875e-05
elapsed=2.699427e+03 cycle=2394 time=1.391192e-01 dt=5.777899e-05
elapsed=2.700407e+03 cycle=2395 time=1.391770e-01 dt=5.777923e-05
elapsed=2.701372e+03 cycle=2396 time=1.392347e-01 dt=5.777947e-05
elapsed=2.702319e+03 cycle=2397 time=1.392925e-01 dt=5.777971e-05
elapsed=2.703410e+03 cycle=2398 time=1.393503e-01 dt=5.777996e-05
elapsed=2.704376e+03 cycle=2399 time=1.394081e-01 dt=5.778020e-05
elapsed=2.705356e+03 cycle=2400 time=1.394659e-01 dt=5.778044e-05
elapsed=2.706304e+03 cycle=2401 time=1.395236e-01 dt=5.778068e-05
elapsed=2.707272e+03 cycle=2402 time=1.395814e-01 dt=5.778093e-05
elapsed=2.708221e+03 cycle=2403 time=1.396392e-01 dt=5.778118e-05
elapsed=2.709188e+03 cycle=2404 time=1.396970e-01 dt=5.778144e-05
elapsed=2.710138e+03 cycle=2405 time=1.397548e-01 dt=5.778169e-05
elapsed=2.711085e+03 cycle=2406 time=1.398126e-01 dt=5.778195e-05
elapsed=2.712034e+03 cycle=2407 time=1.398703e-01 dt=5.778220e-05
elapsed=2.713017e+03 cycle=2408 time=1.399281e-01 dt=5.778244e-05
elapsed=2.713985e+03 cycle=2409 time=1.399859e-01 dt=5.778269e-05
elapsed=2.734378e+03 cycle=2410 time=1.400437e-01 dt=5.778293e-05
elapsed=2.735327e+03 cycle=2411 time=1.401015e-01 dt=5.778318e-05
elapsed=2.736307e+03 cycle=2412 time=1.401592e-01 dt=5.778343e-05
elapsed=2.737256e+03 cycle=2413 time=1.402170e-01 dt=5.778370e-05
elapsed=2.738202e+03 cycle=2414 time=1.402748e-01 dt=5.778399e-05
elapsed=2.739171e+03 cycle=2415 time=1.403326e-01 dt=5.778430e-05
elapsed=2.740264e+03 cycle=2416 time=1.403904e-01 dt=5.778461e-05
elapsed=2.741229e+03 cycle=2417 time=1.404482e-01 dt=5.778493e-05
elapsed=2.742178e+03 cycle=2418 time=1.405060e-01 dt=5.778524e-05
elapsed=2.743157e+03 cycle=2419 time=1.405637e-01 dt=5.778556e-05
elapsed=2.744118e+03 cycle=2420 time=1.406215e-01 dt=5.778587e-05
elapsed=2.745087e+03 cycle=2421 time=1.406793e-01 dt=5.778619e-05
elapsed=2.746035e+03 cycle=2422 time=1.407371e-01 dt=5.778651e-05
elapsed=2.747146e+03 cycle=2423 time=1.407949e-01 dt=5.778670e-05
elapsed=2.748116e+03 cycle=2424 time=1.408527e-01 dt=5.778638e-05
elapsed=2.749064e+03 cycle=2425 time=1.409105e-01 dt=5.778608e-05
elapsed=2.750014e+03 cycle=2426 time=1.409682e-01 dt=5.778578e-05
elapsed=2.750993e+03 cycle=2427 time=1.410260e-01 dt=5.778549e-05
elapsed=2.751961e+03 cycle=2428 time=1.410838e-01 dt=5.778521e-05
elapsed=2.752923e+03 cycle=2429 time=1.411416e-01 dt=5.778494e-05
elapsed=2.753905e+03 cycle=2430 time=1.411994e-01 dt=5.778467e-05
elapsed=2.754867e+03 cycle=2431 time=1.412572e-01 dt=5.778440e-05
elapsed=2.755829e+03 cycle=2432 time=1.413150e-01 dt=5.778414e-05
elapsed=2.756815e+03 cycle=2433 time=1.413727e-01 dt=5.778387e-05
elapsed=2.757781e+03 cycle=2434 time=1.414305e-01 dt=5.778361e-05
elapsed=2.758749e+03 cycle=2435 time=1.414883e-01 dt=5.778334e-05
elapsed=2.759735e+03 cycle=2436 time=1.415461e-01 dt=5.778308e-05
elapsed=2.760683e+03 cycle=2437 time=1.416039e-01 dt=5.778281e-05
elapsed=2.761647e+03 cycle=2438 time=1.416617e-01 dt=5.778253e-05
elapsed=2.762597e+03 cycle=2439 time=1.417194e-01 dt=5.778225e-05
elapsed=2.763565e+03 cycle=2440 time=1.417772e-01 dt=5.778197e-05
elapsed=2.764534e+03 cycle=2441 time=1.418350e-01 dt=5.778165e-05
elapsed=2.765499e+03 cycle=2442 time=1.418928e-01 dt=5.778131e-05
elapsed=2.766447e+03 cycle=2443 time=1.419506e-01 dt=5.778097e-05
elapsed=2.767427e+03 cycle=2444 time=1.420083e-01 dt=5.778063e-05
elapsed=2.768375e+03 cycle=2445 time=1.420661e-01 dt=5.778029e-05
elapsed=2.769344e+03 cycle=2446 time=1.421239e-01 dt=5.777994e-05
elapsed=2.770292e+03 cycle=2447 time=1.421817e-01 dt=5.777960e-05
elapsed=2.771255e+03 cycle=2448 time=1.422395e-01 dt=5.777927e-05
elapsed=2.772226e+03 cycle=2449 time=1.422972e-01 dt=5.777892e-05
elapsed=2.773190e+03 cycle=2450 time=1.423550e-01 dt=5.777858e-05
elapsed=2.774157e+03 cycle=2451 time=1.424128e-01 dt=5.777825e-05
elapsed=2.775103e+03 cycle=2452 time=1.424706e-01 dt=5.777787e-05
[Tue Dec 30 06:41:05 EST 2025] Found 11 bin files, deleting 1 oldest...
elapsed=2.776086e+03 cycle=2453 time=1.425284e-01 dt=5.777686e-05
elapsed=2.777051e+03 cycle=2454 time=1.425861e-01 dt=5.777585e-05
[Tue Dec 30 06:41:06 EST 2025] Kept 10 most recent bin files.
elapsed=2.778033e+03 cycle=2455 time=1.426439e-01 dt=5.777485e-05
elapsed=2.778997e+03 cycle=2456 time=1.427017e-01 dt=5.777386e-05
elapsed=2.779960e+03 cycle=2457 time=1.427595e-01 dt=5.777286e-05
elapsed=2.780920e+03 cycle=2458 time=1.428172e-01 dt=5.777186e-05
elapsed=2.781886e+03 cycle=2459 time=1.428750e-01 dt=5.777086e-05
elapsed=2.782865e+03 cycle=2460 time=1.429328e-01 dt=5.776986e-05
elapsed=2.783814e+03 cycle=2461 time=1.429905e-01 dt=5.776886e-05
elapsed=2.784764e+03 cycle=2462 time=1.430483e-01 dt=5.776785e-05
elapsed=2.785730e+03 cycle=2463 time=1.431061e-01 dt=5.776685e-05
elapsed=2.786841e+03 cycle=2464 time=1.431638e-01 dt=5.776585e-05
elapsed=2.787821e+03 cycle=2465 time=1.432216e-01 dt=5.776485e-05
elapsed=2.788802e+03 cycle=2466 time=1.432794e-01 dt=5.776385e-05
elapsed=2.789765e+03 cycle=2467 time=1.433371e-01 dt=5.776283e-05
elapsed=2.790730e+03 cycle=2468 time=1.433949e-01 dt=5.776181e-05
elapsed=2.791692e+03 cycle=2469 time=1.434527e-01 dt=5.776078e-05
elapsed=2.792640e+03 cycle=2470 time=1.435104e-01 dt=5.775974e-05
elapsed=2.793588e+03 cycle=2471 time=1.435682e-01 dt=5.775871e-05
elapsed=2.794550e+03 cycle=2472 time=1.436259e-01 dt=5.775768e-05
elapsed=2.795530e+03 cycle=2473 time=1.436837e-01 dt=5.775667e-05
elapsed=2.796476e+03 cycle=2474 time=1.437415e-01 dt=5.775565e-05
elapsed=2.797424e+03 cycle=2475 time=1.437992e-01 dt=5.775464e-05
elapsed=2.798375e+03 cycle=2476 time=1.438570e-01 dt=5.775363e-05
elapsed=2.799336e+03 cycle=2477 time=1.439147e-01 dt=5.775262e-05
elapsed=2.800282e+03 cycle=2478 time=1.439725e-01 dt=5.775160e-05
elapsed=2.801393e+03 cycle=2479 time=1.440302e-01 dt=5.775058e-05
elapsed=2.802484e+03 cycle=2480 time=1.440880e-01 dt=5.774957e-05
elapsed=2.803452e+03 cycle=2481 time=1.441457e-01 dt=5.774855e-05
elapsed=2.804417e+03 cycle=2482 time=1.442035e-01 dt=5.774753e-05
elapsed=2.805383e+03 cycle=2483 time=1.442612e-01 dt=5.774652e-05
elapsed=2.806351e+03 cycle=2484 time=1.443190e-01 dt=5.774553e-05
elapsed=2.807319e+03 cycle=2485 time=1.443767e-01 dt=5.774454e-05
elapsed=2.808298e+03 cycle=2486 time=1.444345e-01 dt=5.774356e-05
elapsed=2.809263e+03 cycle=2487 time=1.444922e-01 dt=5.774258e-05
elapsed=2.810231e+03 cycle=2488 time=1.445499e-01 dt=5.774159e-05
elapsed=2.811194e+03 cycle=2489 time=1.446077e-01 dt=5.774060e-05
elapsed=2.812142e+03 cycle=2490 time=1.446654e-01 dt=5.773963e-05
elapsed=2.813104e+03 cycle=2491 time=1.447232e-01 dt=5.773864e-05
elapsed=2.814066e+03 cycle=2492 time=1.447809e-01 dt=5.773765e-05
elapsed=2.815046e+03 cycle=2493 time=1.448386e-01 dt=5.773665e-05
elapsed=2.816012e+03 cycle=2494 time=1.448964e-01 dt=5.773566e-05
elapsed=2.816980e+03 cycle=2495 time=1.449541e-01 dt=5.773466e-05
elapsed=2.817960e+03 cycle=2496 time=1.450119e-01 dt=5.773365e-05
elapsed=2.818927e+03 cycle=2497 time=1.450696e-01 dt=5.773263e-05
elapsed=2.820037e+03 cycle=2498 time=1.451273e-01 dt=5.773160e-05
elapsed=2.821009e+03 cycle=2499 time=1.451850e-01 dt=5.773056e-05
elapsed=2.821972e+03 cycle=2500 time=1.452428e-01 dt=5.772951e-05
elapsed=2.822918e+03 cycle=2501 time=1.453005e-01 dt=5.772847e-05
elapsed=2.823868e+03 cycle=2502 time=1.453582e-01 dt=5.772743e-05
elapsed=2.824848e+03 cycle=2503 time=1.454160e-01 dt=5.772640e-05
elapsed=2.825818e+03 cycle=2504 time=1.454737e-01 dt=5.772539e-05
elapsed=2.826786e+03 cycle=2505 time=1.455314e-01 dt=5.772438e-05
elapsed=2.827736e+03 cycle=2506 time=1.455891e-01 dt=5.772337e-05
elapsed=2.828704e+03 cycle=2507 time=1.456469e-01 dt=5.772236e-05
elapsed=2.829672e+03 cycle=2508 time=1.457046e-01 dt=5.772136e-05
elapsed=2.830637e+03 cycle=2509 time=1.457623e-01 dt=5.772034e-05
elapsed=2.831597e+03 cycle=2510 time=1.458200e-01 dt=5.771933e-05
elapsed=2.832560e+03 cycle=2511 time=1.458777e-01 dt=5.771831e-05
elapsed=2.833538e+03 cycle=2512 time=1.459355e-01 dt=5.771729e-05
elapsed=2.834506e+03 cycle=2513 time=1.459932e-01 dt=5.771627e-05
elapsed=2.835452e+03 cycle=2514 time=1.460509e-01 dt=5.771525e-05
elapsed=2.836400e+03 cycle=2515 time=1.461086e-01 dt=5.771422e-05
elapsed=2.837379e+03 cycle=2516 time=1.461663e-01 dt=5.771320e-05
elapsed=2.838348e+03 cycle=2517 time=1.462240e-01 dt=5.771218e-05
elapsed=2.839332e+03 cycle=2518 time=1.462818e-01 dt=5.771115e-05
elapsed=2.840295e+03 cycle=2519 time=1.463395e-01 dt=5.771011e-05
elapsed=2.841243e+03 cycle=2520 time=1.463972e-01 dt=5.770906e-05
elapsed=2.842209e+03 cycle=2521 time=1.464549e-01 dt=5.770800e-05
elapsed=2.843178e+03 cycle=2522 time=1.465126e-01 dt=5.770694e-05
elapsed=2.844140e+03 cycle=2523 time=1.465703e-01 dt=5.770589e-05
elapsed=2.845087e+03 cycle=2524 time=1.466280e-01 dt=5.770485e-05
elapsed=2.846036e+03 cycle=2525 time=1.466857e-01 dt=5.770384e-05
elapsed=2.847000e+03 cycle=2526 time=1.467434e-01 dt=5.770284e-05
elapsed=2.847968e+03 cycle=2527 time=1.468011e-01 dt=5.770185e-05
elapsed=2.848933e+03 cycle=2528 time=1.468588e-01 dt=5.770085e-05
elapsed=2.849899e+03 cycle=2529 time=1.469165e-01 dt=5.769986e-05
elapsed=2.850850e+03 cycle=2530 time=1.469742e-01 dt=5.769886e-05
elapsed=2.851964e+03 cycle=2531 time=1.470319e-01 dt=5.769786e-05
elapsed=2.852926e+03 cycle=2532 time=1.470896e-01 dt=5.769688e-05
elapsed=2.853872e+03 cycle=2533 time=1.471473e-01 dt=5.769589e-05
elapsed=2.854818e+03 cycle=2534 time=1.472050e-01 dt=5.769490e-05
elapsed=2.855785e+03 cycle=2535 time=1.472627e-01 dt=5.769391e-05
elapsed=2.856768e+03 cycle=2536 time=1.473204e-01 dt=5.769293e-05
elapsed=2.857748e+03 cycle=2537 time=1.473781e-01 dt=5.769192e-05
elapsed=2.858717e+03 cycle=2538 time=1.474358e-01 dt=5.769089e-05
elapsed=2.859664e+03 cycle=2539 time=1.474935e-01 dt=5.768985e-05
elapsed=2.860610e+03 cycle=2540 time=1.475512e-01 dt=5.768881e-05
elapsed=2.861590e+03 cycle=2541 time=1.476089e-01 dt=5.768777e-05
elapsed=2.862553e+03 cycle=2542 time=1.476665e-01 dt=5.768674e-05
elapsed=2.863520e+03 cycle=2543 time=1.477242e-01 dt=5.768571e-05
elapsed=2.864470e+03 cycle=2544 time=1.477819e-01 dt=5.768469e-05
elapsed=2.865432e+03 cycle=2545 time=1.478396e-01 dt=5.768368e-05
elapsed=2.866395e+03 cycle=2546 time=1.478973e-01 dt=5.768267e-05
elapsed=2.867343e+03 cycle=2547 time=1.479550e-01 dt=5.768167e-05
elapsed=2.868310e+03 cycle=2548 time=1.480126e-01 dt=5.768067e-05
elapsed=2.869277e+03 cycle=2549 time=1.480703e-01 dt=5.767969e-05
elapsed=2.870239e+03 cycle=2550 time=1.481280e-01 dt=5.767873e-05
elapsed=2.871206e+03 cycle=2551 time=1.481857e-01 dt=5.767779e-05
elapsed=2.872176e+03 cycle=2552 time=1.482434e-01 dt=5.767686e-05
elapsed=2.873138e+03 cycle=2553 time=1.483010e-01 dt=5.767594e-05
elapsed=2.874118e+03 cycle=2554 time=1.483587e-01 dt=5.767499e-05
elapsed=2.875066e+03 cycle=2555 time=1.484164e-01 dt=5.767404e-05
elapsed=2.876013e+03 cycle=2556 time=1.484741e-01 dt=5.767309e-05
elapsed=2.876996e+03 cycle=2557 time=1.485317e-01 dt=5.767212e-05
elapsed=2.877946e+03 cycle=2558 time=1.485894e-01 dt=5.767114e-05
elapsed=2.879039e+03 cycle=2559 time=1.486471e-01 dt=5.767016e-05
elapsed=2.880005e+03 cycle=2560 time=1.487048e-01 dt=5.766918e-05
elapsed=2.880953e+03 cycle=2561 time=1.487624e-01 dt=5.766820e-05
elapsed=2.881904e+03 cycle=2562 time=1.488201e-01 dt=5.766721e-05
elapsed=2.882884e+03 cycle=2563 time=1.488778e-01 dt=5.766621e-05
elapsed=2.883863e+03 cycle=2564 time=1.489354e-01 dt=5.766521e-05
elapsed=2.884827e+03 cycle=2565 time=1.489931e-01 dt=5.766422e-05
elapsed=2.885792e+03 cycle=2566 time=1.490508e-01 dt=5.766323e-05
elapsed=2.886738e+03 cycle=2567 time=1.491084e-01 dt=5.766224e-05
elapsed=2.887688e+03 cycle=2568 time=1.491661e-01 dt=5.766124e-05
elapsed=2.888668e+03 cycle=2569 time=1.492237e-01 dt=5.766025e-05
elapsed=2.889637e+03 cycle=2570 time=1.492814e-01 dt=5.765926e-05
elapsed=2.890604e+03 cycle=2571 time=1.493391e-01 dt=5.765829e-05
elapsed=2.891555e+03 cycle=2572 time=1.493967e-01 dt=5.765732e-05
elapsed=2.892501e+03 cycle=2573 time=1.494544e-01 dt=5.765633e-05
elapsed=2.893463e+03 cycle=2574 time=1.495120e-01 dt=5.765534e-05
elapsed=2.894574e+03 cycle=2575 time=1.495697e-01 dt=5.765434e-05
elapsed=2.895554e+03 cycle=2576 time=1.496273e-01 dt=5.765334e-05
elapsed=2.896523e+03 cycle=2577 time=1.496850e-01 dt=5.765232e-05
elapsed=2.897469e+03 cycle=2578 time=1.497426e-01 dt=5.765130e-05
elapsed=2.898450e+03 cycle=2579 time=1.498003e-01 dt=5.765028e-05
elapsed=2.899417e+03 cycle=2580 time=1.498579e-01 dt=5.764926e-05
elapsed=2.900367e+03 cycle=2581 time=1.499156e-01 dt=5.764824e-05
elapsed=2.901317e+03 cycle=2582 time=1.499732e-01 dt=5.764721e-05
elapsed=2.921165e+03 cycle=2583 time=1.500309e-01 dt=5.764619e-05
elapsed=2.922113e+03 cycle=2584 time=1.500885e-01 dt=5.764517e-05
elapsed=2.923096e+03 cycle=2585 time=1.501462e-01 dt=5.764415e-05
elapsed=2.924065e+03 cycle=2586 time=1.502038e-01 dt=5.764314e-05
elapsed=2.925176e+03 cycle=2587 time=1.502615e-01 dt=5.764213e-05
elapsed=2.926138e+03 cycle=2588 time=1.503191e-01 dt=5.764111e-05
elapsed=2.927118e+03 cycle=2589 time=1.503768e-01 dt=5.764010e-05
elapsed=2.928103e+03 cycle=2590 time=1.504344e-01 dt=5.763908e-05
elapsed=2.929064e+03 cycle=2591 time=1.504920e-01 dt=5.763807e-05
elapsed=2.930026e+03 cycle=2592 time=1.505497e-01 dt=5.763706e-05
elapsed=2.930992e+03 cycle=2593 time=1.506073e-01 dt=5.763607e-05
elapsed=2.932102e+03 cycle=2594 time=1.506649e-01 dt=5.763508e-05
elapsed=2.933052e+03 cycle=2595 time=1.507226e-01 dt=5.763409e-05
elapsed=2.934145e+03 cycle=2596 time=1.507802e-01 dt=5.763309e-05
elapsed=2.935258e+03 cycle=2597 time=1.508378e-01 dt=5.763209e-05
elapsed=2.936239e+03 cycle=2598 time=1.508955e-01 dt=5.763109e-05
elapsed=2.937207e+03 cycle=2599 time=1.509531e-01 dt=5.763008e-05
elapsed=2.938171e+03 cycle=2600 time=1.510107e-01 dt=5.762908e-05
elapsed=2.939134e+03 cycle=2601 time=1.510684e-01 dt=5.762808e-05
elapsed=2.940083e+03 cycle=2602 time=1.511260e-01 dt=5.762708e-05
elapsed=2.941064e+03 cycle=2603 time=1.511836e-01 dt=5.762608e-05
elapsed=2.942047e+03 cycle=2604 time=1.512412e-01 dt=5.762508e-05
elapsed=2.942995e+03 cycle=2605 time=1.512989e-01 dt=5.762409e-05
elapsed=2.943969e+03 cycle=2606 time=1.513565e-01 dt=5.762311e-05
elapsed=2.944917e+03 cycle=2607 time=1.514141e-01 dt=5.762212e-05
elapsed=2.945899e+03 cycle=2608 time=1.514717e-01 dt=5.762113e-05
elapsed=2.946861e+03 cycle=2609 time=1.515294e-01 dt=5.762012e-05
elapsed=2.947827e+03 cycle=2610 time=1.515870e-01 dt=5.761912e-05
elapsed=2.948791e+03 cycle=2611 time=1.516446e-01 dt=5.761812e-05
elapsed=2.949771e+03 cycle=2612 time=1.517022e-01 dt=5.761712e-05
elapsed=2.950732e+03 cycle=2613 time=1.517598e-01 dt=5.761613e-05
elapsed=2.951679e+03 cycle=2614 time=1.518175e-01 dt=5.761514e-05
elapsed=2.952660e+03 cycle=2615 time=1.518751e-01 dt=5.761414e-05
elapsed=2.953751e+03 cycle=2616 time=1.519327e-01 dt=5.761315e-05
elapsed=2.954700e+03 cycle=2617 time=1.519903e-01 dt=5.761214e-05
elapsed=2.955646e+03 cycle=2618 time=1.520479e-01 dt=5.761113e-05
elapsed=2.956598e+03 cycle=2619 time=1.521055e-01 dt=5.761011e-05
[Tue Dec 30 06:44:07 EST 2025] Found 11 bin files, deleting 1 oldest...
elapsed=2.957568e+03 cycle=2620 time=1.521631e-01 dt=5.760909e-05
elapsed=2.958515e+03 cycle=2621 time=1.522207e-01 dt=5.760806e-05
[Tue Dec 30 06:44:08 EST 2025] Kept 10 most recent bin files.
elapsed=2.959481e+03 cycle=2622 time=1.522783e-01 dt=5.760704e-05
elapsed=2.960463e+03 cycle=2623 time=1.523360e-01 dt=5.760601e-05
elapsed=2.961556e+03 cycle=2624 time=1.523936e-01 dt=5.760500e-05
elapsed=2.962536e+03 cycle=2625 time=1.524512e-01 dt=5.760399e-05
elapsed=2.963481e+03 cycle=2626 time=1.525088e-01 dt=5.760297e-05
elapsed=2.964430e+03 cycle=2627 time=1.525664e-01 dt=5.760195e-05
elapsed=2.965414e+03 cycle=2628 time=1.526240e-01 dt=5.760094e-05
elapsed=2.966396e+03 cycle=2629 time=1.526816e-01 dt=5.759991e-05
elapsed=2.967366e+03 cycle=2630 time=1.527392e-01 dt=5.759888e-05
elapsed=2.968346e+03 cycle=2631 time=1.527968e-01 dt=5.759783e-05
elapsed=2.969311e+03 cycle=2632 time=1.528544e-01 dt=5.759679e-05
elapsed=2.970276e+03 cycle=2633 time=1.529120e-01 dt=5.759575e-05
elapsed=2.971223e+03 cycle=2634 time=1.529696e-01 dt=5.759471e-05
elapsed=2.972173e+03 cycle=2635 time=1.530272e-01 dt=5.759365e-05
elapsed=2.973134e+03 cycle=2636 time=1.530848e-01 dt=5.759260e-05
elapsed=2.974094e+03 cycle=2637 time=1.531423e-01 dt=5.759158e-05
elapsed=2.975038e+03 cycle=2638 time=1.531999e-01 dt=5.759057e-05
elapsed=2.976004e+03 cycle=2639 time=1.532575e-01 dt=5.758957e-05
elapsed=2.977096e+03 cycle=2640 time=1.533151e-01 dt=5.758859e-05
elapsed=2.978043e+03 cycle=2641 time=1.533727e-01 dt=5.758760e-05
elapsed=2.978992e+03 cycle=2642 time=1.534303e-01 dt=5.758661e-05
elapsed=2.979971e+03 cycle=2643 time=1.534879e-01 dt=5.758563e-05
elapsed=2.980958e+03 cycle=2644 time=1.535455e-01 dt=5.758466e-05
elapsed=2.981909e+03 cycle=2645 time=1.536031e-01 dt=5.758368e-05
elapsed=2.982873e+03 cycle=2646 time=1.536606e-01 dt=5.758270e-05
elapsed=2.983855e+03 cycle=2647 time=1.537182e-01 dt=5.758172e-05
elapsed=2.984803e+03 cycle=2648 time=1.537758e-01 dt=5.758074e-05
elapsed=2.985751e+03 cycle=2649 time=1.538334e-01 dt=5.757978e-05
elapsed=2.986717e+03 cycle=2650 time=1.538910e-01 dt=5.757882e-05
elapsed=2.987667e+03 cycle=2651 time=1.539485e-01 dt=5.757786e-05
elapsed=2.988632e+03 cycle=2652 time=1.540061e-01 dt=5.757693e-05
elapsed=2.989592e+03 cycle=2653 time=1.540637e-01 dt=5.757601e-05
elapsed=2.990558e+03 cycle=2654 time=1.541213e-01 dt=5.757509e-05
elapsed=2.991505e+03 cycle=2655 time=1.541788e-01 dt=5.757419e-05
elapsed=2.992493e+03 cycle=2656 time=1.542364e-01 dt=5.757328e-05
elapsed=2.993444e+03 cycle=2657 time=1.542940e-01 dt=5.757234e-05
elapsed=2.994424e+03 cycle=2658 time=1.543516e-01 dt=5.757139e-05
elapsed=2.995405e+03 cycle=2659 time=1.544091e-01 dt=5.757045e-05
elapsed=2.996356e+03 cycle=2660 time=1.544667e-01 dt=5.756951e-05
elapsed=2.997322e+03 cycle=2661 time=1.545243e-01 dt=5.756858e-05
elapsed=2.998311e+03 cycle=2662 time=1.545818e-01 dt=5.756765e-05
elapsed=2.999260e+03 cycle=2663 time=1.546394e-01 dt=5.756673e-05
elapsed=3.000212e+03 cycle=2664 time=1.546970e-01 dt=5.756581e-05
elapsed=3.001179e+03 cycle=2665 time=1.547545e-01 dt=5.756489e-05
elapsed=3.002127e+03 cycle=2666 time=1.548121e-01 dt=5.756396e-05
elapsed=3.003076e+03 cycle=2667 time=1.548697e-01 dt=5.756303e-05
elapsed=3.004057e+03 cycle=2668 time=1.549272e-01 dt=5.756209e-05
elapsed=3.005149e+03 cycle=2669 time=1.549848e-01 dt=5.756116e-05
elapsed=3.006259e+03 cycle=2670 time=1.550424e-01 dt=5.756023e-05
elapsed=3.007227e+03 cycle=2671 time=1.550999e-01 dt=5.755930e-05
elapsed=3.008193e+03 cycle=2672 time=1.551575e-01 dt=5.755836e-05
elapsed=3.009162e+03 cycle=2673 time=1.552150e-01 dt=5.755744e-05
elapsed=3.010142e+03 cycle=2674 time=1.552726e-01 dt=5.755653e-05
elapsed=3.011121e+03 cycle=2675 time=1.553302e-01 dt=5.755561e-05
elapsed=3.012088e+03 cycle=2676 time=1.553877e-01 dt=5.755469e-05
elapsed=3.013199e+03 cycle=2677 time=1.554453e-01 dt=5.755378e-05
elapsed=3.014168e+03 cycle=2678 time=1.555028e-01 dt=5.755288e-05
elapsed=3.015117e+03 cycle=2679 time=1.555604e-01 dt=5.755198e-05
elapsed=3.016082e+03 cycle=2680 time=1.556179e-01 dt=5.755108e-05
elapsed=3.017062e+03 cycle=2681 time=1.556755e-01 dt=5.755018e-05
elapsed=3.018012e+03 cycle=2682 time=1.557330e-01 dt=5.754927e-05
elapsed=3.018961e+03 cycle=2683 time=1.557906e-01 dt=5.754836e-05
elapsed=3.019944e+03 cycle=2684 time=1.558481e-01 dt=5.754745e-05
elapsed=3.020909e+03 cycle=2685 time=1.559057e-01 dt=5.754653e-05
elapsed=3.021858e+03 cycle=2686 time=1.559632e-01 dt=5.754561e-05
elapsed=3.022806e+03 cycle=2687 time=1.560208e-01 dt=5.754469e-05
elapsed=3.023787e+03 cycle=2688 time=1.560783e-01 dt=5.754377e-05
elapsed=3.024754e+03 cycle=2689 time=1.561358e-01 dt=5.754284e-05
elapsed=3.025699e+03 cycle=2690 time=1.561934e-01 dt=5.754191e-05
elapsed=3.026666e+03 cycle=2691 time=1.562509e-01 dt=5.754099e-05
elapsed=3.027648e+03 cycle=2692 time=1.563085e-01 dt=5.754011e-05
elapsed=3.028597e+03 cycle=2693 time=1.563660e-01 dt=5.753924e-05
elapsed=3.029545e+03 cycle=2694 time=1.564236e-01 dt=5.753836e-05
elapsed=3.030490e+03 cycle=2695 time=1.564811e-01 dt=5.753749e-05
elapsed=3.031450e+03 cycle=2696 time=1.565386e-01 dt=5.753664e-05
elapsed=3.032417e+03 cycle=2697 time=1.565962e-01 dt=5.753579e-05
elapsed=3.033382e+03 cycle=2698 time=1.566537e-01 dt=5.753495e-05
elapsed=3.034331e+03 cycle=2699 time=1.567112e-01 dt=5.753411e-05
elapsed=3.035292e+03 cycle=2700 time=1.567688e-01 dt=5.753326e-05
elapsed=3.036256e+03 cycle=2701 time=1.568263e-01 dt=5.753242e-05
elapsed=3.037202e+03 cycle=2702 time=1.568838e-01 dt=5.753157e-05
elapsed=3.038150e+03 cycle=2703 time=1.569414e-01 dt=5.753073e-05
elapsed=3.039120e+03 cycle=2704 time=1.569989e-01 dt=5.752990e-05
elapsed=3.040074e+03 cycle=2705 time=1.570564e-01 dt=5.752905e-05
elapsed=3.041034e+03 cycle=2706 time=1.571140e-01 dt=5.752821e-05
elapsed=3.042005e+03 cycle=2707 time=1.571715e-01 dt=5.752738e-05
elapsed=3.042968e+03 cycle=2708 time=1.572290e-01 dt=5.752656e-05
elapsed=3.043920e+03 cycle=2709 time=1.572865e-01 dt=5.752574e-05
elapsed=3.044869e+03 cycle=2710 time=1.573441e-01 dt=5.752494e-05
elapsed=3.045834e+03 cycle=2711 time=1.574016e-01 dt=5.752416e-05
elapsed=3.046800e+03 cycle=2712 time=1.574591e-01 dt=5.752338e-05
elapsed=3.047892e+03 cycle=2713 time=1.575166e-01 dt=5.752261e-05
elapsed=3.048873e+03 cycle=2714 time=1.575742e-01 dt=5.752185e-05
elapsed=3.049844e+03 cycle=2715 time=1.576317e-01 dt=5.752108e-05
elapsed=3.050791e+03 cycle=2716 time=1.576892e-01 dt=5.752031e-05
elapsed=3.051770e+03 cycle=2717 time=1.577467e-01 dt=5.751955e-05
elapsed=3.052863e+03 cycle=2718 time=1.578042e-01 dt=5.751879e-05
elapsed=3.053843e+03 cycle=2719 time=1.578618e-01 dt=5.751802e-05
elapsed=3.054939e+03 cycle=2720 time=1.579193e-01 dt=5.751726e-05
elapsed=3.055899e+03 cycle=2721 time=1.579768e-01 dt=5.751651e-05
elapsed=3.056865e+03 cycle=2722 time=1.580343e-01 dt=5.751579e-05
elapsed=3.057830e+03 cycle=2723 time=1.580918e-01 dt=5.751508e-05
elapsed=3.058775e+03 cycle=2724 time=1.581493e-01 dt=5.751437e-05
elapsed=3.059886e+03 cycle=2725 time=1.582069e-01 dt=5.751367e-05
elapsed=3.060853e+03 cycle=2726 time=1.582644e-01 dt=5.751298e-05
elapsed=3.061838e+03 cycle=2727 time=1.583219e-01 dt=5.751229e-05
elapsed=3.062785e+03 cycle=2728 time=1.583794e-01 dt=5.751161e-05
elapsed=3.063766e+03 cycle=2729 time=1.584369e-01 dt=5.751095e-05
elapsed=3.064746e+03 cycle=2730 time=1.584944e-01 dt=5.751028e-05
elapsed=3.065713e+03 cycle=2731 time=1.585519e-01 dt=5.750962e-05
elapsed=3.066695e+03 cycle=2732 time=1.586094e-01 dt=5.750896e-05
elapsed=3.067655e+03 cycle=2733 time=1.586669e-01 dt=5.750831e-05
elapsed=3.068624e+03 cycle=2734 time=1.587245e-01 dt=5.750766e-05
elapsed=3.069586e+03 cycle=2735 time=1.587820e-01 dt=5.750700e-05
elapsed=3.070532e+03 cycle=2736 time=1.588395e-01 dt=5.750633e-05
elapsed=3.071497e+03 cycle=2737 time=1.588970e-01 dt=5.750566e-05
elapsed=3.072467e+03 cycle=2738 time=1.589545e-01 dt=5.750501e-05
elapsed=3.073414e+03 cycle=2739 time=1.590120e-01 dt=5.750437e-05
elapsed=3.074365e+03 cycle=2740 time=1.590695e-01 dt=5.750373e-05
elapsed=3.075476e+03 cycle=2741 time=1.591270e-01 dt=5.750309e-05
elapsed=3.076586e+03 cycle=2742 time=1.591845e-01 dt=5.750245e-05
elapsed=3.077697e+03 cycle=2743 time=1.592420e-01 dt=5.750180e-05
elapsed=3.078645e+03 cycle=2744 time=1.592995e-01 dt=5.750116e-05
elapsed=3.079593e+03 cycle=2745 time=1.593570e-01 dt=5.750050e-05
elapsed=3.080558e+03 cycle=2746 time=1.594145e-01 dt=5.749983e-05
elapsed=3.081537e+03 cycle=2747 time=1.594720e-01 dt=5.749919e-05
elapsed=3.082505e+03 cycle=2748 time=1.595295e-01 dt=5.749858e-05
elapsed=3.083454e+03 cycle=2749 time=1.595870e-01 dt=5.749797e-05
elapsed=3.084434e+03 cycle=2750 time=1.596445e-01 dt=5.749736e-05
elapsed=3.085400e+03 cycle=2751 time=1.597020e-01 dt=5.749674e-05
elapsed=3.086366e+03 cycle=2752 time=1.597595e-01 dt=5.749612e-05
elapsed=3.087336e+03 cycle=2753 time=1.598170e-01 dt=5.749550e-05
elapsed=3.088317e+03 cycle=2754 time=1.598745e-01 dt=5.749488e-05
elapsed=3.089266e+03 cycle=2755 time=1.599320e-01 dt=5.749427e-05
elapsed=3.090213e+03 cycle=2756 time=1.599895e-01 dt=5.749366e-05
elapsed=3.110012e+03 cycle=2757 time=1.600470e-01 dt=5.749305e-05
elapsed=3.110958e+03 cycle=2758 time=1.601045e-01 dt=5.749247e-05
elapsed=3.111940e+03 cycle=2759 time=1.601620e-01 dt=5.749188e-05
elapsed=3.112919e+03 cycle=2760 time=1.602194e-01 dt=5.749130e-05
elapsed=3.113898e+03 cycle=2761 time=1.602769e-01 dt=5.749072e-05
elapsed=3.114844e+03 cycle=2762 time=1.603344e-01 dt=5.749014e-05
elapsed=3.115937e+03 cycle=2763 time=1.603919e-01 dt=5.748955e-05
elapsed=3.116899e+03 cycle=2764 time=1.604494e-01 dt=5.748896e-05
elapsed=3.117864e+03 cycle=2765 time=1.605069e-01 dt=5.748839e-05
elapsed=3.118832e+03 cycle=2766 time=1.605644e-01 dt=5.748782e-05
elapsed=3.119814e+03 cycle=2767 time=1.606219e-01 dt=5.748726e-05
elapsed=3.120777e+03 cycle=2768 time=1.606794e-01 dt=5.748672e-05
elapsed=3.121748e+03 cycle=2769 time=1.607368e-01 dt=5.748620e-05
elapsed=3.122697e+03 cycle=2770 time=1.607943e-01 dt=5.748570e-05
elapsed=3.123662e+03 cycle=2771 time=1.608518e-01 dt=5.748521e-05
elapsed=3.124629e+03 cycle=2772 time=1.609093e-01 dt=5.748472e-05
elapsed=3.125611e+03 cycle=2773 time=1.609668e-01 dt=5.748423e-05
elapsed=3.126571e+03 cycle=2774 time=1.610243e-01 dt=5.748374e-05
elapsed=3.127532e+03 cycle=2775 time=1.610818e-01 dt=5.748326e-05
elapsed=3.128511e+03 cycle=2776 time=1.611392e-01 dt=5.748278e-05
elapsed=3.129460e+03 cycle=2777 time=1.611967e-01 dt=5.748230e-05
elapsed=3.130408e+03 cycle=2778 time=1.612542e-01 dt=5.748182e-05
elapsed=3.131372e+03 cycle=2779 time=1.613117e-01 dt=5.748134e-05
elapsed=3.132339e+03 cycle=2780 time=1.613692e-01 dt=5.748087e-05
elapsed=3.133301e+03 cycle=2781 time=1.614266e-01 dt=5.748041e-05
elapsed=3.134269e+03 cycle=2782 time=1.614841e-01 dt=5.747994e-05
elapsed=3.135234e+03 cycle=2783 time=1.615416e-01 dt=5.747946e-05
elapsed=3.136200e+03 cycle=2784 time=1.615991e-01 dt=5.747896e-05
elapsed=3.137312e+03 cycle=2785 time=1.616566e-01 dt=5.747846e-05
elapsed=3.138277e+03 cycle=2786 time=1.617140e-01 dt=5.747796e-05
[Tue Dec 30 06:47:08 EST 2025] Found 11 bin files, deleting 1 oldest...
elapsed=3.139244e+03 cycle=2787 time=1.617715e-01 dt=5.747746e-05
elapsed=3.140224e+03 cycle=2788 time=1.618290e-01 dt=5.747697e-05
[Tue Dec 30 06:47:10 EST 2025] Kept 10 most recent bin files.
elapsed=3.141171e+03 cycle=2789 time=1.618865e-01 dt=5.747650e-05
elapsed=3.142132e+03 cycle=2790 time=1.619440e-01 dt=5.747602e-05
elapsed=3.143100e+03 cycle=2791 time=1.620014e-01 dt=5.747555e-05
elapsed=3.144078e+03 cycle=2792 time=1.620589e-01 dt=5.747510e-05
elapsed=3.145031e+03 cycle=2793 time=1.621164e-01 dt=5.747465e-05
elapsed=3.145997e+03 cycle=2794 time=1.621739e-01 dt=5.747421e-05
elapsed=3.146949e+03 cycle=2795 time=1.622313e-01 dt=5.747376e-05
elapsed=3.147898e+03 cycle=2796 time=1.622888e-01 dt=5.747332e-05
elapsed=3.148866e+03 cycle=2797 time=1.623463e-01 dt=5.747287e-05
elapsed=3.149845e+03 cycle=2798 time=1.624038e-01 dt=5.747243e-05
elapsed=3.150825e+03 cycle=2799 time=1.624612e-01 dt=5.747198e-05
elapsed=3.151786e+03 cycle=2800 time=1.625187e-01 dt=5.747152e-05
elapsed=3.152750e+03 cycle=2801 time=1.625762e-01 dt=5.747105e-05
elapsed=3.153711e+03 cycle=2802 time=1.626336e-01 dt=5.747057e-05
elapsed=3.154678e+03 cycle=2803 time=1.626911e-01 dt=5.747008e-05
elapsed=3.155643e+03 cycle=2804 time=1.627486e-01 dt=5.746959e-05
elapsed=3.156611e+03 cycle=2805 time=1.628060e-01 dt=5.746913e-05
elapsed=3.157558e+03 cycle=2806 time=1.628635e-01 dt=5.746867e-05
elapsed=3.158525e+03 cycle=2807 time=1.629210e-01 dt=5.746822e-05
elapsed=3.159474e+03 cycle=2808 time=1.629785e-01 dt=5.746777e-05
elapsed=3.160442e+03 cycle=2809 time=1.630359e-01 dt=5.746733e-05
elapsed=3.161403e+03 cycle=2810 time=1.630934e-01 dt=5.746688e-05
elapsed=3.162364e+03 cycle=2811 time=1.631509e-01 dt=5.746644e-05
elapsed=3.163475e+03 cycle=2812 time=1.632083e-01 dt=5.746600e-05
elapsed=3.164423e+03 cycle=2813 time=1.632658e-01 dt=5.746556e-05
elapsed=3.165403e+03 cycle=2814 time=1.633233e-01 dt=5.746512e-05
elapsed=3.166383e+03 cycle=2815 time=1.633807e-01 dt=5.746468e-05
elapsed=3.167364e+03 cycle=2816 time=1.634382e-01 dt=5.746421e-05
elapsed=3.168331e+03 cycle=2817 time=1.634956e-01 dt=5.746373e-05
elapsed=3.169309e+03 cycle=2818 time=1.635531e-01 dt=5.746326e-05
elapsed=3.170276e+03 cycle=2819 time=1.636106e-01 dt=5.746278e-05
elapsed=3.171245e+03 cycle=2820 time=1.636680e-01 dt=5.746229e-05
elapsed=3.172213e+03 cycle=2821 time=1.637255e-01 dt=5.746180e-05
elapsed=3.173193e+03 cycle=2822 time=1.637830e-01 dt=5.746131e-05
elapsed=3.174175e+03 cycle=2823 time=1.638404e-01 dt=5.746083e-05
elapsed=3.175137e+03 cycle=2824 time=1.638979e-01 dt=5.746033e-05
elapsed=3.176085e+03 cycle=2825 time=1.639553e-01 dt=5.745983e-05
elapsed=3.177033e+03 cycle=2826 time=1.640128e-01 dt=5.745935e-05
elapsed=3.178012e+03 cycle=2827 time=1.640703e-01 dt=5.745889e-05
elapsed=3.178961e+03 cycle=2828 time=1.641277e-01 dt=5.745842e-05
elapsed=3.179940e+03 cycle=2829 time=1.641852e-01 dt=5.745796e-05
elapsed=3.180907e+03 cycle=2830 time=1.642426e-01 dt=5.745748e-05
elapsed=3.181854e+03 cycle=2831 time=1.643001e-01 dt=5.745699e-05
elapsed=3.182802e+03 cycle=2832 time=1.643576e-01 dt=5.745650e-05
elapsed=3.183749e+03 cycle=2833 time=1.644150e-01 dt=5.745603e-05
elapsed=3.184841e+03 cycle=2834 time=1.644725e-01 dt=5.745555e-05
elapsed=3.185789e+03 cycle=2835 time=1.645299e-01 dt=5.745507e-05
elapsed=3.186738e+03 cycle=2836 time=1.645874e-01 dt=5.745460e-05
elapsed=3.187831e+03 cycle=2837 time=1.646448e-01 dt=5.745411e-05
elapsed=3.188781e+03 cycle=2838 time=1.647023e-01 dt=5.745359e-05
elapsed=3.189729e+03 cycle=2839 time=1.647597e-01 dt=5.745307e-05
elapsed=3.190698e+03 cycle=2840 time=1.648172e-01 dt=5.745254e-05
elapsed=3.191664e+03 cycle=2841 time=1.648746e-01 dt=5.745201e-05
elapsed=3.192613e+03 cycle=2842 time=1.649321e-01 dt=5.745147e-05
elapsed=3.193582e+03 cycle=2843 time=1.649895e-01 dt=5.745093e-05
elapsed=3.194530e+03 cycle=2844 time=1.650470e-01 dt=5.745038e-05
elapsed=3.195643e+03 cycle=2845 time=1.651044e-01 dt=5.744984e-05
elapsed=3.196592e+03 cycle=2846 time=1.651619e-01 dt=5.744929e-05
elapsed=3.197555e+03 cycle=2847 time=1.652193e-01 dt=5.744876e-05
elapsed=3.198535e+03 cycle=2848 time=1.652768e-01 dt=5.744823e-05
elapsed=3.199647e+03 cycle=2849 time=1.653342e-01 dt=5.744772e-05
elapsed=3.200630e+03 cycle=2850 time=1.653917e-01 dt=5.744721e-05
elapsed=3.201611e+03 cycle=2851 time=1.654491e-01 dt=5.744670e-05
elapsed=3.202578e+03 cycle=2852 time=1.655066e-01 dt=5.744618e-05
elapsed=3.203527e+03 cycle=2853 time=1.655640e-01 dt=5.744565e-05
elapsed=3.204493e+03 cycle=2854 time=1.656215e-01 dt=5.744511e-05
elapsed=3.205441e+03 cycle=2855 time=1.656789e-01 dt=5.744457e-05
elapsed=3.206420e+03 cycle=2856 time=1.657364e-01 dt=5.744403e-05
elapsed=3.207369e+03 cycle=2857 time=1.657938e-01 dt=5.744350e-05
elapsed=3.208336e+03 cycle=2858 time=1.658513e-01 dt=5.744296e-05
elapsed=3.209303e+03 cycle=2859 time=1.659087e-01 dt=5.744242e-05
elapsed=3.210269e+03 cycle=2860 time=1.659661e-01 dt=5.744189e-05
elapsed=3.211214e+03 cycle=2861 time=1.660236e-01 dt=5.744135e-05
elapsed=3.212182e+03 cycle=2862 time=1.660810e-01 dt=5.744080e-05
elapsed=3.213164e+03 cycle=2863 time=1.661385e-01 dt=5.744026e-05
elapsed=3.214146e+03 cycle=2864 time=1.661959e-01 dt=5.743973e-05
elapsed=3.215126e+03 cycle=2865 time=1.662533e-01 dt=5.743920e-05
elapsed=3.216219e+03 cycle=2866 time=1.663108e-01 dt=5.743867e-05
elapsed=3.217185e+03 cycle=2867 time=1.663682e-01 dt=5.743812e-05
elapsed=3.218164e+03 cycle=2868 time=1.664257e-01 dt=5.743757e-05
elapsed=3.219130e+03 cycle=2869 time=1.664831e-01 dt=5.743702e-05
elapsed=3.220079e+03 cycle=2870 time=1.665405e-01 dt=5.743647e-05
elapsed=3.221044e+03 cycle=2871 time=1.665980e-01 dt=5.743592e-05
elapsed=3.222024e+03 cycle=2872 time=1.666554e-01 dt=5.743539e-05
elapsed=3.222989e+03 cycle=2873 time=1.667128e-01 dt=5.743485e-05
elapsed=3.223939e+03 cycle=2874 time=1.667703e-01 dt=5.743431e-05
elapsed=3.224887e+03 cycle=2875 time=1.668277e-01 dt=5.743377e-05
elapsed=3.225980e+03 cycle=2876 time=1.668851e-01 dt=5.743322e-05
elapsed=3.226941e+03 cycle=2877 time=1.669426e-01 dt=5.743267e-05
elapsed=3.228036e+03 cycle=2878 time=1.670000e-01 dt=5.743212e-05
elapsed=3.229147e+03 cycle=2879 time=1.670574e-01 dt=5.743157e-05
elapsed=3.230129e+03 cycle=2880 time=1.671149e-01 dt=5.743103e-05
elapsed=3.231075e+03 cycle=2881 time=1.671723e-01 dt=5.743050e-05
elapsed=3.232023e+03 cycle=2882 time=1.672297e-01 dt=5.742999e-05
elapsed=3.232971e+03 cycle=2883 time=1.672872e-01 dt=5.742950e-05
elapsed=3.233919e+03 cycle=2884 time=1.673446e-01 dt=5.742902e-05
elapsed=3.234881e+03 cycle=2885 time=1.674020e-01 dt=5.742855e-05
elapsed=3.235993e+03 cycle=2886 time=1.674595e-01 dt=5.742807e-05
elapsed=3.236959e+03 cycle=2887 time=1.675169e-01 dt=5.742760e-05
elapsed=3.238052e+03 cycle=2888 time=1.675743e-01 dt=5.742712e-05
elapsed=3.239000e+03 cycle=2889 time=1.676317e-01 dt=5.742664e-05
elapsed=3.239965e+03 cycle=2890 time=1.676892e-01 dt=5.742615e-05
elapsed=3.240934e+03 cycle=2891 time=1.677466e-01 dt=5.742566e-05
elapsed=3.241913e+03 cycle=2892 time=1.678040e-01 dt=5.742517e-05
elapsed=3.242864e+03 cycle=2893 time=1.678614e-01 dt=5.742469e-05
elapsed=3.243824e+03 cycle=2894 time=1.679189e-01 dt=5.742423e-05
elapsed=3.244789e+03 cycle=2895 time=1.679763e-01 dt=5.742377e-05
elapsed=3.245735e+03 cycle=2896 time=1.680337e-01 dt=5.742332e-05
elapsed=3.246683e+03 cycle=2897 time=1.680911e-01 dt=5.742288e-05
elapsed=3.247643e+03 cycle=2898 time=1.681486e-01 dt=5.742246e-05
elapsed=3.248603e+03 cycle=2899 time=1.682060e-01 dt=5.742206e-05
elapsed=3.249697e+03 cycle=2900 time=1.682634e-01 dt=5.742166e-05
elapsed=3.250644e+03 cycle=2901 time=1.683208e-01 dt=5.742127e-05
elapsed=3.251738e+03 cycle=2902 time=1.683782e-01 dt=5.742088e-05
elapsed=3.252722e+03 cycle=2903 time=1.684357e-01 dt=5.742048e-05
elapsed=3.253686e+03 cycle=2904 time=1.684931e-01 dt=5.742009e-05
elapsed=3.254667e+03 cycle=2905 time=1.685505e-01 dt=5.741970e-05
elapsed=3.255635e+03 cycle=2906 time=1.686079e-01 dt=5.741930e-05
elapsed=3.256747e+03 cycle=2907 time=1.686653e-01 dt=5.741890e-05
elapsed=3.257727e+03 cycle=2908 time=1.687228e-01 dt=5.741850e-05
elapsed=3.258706e+03 cycle=2909 time=1.687802e-01 dt=5.741811e-05
elapsed=3.259690e+03 cycle=2910 time=1.688376e-01 dt=5.741772e-05
elapsed=3.260655e+03 cycle=2911 time=1.688950e-01 dt=5.741733e-05
elapsed=3.261621e+03 cycle=2912 time=1.689524e-01 dt=5.741696e-05
elapsed=3.262570e+03 cycle=2913 time=1.690099e-01 dt=5.741659e-05
elapsed=3.263531e+03 cycle=2914 time=1.690673e-01 dt=5.741622e-05
elapsed=3.264492e+03 cycle=2915 time=1.691247e-01 dt=5.741585e-05
elapsed=3.265437e+03 cycle=2916 time=1.691821e-01 dt=5.741548e-05
elapsed=3.266397e+03 cycle=2917 time=1.692395e-01 dt=5.741513e-05
elapsed=3.267512e+03 cycle=2918 time=1.692969e-01 dt=5.741479e-05
elapsed=3.268459e+03 cycle=2919 time=1.693543e-01 dt=5.741445e-05
elapsed=3.269409e+03 cycle=2920 time=1.694118e-01 dt=5.741412e-05
elapsed=3.270389e+03 cycle=2921 time=1.694692e-01 dt=5.741377e-05
elapsed=3.271356e+03 cycle=2922 time=1.695266e-01 dt=5.741341e-05
elapsed=3.272318e+03 cycle=2923 time=1.695840e-01 dt=5.741304e-05
elapsed=3.273302e+03 cycle=2924 time=1.696414e-01 dt=5.741267e-05
elapsed=3.274265e+03 cycle=2925 time=1.696988e-01 dt=5.741228e-05
elapsed=3.275232e+03 cycle=2926 time=1.697562e-01 dt=5.741188e-05
elapsed=3.276195e+03 cycle=2927 time=1.698137e-01 dt=5.741146e-05
elapsed=3.277157e+03 cycle=2928 time=1.698711e-01 dt=5.741105e-05
elapsed=3.278120e+03 cycle=2929 time=1.699285e-01 dt=5.741063e-05
elapsed=3.279212e+03 cycle=2930 time=1.699859e-01 dt=5.741020e-05
elapsed=3.299060e+03 cycle=2931 time=1.700433e-01 dt=5.740977e-05
elapsed=3.300025e+03 cycle=2932 time=1.701007e-01 dt=5.740935e-05
elapsed=3.300989e+03 cycle=2933 time=1.701581e-01 dt=5.740894e-05
elapsed=3.301935e+03 cycle=2934 time=1.702155e-01 dt=5.740854e-05
elapsed=3.302880e+03 cycle=2935 time=1.702729e-01 dt=5.740813e-05
elapsed=3.303844e+03 cycle=2936 time=1.703303e-01 dt=5.740772e-05
elapsed=3.304810e+03 cycle=2937 time=1.703878e-01 dt=5.740732e-05
elapsed=3.305759e+03 cycle=2938 time=1.704452e-01 dt=5.740692e-05
elapsed=3.306724e+03 cycle=2939 time=1.705026e-01 dt=5.740653e-05
elapsed=3.307684e+03 cycle=2940 time=1.705600e-01 dt=5.740615e-05
elapsed=3.308636e+03 cycle=2941 time=1.706174e-01 dt=5.740577e-05
elapsed=3.309604e+03 cycle=2942 time=1.706748e-01 dt=5.740539e-05
elapsed=3.310569e+03 cycle=2943 time=1.707322e-01 dt=5.740501e-05
elapsed=3.311536e+03 cycle=2944 time=1.707896e-01 dt=5.740461e-05
elapsed=3.312503e+03 cycle=2945 time=1.708470e-01 dt=5.740421e-05
elapsed=3.313483e+03 cycle=2946 time=1.709044e-01 dt=5.740381e-05
elapsed=3.314444e+03 cycle=2947 time=1.709618e-01 dt=5.740342e-05
elapsed=3.315406e+03 cycle=2948 time=1.710192e-01 dt=5.740302e-05
elapsed=3.316371e+03 cycle=2949 time=1.710766e-01 dt=5.740263e-05
elapsed=3.317339e+03 cycle=2950 time=1.711340e-01 dt=5.740223e-05
elapsed=3.318303e+03 cycle=2951 time=1.711914e-01 dt=5.740184e-05
elapsed=3.319274e+03 cycle=2952 time=1.712488e-01 dt=5.740145e-05
elapsed=3.320237e+03 cycle=2953 time=1.713062e-01 dt=5.740106e-05
[Tue Dec 30 06:50:10 EST 2025] Found 11 bin files, deleting 1 oldest...
elapsed=3.321330e+03 cycle=2954 time=1.713636e-01 dt=5.740068e-05
elapsed=3.322292e+03 cycle=2955 time=1.714210e-01 dt=5.740029e-05
[Tue Dec 30 06:50:12 EST 2025] Kept 10 most recent bin files.
elapsed=3.323259e+03 cycle=2956 time=1.714784e-01 dt=5.739990e-05
elapsed=3.324229e+03 cycle=2957 time=1.715358e-01 dt=5.739950e-05
elapsed=3.325197e+03 cycle=2958 time=1.715932e-01 dt=5.739909e-05
elapsed=3.326166e+03 cycle=2959 time=1.716506e-01 dt=5.739869e-05
elapsed=3.327137e+03 cycle=2960 time=1.717080e-01 dt=5.739829e-05
elapsed=3.328088e+03 cycle=2961 time=1.717654e-01 dt=5.739789e-05
elapsed=3.329203e+03 cycle=2962 time=1.718228e-01 dt=5.739749e-05
elapsed=3.330182e+03 cycle=2963 time=1.718802e-01 dt=5.739709e-05
elapsed=3.331132e+03 cycle=2964 time=1.719376e-01 dt=5.739669e-05
elapsed=3.332094e+03 cycle=2965 time=1.719950e-01 dt=5.739629e-05
elapsed=3.333039e+03 cycle=2966 time=1.720524e-01 dt=5.739588e-05
elapsed=3.333988e+03 cycle=2967 time=1.721098e-01 dt=5.739545e-05
elapsed=3.334949e+03 cycle=2968 time=1.721672e-01 dt=5.739501e-05
elapsed=3.336041e+03 cycle=2969 time=1.722246e-01 dt=5.739459e-05
elapsed=3.337024e+03 cycle=2970 time=1.722820e-01 dt=5.739418e-05
elapsed=3.338117e+03 cycle=2971 time=1.723394e-01 dt=5.739377e-05
elapsed=3.339064e+03 cycle=2972 time=1.723968e-01 dt=5.739337e-05
elapsed=3.340028e+03 cycle=2973 time=1.724542e-01 dt=5.739297e-05
elapsed=3.340994e+03 cycle=2974 time=1.725116e-01 dt=5.739259e-05
elapsed=3.341941e+03 cycle=2975 time=1.725690e-01 dt=5.739221e-05
elapsed=3.342887e+03 cycle=2976 time=1.726263e-01 dt=5.739184e-05
elapsed=3.343835e+03 cycle=2977 time=1.726837e-01 dt=5.739147e-05
elapsed=3.344814e+03 cycle=2978 time=1.727411e-01 dt=5.739110e-05
elapsed=3.345761e+03 cycle=2979 time=1.727985e-01 dt=5.739072e-05
elapsed=3.346712e+03 cycle=2980 time=1.728559e-01 dt=5.739036e-05
elapsed=3.347674e+03 cycle=2981 time=1.729133e-01 dt=5.739001e-05
elapsed=3.348642e+03 cycle=2982 time=1.729707e-01 dt=5.738965e-05
elapsed=3.349609e+03 cycle=2983 time=1.730281e-01 dt=5.738930e-05
elapsed=3.350555e+03 cycle=2984 time=1.730855e-01 dt=5.738897e-05
elapsed=3.351500e+03 cycle=2985 time=1.731429e-01 dt=5.738865e-05
elapsed=3.352480e+03 cycle=2986 time=1.732002e-01 dt=5.738836e-05
elapsed=3.353428e+03 cycle=2987 time=1.732576e-01 dt=5.738807e-05
elapsed=3.354394e+03 cycle=2988 time=1.733150e-01 dt=5.738778e-05
elapsed=3.355343e+03 cycle=2989 time=1.733724e-01 dt=5.738748e-05
elapsed=3.356292e+03 cycle=2990 time=1.734298e-01 dt=5.738719e-05
elapsed=3.357277e+03 cycle=2991 time=1.734872e-01 dt=5.738688e-05
elapsed=3.358227e+03 cycle=2992 time=1.735446e-01 dt=5.738659e-05
elapsed=3.359192e+03 cycle=2993 time=1.736020e-01 dt=5.738630e-05
elapsed=3.360153e+03 cycle=2994 time=1.736593e-01 dt=5.738601e-05
elapsed=3.361114e+03 cycle=2995 time=1.737167e-01 dt=5.738572e-05
elapsed=3.362225e+03 cycle=2996 time=1.737741e-01 dt=5.738545e-05
elapsed=3.363207e+03 cycle=2997 time=1.738315e-01 dt=5.738518e-05
elapsed=3.364166e+03 cycle=2998 time=1.738889e-01 dt=5.738491e-05
elapsed=3.365133e+03 cycle=2999 time=1.739463e-01 dt=5.738464e-05
elapsed=3.366099e+03 cycle=3000 time=1.740037e-01 dt=5.738437e-05
elapsed=3.367046e+03 cycle=3001 time=1.740610e-01 dt=5.738411e-05
elapsed=3.368012e+03 cycle=3002 time=1.741184e-01 dt=5.738385e-05
elapsed=3.368960e+03 cycle=3003 time=1.741758e-01 dt=5.738361e-05
elapsed=3.369909e+03 cycle=3004 time=1.742332e-01 dt=5.738337e-05
elapsed=3.370874e+03 cycle=3005 time=1.742906e-01 dt=5.738313e-05
elapsed=3.371844e+03 cycle=3006 time=1.743480e-01 dt=5.738290e-05
elapsed=3.372824e+03 cycle=3007 time=1.744053e-01 dt=5.738268e-05
elapsed=3.373790e+03 cycle=3008 time=1.744627e-01 dt=5.738245e-05
elapsed=3.374769e+03 cycle=3009 time=1.745201e-01 dt=5.738222e-05
elapsed=3.375732e+03 cycle=3010 time=1.745775e-01 dt=5.738199e-05
elapsed=3.376699e+03 cycle=3011 time=1.746349e-01 dt=5.738176e-05
elapsed=3.377666e+03 cycle=3012 time=1.746923e-01 dt=5.738152e-05
elapsed=3.378645e+03 cycle=3013 time=1.747496e-01 dt=5.738128e-05
elapsed=3.379607e+03 cycle=3014 time=1.748070e-01 dt=5.738104e-05
elapsed=3.380586e+03 cycle=3015 time=1.748644e-01 dt=5.738081e-05
elapsed=3.381565e+03 cycle=3016 time=1.749218e-01 dt=5.738058e-05
elapsed=3.382676e+03 cycle=3017 time=1.749792e-01 dt=5.738035e-05
elapsed=3.383638e+03 cycle=3018 time=1.750365e-01 dt=5.738011e-05
elapsed=3.384606e+03 cycle=3019 time=1.750939e-01 dt=5.737989e-05
elapsed=3.385570e+03 cycle=3020 time=1.751513e-01 dt=5.737969e-05
elapsed=3.386661e+03 cycle=3021 time=1.752087e-01 dt=5.737950e-05
elapsed=3.387610e+03 cycle=3022 time=1.752661e-01 dt=5.737932e-05
elapsed=3.388571e+03 cycle=3023 time=1.753234e-01 dt=5.737914e-05
elapsed=3.389665e+03 cycle=3024 time=1.753808e-01 dt=5.737895e-05
elapsed=3.390645e+03 cycle=3025 time=1.754382e-01 dt=5.737877e-05
elapsed=3.391614e+03 cycle=3026 time=1.754956e-01 dt=5.737859e-05
elapsed=3.392580e+03 cycle=3027 time=1.755530e-01 dt=5.737842e-05
elapsed=3.393546e+03 cycle=3028 time=1.756103e-01 dt=5.737825e-05
elapsed=3.394493e+03 cycle=3029 time=1.756677e-01 dt=5.737809e-05
elapsed=3.395455e+03 cycle=3030 time=1.757251e-01 dt=5.737793e-05
elapsed=3.396567e+03 cycle=3031 time=1.757825e-01 dt=5.737777e-05
elapsed=3.397547e+03 cycle=3032 time=1.758398e-01 dt=5.737761e-05
elapsed=3.398511e+03 cycle=3033 time=1.758972e-01 dt=5.737745e-05
elapsed=3.399479e+03 cycle=3034 time=1.759546e-01 dt=5.737729e-05
elapsed=3.400446e+03 cycle=3035 time=1.760120e-01 dt=5.737713e-05
elapsed=3.401409e+03 cycle=3036 time=1.760694e-01 dt=5.737698e-05
elapsed=3.402518e+03 cycle=3037 time=1.761267e-01 dt=5.737682e-05
elapsed=3.403483e+03 cycle=3038 time=1.761841e-01 dt=5.737666e-05
elapsed=3.404449e+03 cycle=3039 time=1.762415e-01 dt=5.737650e-05
elapsed=3.405399e+03 cycle=3040 time=1.762989e-01 dt=5.737634e-05
elapsed=3.406362e+03 cycle=3041 time=1.763562e-01 dt=5.737617e-05
elapsed=3.407308e+03 cycle=3042 time=1.764136e-01 dt=5.737599e-05
elapsed=3.408287e+03 cycle=3043 time=1.764710e-01 dt=5.737583e-05
elapsed=3.409378e+03 cycle=3044 time=1.765284e-01 dt=5.737566e-05
elapsed=3.410344e+03 cycle=3045 time=1.765857e-01 dt=5.737549e-05
elapsed=3.411293e+03 cycle=3046 time=1.766431e-01 dt=5.737532e-05
elapsed=3.412258e+03 cycle=3047 time=1.767005e-01 dt=5.737516e-05
elapsed=3.413356e+03 cycle=3048 time=1.767579e-01 dt=5.737499e-05
elapsed=3.414302e+03 cycle=3049 time=1.768152e-01 dt=5.737481e-05
elapsed=3.415290e+03 cycle=3050 time=1.768726e-01 dt=5.737464e-05
elapsed=3.416257e+03 cycle=3051 time=1.769300e-01 dt=5.737447e-05
elapsed=3.417203e+03 cycle=3052 time=1.769874e-01 dt=5.737431e-05
elapsed=3.418169e+03 cycle=3053 time=1.770447e-01 dt=5.737414e-05
elapsed=3.419136e+03 cycle=3054 time=1.771021e-01 dt=5.737398e-05
elapsed=3.420116e+03 cycle=3055 time=1.771595e-01 dt=5.737385e-05
elapsed=3.421080e+03 cycle=3056 time=1.772169e-01 dt=5.737374e-05
elapsed=3.422046e+03 cycle=3057 time=1.772742e-01 dt=5.737362e-05
elapsed=3.423010e+03 cycle=3058 time=1.773316e-01 dt=5.737348e-05
elapsed=3.423975e+03 cycle=3059 time=1.773890e-01 dt=5.737333e-05
elapsed=3.424922e+03 cycle=3060 time=1.774464e-01 dt=5.737318e-05
elapsed=3.425884e+03 cycle=3061 time=1.775037e-01 dt=5.737303e-05
elapsed=3.426846e+03 cycle=3062 time=1.775611e-01 dt=5.737286e-05
elapsed=3.427807e+03 cycle=3063 time=1.776185e-01 dt=5.737270e-05
elapsed=3.428755e+03 cycle=3064 time=1.776758e-01 dt=5.737255e-05
elapsed=3.429723e+03 cycle=3065 time=1.777332e-01 dt=5.737241e-05
elapsed=3.430674e+03 cycle=3066 time=1.777906e-01 dt=5.737226e-05
elapsed=3.431635e+03 cycle=3067 time=1.778480e-01 dt=5.737211e-05
elapsed=3.432598e+03 cycle=3068 time=1.779053e-01 dt=5.737196e-05
elapsed=3.433567e+03 cycle=3069 time=1.779627e-01 dt=5.737183e-05
elapsed=3.434517e+03 cycle=3070 time=1.780201e-01 dt=5.737170e-05
elapsed=3.435464e+03 cycle=3071 time=1.780775e-01 dt=5.737159e-05
elapsed=3.436432e+03 cycle=3072 time=1.781348e-01 dt=5.737148e-05
elapsed=3.437381e+03 cycle=3073 time=1.781922e-01 dt=5.737136e-05
elapsed=3.438327e+03 cycle=3074 time=1.782496e-01 dt=5.737125e-05
elapsed=3.439275e+03 cycle=3075 time=1.783069e-01 dt=5.737113e-05
elapsed=3.440238e+03 cycle=3076 time=1.783643e-01 dt=5.737101e-05
elapsed=3.441206e+03 cycle=3077 time=1.784217e-01 dt=5.737090e-05
elapsed=3.442300e+03 cycle=3078 time=1.784791e-01 dt=5.737079e-05
elapsed=3.443280e+03 cycle=3079 time=1.785364e-01 dt=5.737068e-05
elapsed=3.444246e+03 cycle=3080 time=1.785938e-01 dt=5.737058e-05
elapsed=3.445196e+03 cycle=3081 time=1.786512e-01 dt=5.737048e-05
elapsed=3.446167e+03 cycle=3082 time=1.787085e-01 dt=5.737040e-05
elapsed=3.447146e+03 cycle=3083 time=1.787659e-01 dt=5.737032e-05
elapsed=3.448131e+03 cycle=3084 time=1.788233e-01 dt=5.737025e-05
elapsed=3.449078e+03 cycle=3085 time=1.788806e-01 dt=5.737017e-05
elapsed=3.450030e+03 cycle=3086 time=1.789380e-01 dt=5.737009e-05
elapsed=3.450977e+03 cycle=3087 time=1.789954e-01 dt=5.737000e-05
elapsed=3.451941e+03 cycle=3088 time=1.790528e-01 dt=5.736992e-05
elapsed=3.452926e+03 cycle=3089 time=1.791101e-01 dt=5.736982e-05
elapsed=3.453906e+03 cycle=3090 time=1.791675e-01 dt=5.736972e-05
elapsed=3.454871e+03 cycle=3091 time=1.792249e-01 dt=5.736963e-05
elapsed=3.455983e+03 cycle=3092 time=1.792822e-01 dt=5.736952e-05
elapsed=3.456946e+03 cycle=3093 time=1.793396e-01 dt=5.736942e-05
elapsed=3.457913e+03 cycle=3094 time=1.793970e-01 dt=5.736933e-05
elapsed=3.458874e+03 cycle=3095 time=1.794543e-01 dt=5.736924e-05
elapsed=3.459853e+03 cycle=3096 time=1.795117e-01 dt=5.736914e-05
elapsed=3.460814e+03 cycle=3097 time=1.795691e-01 dt=5.736903e-05
elapsed=3.461761e+03 cycle=3098 time=1.796264e-01 dt=5.736894e-05
elapsed=3.462727e+03 cycle=3099 time=1.796838e-01 dt=5.736886e-05
elapsed=3.463693e+03 cycle=3100 time=1.797412e-01 dt=5.736877e-05
elapsed=3.464659e+03 cycle=3101 time=1.797986e-01 dt=5.736868e-05
elapsed=3.465626e+03 cycle=3102 time=1.798559e-01 dt=5.736860e-05
elapsed=3.466586e+03 cycle=3103 time=1.799133e-01 dt=5.736853e-05
elapsed=3.467567e+03 cycle=3104 time=1.799707e-01 dt=5.736845e-05
elapsed=3.487863e+03 cycle=3105 time=1.800280e-01 dt=5.736836e-05
elapsed=3.488830e+03 cycle=3106 time=1.800854e-01 dt=5.736826e-05
elapsed=3.489815e+03 cycle=3107 time=1.801428e-01 dt=5.736817e-05
elapsed=3.490782e+03 cycle=3108 time=1.802001e-01 dt=5.736808e-05
elapsed=3.491745e+03 cycle=3109 time=1.802575e-01 dt=5.736798e-05
elapsed=3.492707e+03 cycle=3110 time=1.803149e-01 dt=5.736787e-05
elapsed=3.493687e+03 cycle=3111 time=1.803722e-01 dt=5.736774e-05
elapsed=3.494636e+03 cycle=3112 time=1.804296e-01 dt=5.736762e-05
elapsed=3.495603e+03 cycle=3113 time=1.804870e-01 dt=5.736750e-05
elapsed=3.496697e+03 cycle=3114 time=1.805443e-01 dt=5.736738e-05
elapsed=3.497644e+03 cycle=3115 time=1.806017e-01 dt=5.736726e-05
elapsed=3.498594e+03 cycle=3116 time=1.806591e-01 dt=5.736714e-05
elapsed=3.499705e+03 cycle=3117 time=1.807164e-01 dt=5.736702e-05
elapsed=3.500671e+03 cycle=3118 time=1.807738e-01 dt=5.736689e-05
elapsed=3.501619e+03 cycle=3119 time=1.808312e-01 dt=5.736675e-05
elapsed=3.502588e+03 cycle=3120 time=1.808885e-01 dt=5.736662e-05
[Tue Dec 30 06:53:12 EST 2025] Found 11 bin files, deleting 1 oldest...
elapsed=3.503536e+03 cycle=3121 time=1.809459e-01 dt=5.736649e-05
elapsed=3.504503e+03 cycle=3122 time=1.810033e-01 dt=5.736637e-05
[Tue Dec 30 06:53:14 EST 2025] Kept 10 most recent bin files.
elapsed=3.505464e+03 cycle=3123 time=1.810606e-01 dt=5.736624e-05
elapsed=3.506424e+03 cycle=3124 time=1.811180e-01 dt=5.736612e-05
elapsed=3.507392e+03 cycle=3125 time=1.811754e-01 dt=5.736599e-05
elapsed=3.508355e+03 cycle=3126 time=1.812327e-01 dt=5.736586e-05
elapsed=3.509319e+03 cycle=3127 time=1.812901e-01 dt=5.736572e-05
elapsed=3.510279e+03 cycle=3128 time=1.813475e-01 dt=5.736559e-05
elapsed=3.511249e+03 cycle=3129 time=1.814048e-01 dt=5.736546e-05
elapsed=3.512212e+03 cycle=3130 time=1.814622e-01 dt=5.736533e-05
elapsed=3.513174e+03 cycle=3131 time=1.815196e-01 dt=5.736519e-05
elapsed=3.514136e+03 cycle=3132 time=1.815769e-01 dt=5.736506e-05
elapsed=3.515246e+03 cycle=3133 time=1.816343e-01 dt=5.736493e-05
elapsed=3.516213e+03 cycle=3134 time=1.816917e-01 dt=5.736482e-05
elapsed=3.517181e+03 cycle=3135 time=1.817490e-01 dt=5.736472e-05
elapsed=3.518126e+03 cycle=3136 time=1.818064e-01 dt=5.736461e-05
elapsed=3.519095e+03 cycle=3137 time=1.818638e-01 dt=5.736449e-05
elapsed=3.520056e+03 cycle=3138 time=1.819211e-01 dt=5.736437e-05
elapsed=3.521002e+03 cycle=3139 time=1.819785e-01 dt=5.736424e-05
elapsed=3.521970e+03 cycle=3140 time=1.820359e-01 dt=5.736411e-05
elapsed=3.522935e+03 cycle=3141 time=1.820932e-01 dt=5.736398e-05
elapsed=3.523882e+03 cycle=3142 time=1.821506e-01 dt=5.736385e-05
elapsed=3.524861e+03 cycle=3143 time=1.822079e-01 dt=5.736373e-05
elapsed=3.525810e+03 cycle=3144 time=1.822653e-01 dt=5.736362e-05
elapsed=3.526790e+03 cycle=3145 time=1.823227e-01 dt=5.736353e-05
elapsed=3.527756e+03 cycle=3146 time=1.823800e-01 dt=5.736343e-05
elapsed=3.528847e+03 cycle=3147 time=1.824374e-01 dt=5.736331e-05
elapsed=3.529792e+03 cycle=3148 time=1.824948e-01 dt=5.736319e-05
elapsed=3.530759e+03 cycle=3149 time=1.825521e-01 dt=5.736307e-05
elapsed=3.531726e+03 cycle=3150 time=1.826095e-01 dt=5.736295e-05
elapsed=3.532691e+03 cycle=3151 time=1.826669e-01 dt=5.736281e-05
elapsed=3.533782e+03 cycle=3152 time=1.827242e-01 dt=5.736266e-05
elapsed=3.534874e+03 cycle=3153 time=1.827816e-01 dt=5.736252e-05
elapsed=3.535984e+03 cycle=3154 time=1.828389e-01 dt=5.736237e-05
elapsed=3.536932e+03 cycle=3155 time=1.828963e-01 dt=5.736222e-05
elapsed=3.537898e+03 cycle=3156 time=1.829537e-01 dt=5.736208e-05
elapsed=3.539011e+03 cycle=3157 time=1.830110e-01 dt=5.736193e-05
elapsed=3.539979e+03 cycle=3158 time=1.830684e-01 dt=5.736176e-05
elapsed=3.540958e+03 cycle=3159 time=1.831257e-01 dt=5.736159e-05
elapsed=3.541921e+03 cycle=3160 time=1.831831e-01 dt=5.736141e-05
elapsed=3.542873e+03 cycle=3161 time=1.832405e-01 dt=5.736125e-05
elapsed=3.543821e+03 cycle=3162 time=1.832978e-01 dt=5.736111e-05
elapsed=3.544788e+03 cycle=3163 time=1.833552e-01 dt=5.736097e-05
elapsed=3.545737e+03 cycle=3164 time=1.834126e-01 dt=5.736082e-05
elapsed=3.546828e+03 cycle=3165 time=1.834699e-01 dt=5.736068e-05
elapsed=3.547794e+03 cycle=3166 time=1.835273e-01 dt=5.736053e-05
elapsed=3.548780e+03 cycle=3167 time=1.835846e-01 dt=5.736039e-05
elapsed=3.549739e+03 cycle=3168 time=1.836420e-01 dt=5.736025e-05
elapsed=3.550689e+03 cycle=3169 time=1.836994e-01 dt=5.736009e-05
elapsed=3.551635e+03 cycle=3170 time=1.837567e-01 dt=5.735992e-05
elapsed=3.552584e+03 cycle=3171 time=1.838141e-01 dt=5.735976e-05
elapsed=3.553543e+03 cycle=3172 time=1.838714e-01 dt=5.735960e-05
elapsed=3.554507e+03 cycle=3173 time=1.839288e-01 dt=5.735944e-05
elapsed=3.555472e+03 cycle=3174 time=1.839862e-01 dt=5.735928e-05
elapsed=3.556454e+03 cycle=3175 time=1.840435e-01 dt=5.735912e-05
elapsed=3.557401e+03 cycle=3176 time=1.841009e-01 dt=5.735896e-05
elapsed=3.558348e+03 cycle=3177 time=1.841582e-01 dt=5.735879e-05
elapsed=3.559310e+03 cycle=3178 time=1.842156e-01 dt=5.735863e-05
elapsed=3.560258e+03 cycle=3179 time=1.842730e-01 dt=5.735848e-05
elapsed=3.561208e+03 cycle=3180 time=1.843303e-01 dt=5.735834e-05
elapsed=3.562299e+03 cycle=3181 time=1.843877e-01 dt=5.735820e-05
elapsed=3.563277e+03 cycle=3182 time=1.844450e-01 dt=5.735806e-05
elapsed=3.564226e+03 cycle=3183 time=1.845024e-01 dt=5.735792e-05
elapsed=3.565193e+03 cycle=3184 time=1.845597e-01 dt=5.735777e-05
elapsed=3.566154e+03 cycle=3185 time=1.846171e-01 dt=5.735762e-05
elapsed=3.567137e+03 cycle=3186 time=1.846745e-01 dt=5.735747e-05
elapsed=3.568097e+03 cycle=3187 time=1.847318e-01 dt=5.735732e-05
elapsed=3.569044e+03 cycle=3188 time=1.847892e-01 dt=5.735718e-05
elapsed=3.570025e+03 cycle=3189 time=1.848465e-01 dt=5.735703e-05
elapsed=3.570976e+03 cycle=3190 time=1.849039e-01 dt=5.735688e-05
elapsed=3.572086e+03 cycle=3191 time=1.849612e-01 dt=5.735673e-05
elapsed=3.573058e+03 cycle=3192 time=1.850186e-01 dt=5.735657e-05
elapsed=3.574018e+03 cycle=3193 time=1.850760e-01 dt=5.735642e-05
elapsed=3.574965e+03 cycle=3194 time=1.851333e-01 dt=5.735627e-05
elapsed=3.575927e+03 cycle=3195 time=1.851907e-01 dt=5.735610e-05
elapsed=3.576875e+03 cycle=3196 time=1.852480e-01 dt=5.735594e-05
elapsed=3.577860e+03 cycle=3197 time=1.853054e-01 dt=5.735578e-05
elapsed=3.578820e+03 cycle=3198 time=1.853627e-01 dt=5.735562e-05
elapsed=3.579781e+03 cycle=3199 time=1.854201e-01 dt=5.735545e-05
elapsed=3.580731e+03 cycle=3200 time=1.854774e-01 dt=5.735528e-05
elapsed=3.581678e+03 cycle=3201 time=1.855348e-01 dt=5.735511e-05
elapsed=3.582625e+03 cycle=3202 time=1.855922e-01 dt=5.735493e-05
elapsed=3.583587e+03 cycle=3203 time=1.856495e-01 dt=5.735476e-05
elapsed=3.584553e+03 cycle=3204 time=1.857069e-01 dt=5.735457e-05
elapsed=3.585521e+03 cycle=3205 time=1.857642e-01 dt=5.735438e-05
elapsed=3.586614e+03 cycle=3206 time=1.858216e-01 dt=5.735417e-05
elapsed=3.587575e+03 cycle=3207 time=1.858789e-01 dt=5.735397e-05
elapsed=3.588556e+03 cycle=3208 time=1.859363e-01 dt=5.735376e-05
elapsed=3.589524e+03 cycle=3209 time=1.859936e-01 dt=5.735355e-05
elapsed=3.590489e+03 cycle=3210 time=1.860510e-01 dt=5.735332e-05
elapsed=3.591453e+03 cycle=3211 time=1.861083e-01 dt=5.735309e-05
elapsed=3.592434e+03 cycle=3212 time=1.861657e-01 dt=5.735285e-05
elapsed=3.593402e+03 cycle=3213 time=1.862231e-01 dt=5.735260e-05
elapsed=3.594381e+03 cycle=3214 time=1.862804e-01 dt=5.735235e-05
elapsed=3.595328e+03 cycle=3215 time=1.863378e-01 dt=5.735212e-05
elapsed=3.596310e+03 cycle=3216 time=1.863951e-01 dt=5.735191e-05
elapsed=3.597289e+03 cycle=3217 time=1.864525e-01 dt=5.735170e-05
elapsed=3.598268e+03 cycle=3218 time=1.865098e-01 dt=5.735148e-05
elapsed=3.599230e+03 cycle=3219 time=1.865672e-01 dt=5.735127e-05
elapsed=3.600178e+03 cycle=3220 time=1.866245e-01 dt=5.735106e-05
elapsed=3.601140e+03 cycle=3221 time=1.866819e-01 dt=5.735084e-05
elapsed=3.602105e+03 cycle=3222 time=1.867392e-01 dt=5.735062e-05
elapsed=3.603072e+03 cycle=3223 time=1.867966e-01 dt=5.735040e-05
elapsed=3.604052e+03 cycle=3224 time=1.868539e-01 dt=5.735018e-05
elapsed=3.605019e+03 cycle=3225 time=1.869113e-01 dt=5.734995e-05
elapsed=3.605985e+03 cycle=3226 time=1.869686e-01 dt=5.734970e-05
elapsed=3.606956e+03 cycle=3227 time=1.870260e-01 dt=5.734943e-05
elapsed=3.607904e+03 cycle=3228 time=1.870833e-01 dt=5.734916e-05
elapsed=3.608866e+03 cycle=3229 time=1.871407e-01 dt=5.734888e-05
elapsed=3.609828e+03 cycle=3230 time=1.871980e-01 dt=5.734861e-05
elapsed=3.610922e+03 cycle=3231 time=1.872554e-01 dt=5.734833e-05
elapsed=3.611892e+03 cycle=3232 time=1.873127e-01 dt=5.734805e-05
elapsed=3.612854e+03 cycle=3233 time=1.873701e-01 dt=5.734778e-05
elapsed=3.613801e+03 cycle=3234 time=1.874274e-01 dt=5.734750e-05
elapsed=3.614780e+03 cycle=3235 time=1.874848e-01 dt=5.734722e-05
elapsed=3.615727e+03 cycle=3236 time=1.875421e-01 dt=5.734695e-05
elapsed=3.616706e+03 cycle=3237 time=1.875995e-01 dt=5.734669e-05
elapsed=3.617677e+03 cycle=3238 time=1.876568e-01 dt=5.734643e-05
elapsed=3.618639e+03 cycle=3239 time=1.877141e-01 dt=5.734618e-05
elapsed=3.619589e+03 cycle=3240 time=1.877715e-01 dt=5.734593e-05
elapsed=3.620552e+03 cycle=3241 time=1.878288e-01 dt=5.734569e-05
elapsed=3.621515e+03 cycle=3242 time=1.878862e-01 dt=5.734547e-05
elapsed=3.622496e+03 cycle=3243 time=1.879435e-01 dt=5.734525e-05
elapsed=3.623462e+03 cycle=3244 time=1.880009e-01 dt=5.734505e-05
elapsed=3.624429e+03 cycle=3245 time=1.880582e-01 dt=5.734485e-05
elapsed=3.625393e+03 cycle=3246 time=1.881156e-01 dt=5.734466e-05
elapsed=3.626354e+03 cycle=3247 time=1.881729e-01 dt=5.734447e-05
elapsed=3.627316e+03 cycle=3248 time=1.882303e-01 dt=5.734429e-05
elapsed=3.628281e+03 cycle=3249 time=1.882876e-01 dt=5.734412e-05
elapsed=3.629244e+03 cycle=3250 time=1.883449e-01 dt=5.734394e-05
elapsed=3.630212e+03 cycle=3251 time=1.884023e-01 dt=5.734377e-05
elapsed=3.631180e+03 cycle=3252 time=1.884596e-01 dt=5.734359e-05
elapsed=3.632161e+03 cycle=3253 time=1.885170e-01 dt=5.734342e-05
elapsed=3.633109e+03 cycle=3254 time=1.885743e-01 dt=5.734324e-05
elapsed=3.634090e+03 cycle=3255 time=1.886317e-01 dt=5.734306e-05
elapsed=3.635073e+03 cycle=3256 time=1.886890e-01 dt=5.734288e-05
elapsed=3.636052e+03 cycle=3257 time=1.887463e-01 dt=5.734269e-05
elapsed=3.636999e+03 cycle=3258 time=1.888037e-01 dt=5.734251e-05
elapsed=3.637960e+03 cycle=3259 time=1.888610e-01 dt=5.734232e-05
elapsed=3.638927e+03 cycle=3260 time=1.889184e-01 dt=5.734214e-05
elapsed=3.639907e+03 cycle=3261 time=1.889757e-01 dt=5.734195e-05
elapsed=3.640873e+03 cycle=3262 time=1.890331e-01 dt=5.734178e-05
elapsed=3.641833e+03 cycle=3263 time=1.890904e-01 dt=5.734160e-05
elapsed=3.642813e+03 cycle=3264 time=1.891477e-01 dt=5.734141e-05
elapsed=3.643763e+03 cycle=3265 time=1.892051e-01 dt=5.734122e-05
elapsed=3.644712e+03 cycle=3266 time=1.892624e-01 dt=5.734102e-05
elapsed=3.645690e+03 cycle=3267 time=1.893198e-01 dt=5.734082e-05
elapsed=3.646657e+03 cycle=3268 time=1.893771e-01 dt=5.734064e-05
elapsed=3.647605e+03 cycle=3269 time=1.894344e-01 dt=5.734046e-05
elapsed=3.648570e+03 cycle=3270 time=1.894918e-01 dt=5.734029e-05
elapsed=3.649517e+03 cycle=3271 time=1.895491e-01 dt=5.734012e-05
elapsed=3.650479e+03 cycle=3272 time=1.896065e-01 dt=5.733995e-05
elapsed=3.651594e+03 cycle=3273 time=1.896638e-01 dt=5.733979e-05
elapsed=3.652560e+03 cycle=3274 time=1.897211e-01 dt=5.733963e-05
elapsed=3.653540e+03 cycle=3275 time=1.897785e-01 dt=5.733948e-05
elapsed=3.654521e+03 cycle=3276 time=1.898358e-01 dt=5.733931e-05
elapsed=3.655470e+03 cycle=3277 time=1.898932e-01 dt=5.733915e-05
elapsed=3.656431e+03 cycle=3278 time=1.899505e-01 dt=5.733899e-05
elapsed=3.677168e+03 cycle=3279 time=1.900078e-01 dt=5.733883e-05
elapsed=3.678131e+03 cycle=3280 time=1.900652e-01 dt=5.733866e-05
elapsed=3.679099e+03 cycle=3281 time=1.901225e-01 dt=5.733849e-05
elapsed=3.680077e+03 cycle=3282 time=1.901799e-01 dt=5.733832e-05
elapsed=3.681058e+03 cycle=3283 time=1.902372e-01 dt=5.733816e-05
elapsed=3.682005e+03 cycle=3284 time=1.902945e-01 dt=5.733799e-05
elapsed=3.682955e+03 cycle=3285 time=1.903519e-01 dt=5.733782e-05
elapsed=3.683935e+03 cycle=3286 time=1.904092e-01 dt=5.733766e-05
[Tue Dec 30 06:56:14 EST 2025] Found 11 bin files, deleting 1 oldest...
elapsed=3.685029e+03 cycle=3287 time=1.904665e-01 dt=5.733749e-05
elapsed=3.685990e+03 cycle=3288 time=1.905239e-01 dt=5.733730e-05
[Tue Dec 30 06:56:16 EST 2025] Kept 10 most recent bin files.
elapsed=3.686956e+03 cycle=3289 time=1.905812e-01 dt=5.733711e-05
elapsed=3.687924e+03 cycle=3290 time=1.906386e-01 dt=5.733691e-05
elapsed=3.688870e+03 cycle=3291 time=1.906959e-01 dt=5.733673e-05
elapsed=3.689819e+03 cycle=3292 time=1.907532e-01 dt=5.733654e-05
elapsed=3.690781e+03 cycle=3293 time=1.908106e-01 dt=5.733636e-05
elapsed=3.691760e+03 cycle=3294 time=1.908679e-01 dt=5.733619e-05
elapsed=3.692740e+03 cycle=3295 time=1.909252e-01 dt=5.733602e-05
elapsed=3.693703e+03 cycle=3296 time=1.909826e-01 dt=5.733585e-05
elapsed=3.694669e+03 cycle=3297 time=1.910399e-01 dt=5.733571e-05
elapsed=3.695638e+03 cycle=3298 time=1.910972e-01 dt=5.733556e-05
elapsed=3.696584e+03 cycle=3299 time=1.911546e-01 dt=5.733541e-05
elapsed=3.697551e+03 cycle=3300 time=1.912119e-01 dt=5.733527e-05
elapsed=3.698531e+03 cycle=3301 time=1.912693e-01 dt=5.733514e-05
elapsed=3.699495e+03 cycle=3302 time=1.913266e-01 dt=5.733500e-05
elapsed=3.700475e+03 cycle=3303 time=1.913839e-01 dt=5.733486e-05
elapsed=3.701454e+03 cycle=3304 time=1.914413e-01 dt=5.733473e-05
elapsed=3.702415e+03 cycle=3305 time=1.914986e-01 dt=5.733459e-05
elapsed=3.703367e+03 cycle=3306 time=1.915559e-01 dt=5.733445e-05
elapsed=3.704349e+03 cycle=3307 time=1.916133e-01 dt=5.733430e-05
elapsed=3.705311e+03 cycle=3308 time=1.916706e-01 dt=5.733416e-05
elapsed=3.706260e+03 cycle=3309 time=1.917279e-01 dt=5.733401e-05
elapsed=3.707207e+03 cycle=3310 time=1.917853e-01 dt=5.733386e-05
elapsed=3.708155e+03 cycle=3311 time=1.918426e-01 dt=5.733371e-05
elapsed=3.709102e+03 cycle=3312 time=1.918999e-01 dt=5.733356e-05
elapsed=3.710088e+03 cycle=3313 time=1.919573e-01 dt=5.733340e-05
elapsed=3.711049e+03 cycle=3314 time=1.920146e-01 dt=5.733327e-05
elapsed=3.712018e+03 cycle=3315 time=1.920719e-01 dt=5.733314e-05
elapsed=3.712998e+03 cycle=3316 time=1.921293e-01 dt=5.733301e-05
elapsed=3.713958e+03 cycle=3317 time=1.921866e-01 dt=5.733288e-05
elapsed=3.714926e+03 cycle=3318 time=1.922439e-01 dt=5.733275e-05
elapsed=3.715886e+03 cycle=3319 time=1.923013e-01 dt=5.733265e-05
elapsed=3.716851e+03 cycle=3320 time=1.923586e-01 dt=5.733256e-05
elapsed=3.717797e+03 cycle=3321 time=1.924159e-01 dt=5.733248e-05
elapsed=3.718766e+03 cycle=3322 time=1.924733e-01 dt=5.733241e-05
elapsed=3.719726e+03 cycle=3323 time=1.925306e-01 dt=5.733234e-05
elapsed=3.720706e+03 cycle=3324 time=1.925879e-01 dt=5.733227e-05
elapsed=3.721673e+03 cycle=3325 time=1.926453e-01 dt=5.733221e-05
elapsed=3.722637e+03 cycle=3326 time=1.927026e-01 dt=5.733215e-05
elapsed=3.723617e+03 cycle=3327 time=1.927599e-01 dt=5.733208e-05
elapsed=3.724597e+03 cycle=3328 time=1.928173e-01 dt=5.733201e-05
elapsed=3.725558e+03 cycle=3329 time=1.928746e-01 dt=5.733192e-05
elapsed=3.726526e+03 cycle=3330 time=1.929319e-01 dt=5.733182e-05
elapsed=3.727510e+03 cycle=3331 time=1.929893e-01 dt=5.733169e-05
elapsed=3.728475e+03 cycle=3332 time=1.930466e-01 dt=5.733157e-05
elapsed=3.729422e+03 cycle=3333 time=1.931039e-01 dt=5.733145e-05
elapsed=3.730373e+03 cycle=3334 time=1.931612e-01 dt=5.733134e-05
elapsed=3.731333e+03 cycle=3335 time=1.932186e-01 dt=5.733122e-05
elapsed=3.732314e+03 cycle=3336 time=1.932759e-01 dt=5.733110e-05
elapsed=3.733265e+03 cycle=3337 time=1.933332e-01 dt=5.733097e-05
elapsed=3.734251e+03 cycle=3338 time=1.933906e-01 dt=5.733084e-05
elapsed=3.735199e+03 cycle=3339 time=1.934479e-01 dt=5.733071e-05
elapsed=3.736168e+03 cycle=3340 time=1.935052e-01 dt=5.733059e-05
elapsed=3.737134e+03 cycle=3341 time=1.935626e-01 dt=5.733049e-05
elapsed=3.738097e+03 cycle=3342 time=1.936199e-01 dt=5.733039e-05
elapsed=3.739045e+03 cycle=3343 time=1.936772e-01 dt=5.733030e-05
elapsed=3.739994e+03 cycle=3344 time=1.937346e-01 dt=5.733020e-05
elapsed=3.740940e+03 cycle=3345 time=1.937919e-01 dt=5.733010e-05
elapsed=3.741901e+03 cycle=3346 time=1.938492e-01 dt=5.733002e-05
elapsed=3.742882e+03 cycle=3347 time=1.939065e-01 dt=5.732995e-05
elapsed=3.743867e+03 cycle=3348 time=1.939639e-01 dt=5.732987e-05
elapsed=3.744979e+03 cycle=3349 time=1.940212e-01 dt=5.732980e-05
elapsed=3.745924e+03 cycle=3350 time=1.940785e-01 dt=5.732973e-05
elapsed=3.746885e+03 cycle=3351 time=1.941359e-01 dt=5.732966e-05
elapsed=3.747834e+03 cycle=3352 time=1.941932e-01 dt=5.732958e-05
elapsed=3.748927e+03 cycle=3353 time=1.942505e-01 dt=5.732948e-05
elapsed=3.749874e+03 cycle=3354 time=1.943079e-01 dt=5.732938e-05
elapsed=3.750835e+03 cycle=3355 time=1.943652e-01 dt=5.732929e-05
elapsed=3.751807e+03 cycle=3356 time=1.944225e-01 dt=5.732919e-05
elapsed=3.752769e+03 cycle=3357 time=1.944798e-01 dt=5.732909e-05
elapsed=3.753748e+03 cycle=3358 time=1.945372e-01 dt=5.732899e-05
elapsed=3.754696e+03 cycle=3359 time=1.945945e-01 dt=5.732890e-05
elapsed=3.755645e+03 cycle=3360 time=1.946518e-01 dt=5.732880e-05
elapsed=3.756631e+03 cycle=3361 time=1.947092e-01 dt=5.732870e-05
elapsed=3.757590e+03 cycle=3362 time=1.947665e-01 dt=5.732860e-05
elapsed=3.758539e+03 cycle=3363 time=1.948238e-01 dt=5.732850e-05
elapsed=3.759521e+03 cycle=3364 time=1.948811e-01 dt=5.732842e-05
elapsed=3.760490e+03 cycle=3365 time=1.949385e-01 dt=5.732833e-05
elapsed=3.761472e+03 cycle=3366 time=1.949958e-01 dt=5.732825e-05
elapsed=3.762421e+03 cycle=3367 time=1.950531e-01 dt=5.732818e-05
elapsed=3.763370e+03 cycle=3368 time=1.951105e-01 dt=5.732810e-05
elapsed=3.764337e+03 cycle=3369 time=1.951678e-01 dt=5.732801e-05
elapsed=3.765285e+03 cycle=3370 time=1.952251e-01 dt=5.732792e-05
elapsed=3.766234e+03 cycle=3371 time=1.952824e-01 dt=5.732782e-05
elapsed=3.767200e+03 cycle=3372 time=1.953398e-01 dt=5.732772e-05
elapsed=3.768183e+03 cycle=3373 time=1.953971e-01 dt=5.732762e-05
elapsed=3.769149e+03 cycle=3374 time=1.954544e-01 dt=5.732753e-05
elapsed=3.770111e+03 cycle=3375 time=1.955118e-01 dt=5.732745e-05
elapsed=3.771224e+03 cycle=3376 time=1.955691e-01 dt=5.732736e-05
elapsed=3.772184e+03 cycle=3377 time=1.956264e-01 dt=5.732728e-05
elapsed=3.773145e+03 cycle=3378 time=1.956837e-01 dt=5.732720e-05
elapsed=3.774107e+03 cycle=3379 time=1.957411e-01 dt=5.732712e-05
elapsed=3.775069e+03 cycle=3380 time=1.957984e-01 dt=5.732704e-05
elapsed=3.776015e+03 cycle=3381 time=1.958557e-01 dt=5.732695e-05
elapsed=3.776980e+03 cycle=3382 time=1.959130e-01 dt=5.732686e-05
elapsed=3.777940e+03 cycle=3383 time=1.959704e-01 dt=5.732676e-05
elapsed=3.778909e+03 cycle=3384 time=1.960277e-01 dt=5.732667e-05
elapsed=3.780001e+03 cycle=3385 time=1.960850e-01 dt=5.732658e-05
elapsed=3.780982e+03 cycle=3386 time=1.961423e-01 dt=5.732649e-05
elapsed=3.782092e+03 cycle=3387 time=1.961997e-01 dt=5.732640e-05
elapsed=3.783075e+03 cycle=3388 time=1.962570e-01 dt=5.732631e-05
elapsed=3.784026e+03 cycle=3389 time=1.963143e-01 dt=5.732622e-05
elapsed=3.785009e+03 cycle=3390 time=1.963717e-01 dt=5.732614e-05
elapsed=3.785956e+03 cycle=3391 time=1.964290e-01 dt=5.732607e-05
elapsed=3.786920e+03 cycle=3392 time=1.964863e-01 dt=5.732601e-05
elapsed=3.787882e+03 cycle=3393 time=1.965436e-01 dt=5.732594e-05
elapsed=3.788862e+03 cycle=3394 time=1.966010e-01 dt=5.732587e-05
elapsed=3.789824e+03 cycle=3395 time=1.966583e-01 dt=5.732580e-05
elapsed=3.790790e+03 cycle=3396 time=1.967156e-01 dt=5.732575e-05
elapsed=3.791744e+03 cycle=3397 time=1.967729e-01 dt=5.732569e-05
elapsed=3.792710e+03 cycle=3398 time=1.968303e-01 dt=5.732564e-05
elapsed=3.793678e+03 cycle=3399 time=1.968876e-01 dt=5.732559e-05
elapsed=3.794639e+03 cycle=3400 time=1.969449e-01 dt=5.732554e-05
elapsed=3.795602e+03 cycle=3401 time=1.970022e-01 dt=5.732547e-05
elapsed=3.796564e+03 cycle=3402 time=1.970596e-01 dt=5.732538e-05
elapsed=3.797529e+03 cycle=3403 time=1.971169e-01 dt=5.732530e-05
elapsed=3.798490e+03 cycle=3404 time=1.971742e-01 dt=5.732523e-05
elapsed=3.799455e+03 cycle=3405 time=1.972315e-01 dt=5.732519e-05
elapsed=3.800403e+03 cycle=3406 time=1.972889e-01 dt=5.732515e-05
elapsed=3.801353e+03 cycle=3407 time=1.973462e-01 dt=5.732513e-05
elapsed=3.802445e+03 cycle=3408 time=1.974035e-01 dt=5.732510e-05
elapsed=3.803412e+03 cycle=3409 time=1.974608e-01 dt=5.732509e-05
elapsed=3.804361e+03 cycle=3410 time=1.975182e-01 dt=5.732509e-05
elapsed=3.805312e+03 cycle=3411 time=1.975755e-01 dt=5.732509e-05
elapsed=3.806272e+03 cycle=3412 time=1.976328e-01 dt=5.732509e-05
elapsed=3.807254e+03 cycle=3413 time=1.976901e-01 dt=5.732509e-05
elapsed=3.808202e+03 cycle=3414 time=1.977475e-01 dt=5.732506e-05
elapsed=3.809167e+03 cycle=3415 time=1.978048e-01 dt=5.732502e-05
elapsed=3.810134e+03 cycle=3416 time=1.978621e-01 dt=5.732498e-05
elapsed=3.811227e+03 cycle=3417 time=1.979194e-01 dt=5.732493e-05
elapsed=3.812190e+03 cycle=3418 time=1.979768e-01 dt=5.732489e-05
elapsed=3.813172e+03 cycle=3419 time=1.980341e-01 dt=5.732484e-05
elapsed=3.814117e+03 cycle=3420 time=1.980914e-01 dt=5.732482e-05
elapsed=3.815085e+03 cycle=3421 time=1.981487e-01 dt=5.732481e-05
elapsed=3.816049e+03 cycle=3422 time=1.982061e-01 dt=5.732479e-05
elapsed=3.817014e+03 cycle=3423 time=1.982634e-01 dt=5.732476e-05
elapsed=3.817993e+03 cycle=3424 time=1.983207e-01 dt=5.732474e-05
elapsed=3.818960e+03 cycle=3425 time=1.983780e-01 dt=5.732469e-05
elapsed=3.820052e+03 cycle=3426 time=1.984354e-01 dt=5.732464e-05
elapsed=3.821000e+03 cycle=3427 time=1.984927e-01 dt=5.732458e-05
elapsed=3.821966e+03 cycle=3428 time=1.985500e-01 dt=5.732453e-05
elapsed=3.822927e+03 cycle=3429 time=1.986073e-01 dt=5.732447e-05
elapsed=3.823892e+03 cycle=3430 time=1.986647e-01 dt=5.732441e-05
elapsed=3.824843e+03 cycle=3431 time=1.987220e-01 dt=5.732434e-05
elapsed=3.825806e+03 cycle=3432 time=1.987793e-01 dt=5.732427e-05
elapsed=3.826917e+03 cycle=3433 time=1.988366e-01 dt=5.732419e-05
elapsed=3.827877e+03 cycle=3434 time=1.988940e-01 dt=5.732412e-05
elapsed=3.828828e+03 cycle=3435 time=1.989513e-01 dt=5.732404e-05
elapsed=3.829807e+03 cycle=3436 time=1.990086e-01 dt=5.732392e-05
elapsed=3.830754e+03 cycle=3437 time=1.990659e-01 dt=5.732380e-05
elapsed=3.831721e+03 cycle=3438 time=1.991233e-01 dt=5.732369e-05
elapsed=3.832670e+03 cycle=3439 time=1.991806e-01 dt=5.732357e-05
elapsed=3.833650e+03 cycle=3440 time=1.992379e-01 dt=5.732345e-05
elapsed=3.834630e+03 cycle=3441 time=1.992952e-01 dt=5.732333e-05
elapsed=3.835579e+03 cycle=3442 time=1.993525e-01 dt=5.732321e-05
elapsed=3.836542e+03 cycle=3443 time=1.994099e-01 dt=5.732310e-05
elapsed=3.837656e+03 cycle=3444 time=1.994672e-01 dt=5.732298e-05
elapsed=3.838636e+03 cycle=3445 time=1.995245e-01 dt=5.732288e-05
elapsed=3.839586e+03 cycle=3446 time=1.995818e-01 dt=5.732279e-05
elapsed=3.840548e+03 cycle=3447 time=1.996392e-01 dt=5.732270e-05
elapsed=3.841508e+03 cycle=3448 time=1.996965e-01 dt=5.732262e-05
elapsed=3.842470e+03 cycle=3449 time=1.997538e-01 dt=5.732253e-05
elapsed=3.843442e+03 cycle=3450 time=1.998111e-01 dt=5.732244e-05
elapsed=3.844422e+03 cycle=3451 time=1.998685e-01 dt=5.732236e-05
elapsed=3.845370e+03 cycle=3452 time=1.999258e-01 dt=5.732228e-05
elapsed=3.846342e+03 cycle=3453 time=1.999831e-01 dt=5.732220e-05
[Tue Dec 30 06:59:16 EST 2025] Found 11 bin files, deleting 1 oldest...
[Tue Dec 30 06:59:18 EST 2025] Kept 10 most recent bin files.
elapsed=3.911989e+03 cycle=3454 time=2.000404e-01 dt=5.732212e-05
elapsed=3.912940e+03 cycle=3455 time=2.000977e-01 dt=5.732204e-05
elapsed=3.913902e+03 cycle=3456 time=2.001551e-01 dt=5.732196e-05
elapsed=3.914851e+03 cycle=3457 time=2.002124e-01 dt=5.732188e-05
elapsed=3.915817e+03 cycle=3458 time=2.002697e-01 dt=5.732180e-05
elapsed=3.916767e+03 cycle=3459 time=2.003270e-01 dt=5.732173e-05
elapsed=3.917750e+03 cycle=3460 time=2.003844e-01 dt=5.732165e-05
elapsed=3.918698e+03 cycle=3461 time=2.004417e-01 dt=5.732155e-05
elapsed=3.919660e+03 cycle=3462 time=2.004990e-01 dt=5.732146e-05
elapsed=3.920639e+03 cycle=3463 time=2.005563e-01 dt=5.732139e-05
elapsed=3.921590e+03 cycle=3464 time=2.006136e-01 dt=5.732131e-05
elapsed=3.922685e+03 cycle=3465 time=2.006710e-01 dt=5.732125e-05
elapsed=3.923666e+03 cycle=3466 time=2.007283e-01 dt=5.732118e-05
elapsed=3.924631e+03 cycle=3467 time=2.007856e-01 dt=5.732109e-05
elapsed=3.925592e+03 cycle=3468 time=2.008429e-01 dt=5.732100e-05
elapsed=3.926705e+03 cycle=3469 time=2.009002e-01 dt=5.732093e-05
elapsed=3.927667e+03 cycle=3470 time=2.009576e-01 dt=5.732086e-05
[Tue Dec 30 07:00:18 EST 2025] Found 2 restart files, deleting 1 oldest...
elapsed=3.928614e+03 cycle=3471 time=2.010149e-01 dt=5.732080e-05
elapsed=3.929578e+03 cycle=3472 time=2.010722e-01 dt=5.732075e-05
elapsed=3.930558e+03 cycle=3473 time=2.011295e-01 dt=5.732071e-05
elapsed=3.931506e+03 cycle=3474 time=2.011868e-01 dt=5.732067e-05
elapsed=3.932470e+03 cycle=3475 time=2.012442e-01 dt=5.732064e-05
elapsed=3.933433e+03 cycle=3476 time=2.013015e-01 dt=5.732059e-05
[Tue Dec 30 07:00:23 EST 2025] Kept only the most recent restart file.
elapsed=3.934398e+03 cycle=3477 time=2.013588e-01 dt=5.732053e-05
elapsed=3.935347e+03 cycle=3478 time=2.014161e-01 dt=5.732048e-05
elapsed=3.936311e+03 cycle=3479 time=2.014735e-01 dt=5.732042e-05
elapsed=3.937258e+03 cycle=3480 time=2.015308e-01 dt=5.732036e-05
elapsed=3.938369e+03 cycle=3481 time=2.015881e-01 dt=5.732031e-05
elapsed=3.939334e+03 cycle=3482 time=2.016454e-01 dt=5.732026e-05
elapsed=3.940300e+03 cycle=3483 time=2.017027e-01 dt=5.732021e-05
elapsed=3.941285e+03 cycle=3484 time=2.017601e-01 dt=5.732016e-05
elapsed=3.942247e+03 cycle=3485 time=2.018174e-01 dt=5.732012e-05
elapsed=3.943205e+03 cycle=3486 time=2.018747e-01 dt=5.732009e-05
elapsed=3.944172e+03 cycle=3487 time=2.019320e-01 dt=5.732008e-05
elapsed=3.945119e+03 cycle=3488 time=2.019893e-01 dt=5.732007e-05
elapsed=3.946067e+03 cycle=3489 time=2.020467e-01 dt=5.732007e-05
elapsed=3.947022e+03 cycle=3490 time=2.021040e-01 dt=5.732006e-05
elapsed=3.947983e+03 cycle=3491 time=2.021613e-01 dt=5.732005e-05
elapsed=3.948934e+03 cycle=3492 time=2.022186e-01 dt=5.732005e-05
elapsed=3.949896e+03 cycle=3493 time=2.022759e-01 dt=5.732006e-05
elapsed=3.950875e+03 cycle=3494 time=2.023333e-01 dt=5.732007e-05
elapsed=3.951835e+03 cycle=3495 time=2.023906e-01 dt=5.732008e-05
elapsed=3.952783e+03 cycle=3496 time=2.024479e-01 dt=5.732011e-05
elapsed=3.953751e+03 cycle=3497 time=2.025052e-01 dt=5.732014e-05
elapsed=3.954699e+03 cycle=3498 time=2.025625e-01 dt=5.732017e-05
elapsed=3.955660e+03 cycle=3499 time=2.026199e-01 dt=5.732019e-05
elapsed=3.956611e+03 cycle=3500 time=2.026772e-01 dt=5.732022e-05
elapsed=3.957590e+03 cycle=3501 time=2.027345e-01 dt=5.732027e-05
elapsed=3.958558e+03 cycle=3502 time=2.027918e-01 dt=5.732034e-05
elapsed=3.959649e+03 cycle=3503 time=2.028491e-01 dt=5.732040e-05
elapsed=3.960598e+03 cycle=3504 time=2.029065e-01 dt=5.732046e-05
elapsed=3.961565e+03 cycle=3505 time=2.029638e-01 dt=5.732053e-05
elapsed=3.962513e+03 cycle=3506 time=2.030211e-01 dt=5.732061e-05
elapsed=3.963481e+03 cycle=3507 time=2.030784e-01 dt=5.732069e-05
elapsed=3.964428e+03 cycle=3508 time=2.031357e-01 dt=5.732076e-05
elapsed=3.965397e+03 cycle=3509 time=2.031931e-01 dt=5.732084e-05
elapsed=3.966363e+03 cycle=3510 time=2.032504e-01 dt=5.732094e-05
elapsed=3.967344e+03 cycle=3511 time=2.033077e-01 dt=5.732105e-05
elapsed=3.968312e+03 cycle=3512 time=2.033650e-01 dt=5.732116e-05
elapsed=3.969294e+03 cycle=3513 time=2.034223e-01 dt=5.732128e-05
elapsed=3.970385e+03 cycle=3514 time=2.034797e-01 dt=5.732140e-05
elapsed=3.971497e+03 cycle=3515 time=2.035370e-01 dt=5.732152e-05
elapsed=3.972461e+03 cycle=3516 time=2.035943e-01 dt=5.732164e-05
elapsed=3.973428e+03 cycle=3517 time=2.036516e-01 dt=5.732177e-05
elapsed=3.974414e+03 cycle=3518 time=2.037090e-01 dt=5.732188e-05
elapsed=3.975362e+03 cycle=3519 time=2.037663e-01 dt=5.732198e-05
elapsed=3.976341e+03 cycle=3520 time=2.038236e-01 dt=5.732210e-05
elapsed=3.977321e+03 cycle=3521 time=2.038809e-01 dt=5.732222e-05
elapsed=3.978286e+03 cycle=3522 time=2.039382e-01 dt=5.732235e-05
elapsed=3.979249e+03 cycle=3523 time=2.039956e-01 dt=5.732247e-05
elapsed=3.980199e+03 cycle=3524 time=2.040529e-01 dt=5.732259e-05
elapsed=3.981182e+03 cycle=3525 time=2.041102e-01 dt=5.732270e-05
elapsed=3.982128e+03 cycle=3526 time=2.041675e-01 dt=5.732280e-05
elapsed=3.983092e+03 cycle=3527 time=2.042249e-01 dt=5.732291e-05
elapsed=3.984042e+03 cycle=3528 time=2.042822e-01 dt=5.732302e-05
elapsed=3.985022e+03 cycle=3529 time=2.043395e-01 dt=5.732312e-05
elapsed=3.985989e+03 cycle=3530 time=2.043968e-01 dt=5.732322e-05
elapsed=3.986972e+03 cycle=3531 time=2.044541e-01 dt=5.732331e-05
elapsed=3.987932e+03 cycle=3532 time=2.045115e-01 dt=5.732340e-05
elapsed=3.988877e+03 cycle=3533 time=2.045688e-01 dt=5.732349e-05
elapsed=3.989845e+03 cycle=3534 time=2.046261e-01 dt=5.732359e-05
elapsed=3.990793e+03 cycle=3535 time=2.046834e-01 dt=5.732369e-05
elapsed=3.991753e+03 cycle=3536 time=2.047408e-01 dt=5.732380e-05
elapsed=3.992716e+03 cycle=3537 time=2.047981e-01 dt=5.732391e-05
elapsed=3.993677e+03 cycle=3538 time=2.048554e-01 dt=5.732402e-05
elapsed=3.994644e+03 cycle=3539 time=2.049127e-01 dt=5.732412e-05
elapsed=3.995611e+03 cycle=3540 time=2.049701e-01 dt=5.732422e-05
elapsed=3.996590e+03 cycle=3541 time=2.050274e-01 dt=5.732433e-05
elapsed=3.997570e+03 cycle=3542 time=2.050847e-01 dt=5.732442e-05
elapsed=3.998539e+03 cycle=3543 time=2.051420e-01 dt=5.732451e-05
elapsed=3.999519e+03 cycle=3544 time=2.051994e-01 dt=5.732458e-05
elapsed=4.000500e+03 cycle=3545 time=2.052567e-01 dt=5.732465e-05
elapsed=4.001486e+03 cycle=3546 time=2.053140e-01 dt=5.732473e-05
elapsed=4.002467e+03 cycle=3547 time=2.053713e-01 dt=5.732482e-05
elapsed=4.003434e+03 cycle=3548 time=2.054287e-01 dt=5.732492e-05
elapsed=4.004414e+03 cycle=3549 time=2.054860e-01 dt=5.732501e-05
elapsed=4.005376e+03 cycle=3550 time=2.055433e-01 dt=5.732510e-05
elapsed=4.006326e+03 cycle=3551 time=2.056006e-01 dt=5.732518e-05
elapsed=4.007274e+03 cycle=3552 time=2.056580e-01 dt=5.732526e-05
elapsed=4.008224e+03 cycle=3553 time=2.057153e-01 dt=5.732534e-05
elapsed=4.009203e+03 cycle=3554 time=2.057726e-01 dt=5.732542e-05
elapsed=4.010167e+03 cycle=3555 time=2.058299e-01 dt=5.732551e-05
elapsed=4.011117e+03 cycle=3556 time=2.058873e-01 dt=5.732561e-05
elapsed=4.012080e+03 cycle=3557 time=2.059446e-01 dt=5.732570e-05
elapsed=4.013028e+03 cycle=3558 time=2.060019e-01 dt=5.732580e-05
elapsed=4.013992e+03 cycle=3559 time=2.060592e-01 dt=5.732590e-05
elapsed=4.014956e+03 cycle=3560 time=2.061166e-01 dt=5.732599e-05
elapsed=4.015940e+03 cycle=3561 time=2.061739e-01 dt=5.732610e-05
elapsed=4.016908e+03 cycle=3562 time=2.062312e-01 dt=5.732623e-05
elapsed=4.017874e+03 cycle=3563 time=2.062885e-01 dt=5.732633e-05
elapsed=4.018842e+03 cycle=3564 time=2.063459e-01 dt=5.732643e-05
elapsed=4.019805e+03 cycle=3565 time=2.064032e-01 dt=5.732653e-05
elapsed=4.020754e+03 cycle=3566 time=2.064605e-01 dt=5.732663e-05
elapsed=4.021723e+03 cycle=3567 time=2.065178e-01 dt=5.732672e-05
elapsed=4.022689e+03 cycle=3568 time=2.065752e-01 dt=5.732681e-05
elapsed=4.023655e+03 cycle=3569 time=2.066325e-01 dt=5.732690e-05
elapsed=4.024602e+03 cycle=3570 time=2.066898e-01 dt=5.732700e-05
elapsed=4.025563e+03 cycle=3571 time=2.067471e-01 dt=5.732709e-05
elapsed=4.026543e+03 cycle=3572 time=2.068045e-01 dt=5.732717e-05
elapsed=4.027493e+03 cycle=3573 time=2.068618e-01 dt=5.732724e-05
elapsed=4.028439e+03 cycle=3574 time=2.069191e-01 dt=5.732731e-05
elapsed=4.029406e+03 cycle=3575 time=2.069765e-01 dt=5.732738e-05
elapsed=4.030390e+03 cycle=3576 time=2.070338e-01 dt=5.732745e-05
elapsed=4.031335e+03 cycle=3577 time=2.070911e-01 dt=5.732751e-05
elapsed=4.032298e+03 cycle=3578 time=2.071484e-01 dt=5.732755e-05
elapsed=4.033247e+03 cycle=3579 time=2.072058e-01 dt=5.732760e-05
elapsed=4.034357e+03 cycle=3580 time=2.072631e-01 dt=5.732765e-05
elapsed=4.035324e+03 cycle=3581 time=2.073204e-01 dt=5.732769e-05
elapsed=4.036285e+03 cycle=3582 time=2.073778e-01 dt=5.732772e-05
elapsed=4.037395e+03 cycle=3583 time=2.074351e-01 dt=5.732776e-05
elapsed=4.038375e+03 cycle=3584 time=2.074924e-01 dt=5.732779e-05
elapsed=4.039343e+03 cycle=3585 time=2.075497e-01 dt=5.732782e-05
elapsed=4.040290e+03 cycle=3586 time=2.076071e-01 dt=5.732785e-05
elapsed=4.041402e+03 cycle=3587 time=2.076644e-01 dt=5.732785e-05
elapsed=4.042363e+03 cycle=3588 time=2.077217e-01 dt=5.732785e-05
elapsed=4.043313e+03 cycle=3589 time=2.077790e-01 dt=5.732785e-05
elapsed=4.044265e+03 cycle=3590 time=2.078364e-01 dt=5.732785e-05
elapsed=4.045215e+03 cycle=3591 time=2.078937e-01 dt=5.732784e-05
elapsed=4.046195e+03 cycle=3592 time=2.079510e-01 dt=5.732783e-05
elapsed=4.047157e+03 cycle=3593 time=2.080084e-01 dt=5.732783e-05
elapsed=4.048102e+03 cycle=3594 time=2.080657e-01 dt=5.732782e-05
elapsed=4.049053e+03 cycle=3595 time=2.081230e-01 dt=5.732780e-05
elapsed=4.050033e+03 cycle=3596 time=2.081803e-01 dt=5.732779e-05
elapsed=4.051013e+03 cycle=3597 time=2.082377e-01 dt=5.732777e-05
elapsed=4.051979e+03 cycle=3598 time=2.082950e-01 dt=5.732775e-05
elapsed=4.052927e+03 cycle=3599 time=2.083523e-01 dt=5.732774e-05
elapsed=4.053896e+03 cycle=3600 time=2.084097e-01 dt=5.732772e-05
elapsed=4.054876e+03 cycle=3601 time=2.084670e-01 dt=5.732768e-05
elapsed=4.055988e+03 cycle=3602 time=2.085243e-01 dt=5.732765e-05
elapsed=4.056950e+03 cycle=3603 time=2.085816e-01 dt=5.732761e-05
elapsed=4.057895e+03 cycle=3604 time=2.086390e-01 dt=5.732759e-05
elapsed=4.058843e+03 cycle=3605 time=2.086963e-01 dt=5.732758e-05
elapsed=4.059811e+03 cycle=3606 time=2.087536e-01 dt=5.732756e-05
elapsed=4.060923e+03 cycle=3607 time=2.088109e-01 dt=5.732755e-05
elapsed=4.061883e+03 cycle=3608 time=2.088683e-01 dt=5.732753e-05
elapsed=4.062830e+03 cycle=3609 time=2.089256e-01 dt=5.732751e-05
elapsed=4.063941e+03 cycle=3610 time=2.089829e-01 dt=5.732750e-05
elapsed=4.064910e+03 cycle=3611 time=2.090403e-01 dt=5.732748e-05
elapsed=4.065874e+03 cycle=3612 time=2.090976e-01 dt=5.732746e-05
elapsed=4.066836e+03 cycle=3613 time=2.091549e-01 dt=5.732744e-05
elapsed=4.067806e+03 cycle=3614 time=2.092122e-01 dt=5.732742e-05
elapsed=4.068786e+03 cycle=3615 time=2.092696e-01 dt=5.732739e-05
elapsed=4.069766e+03 cycle=3616 time=2.093269e-01 dt=5.732736e-05
elapsed=4.070713e+03 cycle=3617 time=2.093842e-01 dt=5.732734e-05
elapsed=4.071680e+03 cycle=3618 time=2.094415e-01 dt=5.732731e-05
elapsed=4.072628e+03 cycle=3619 time=2.094989e-01 dt=5.732728e-05
elapsed=4.073579e+03 cycle=3620 time=2.095562e-01 dt=5.732725e-05
elapsed=4.074529e+03 cycle=3621 time=2.096135e-01 dt=5.732724e-05
elapsed=4.075509e+03 cycle=3622 time=2.096709e-01 dt=5.732722e-05
elapsed=4.076476e+03 cycle=3623 time=2.097282e-01 dt=5.732721e-05
elapsed=4.077456e+03 cycle=3624 time=2.097855e-01 dt=5.732719e-05
elapsed=4.078425e+03 cycle=3625 time=2.098428e-01 dt=5.732718e-05
elapsed=4.079391e+03 cycle=3626 time=2.099002e-01 dt=5.732716e-05
elapsed=4.080337e+03 cycle=3627 time=2.099575e-01 dt=5.732715e-05
elapsed=4.099470e+03 cycle=3628 time=2.100148e-01 dt=5.732714e-05
elapsed=4.100452e+03 cycle=3629 time=2.100721e-01 dt=5.732712e-05
elapsed=4.101400e+03 cycle=3630 time=2.101295e-01 dt=5.732711e-05
elapsed=4.102366e+03 cycle=3631 time=2.101868e-01 dt=5.732711e-05
elapsed=4.103329e+03 cycle=3632 time=2.102441e-01 dt=5.732711e-05
elapsed=4.104297e+03 cycle=3633 time=2.103015e-01 dt=5.732709e-05
elapsed=4.105278e+03 cycle=3634 time=2.103588e-01 dt=5.732706e-05
elapsed=4.106394e+03 cycle=3635 time=2.104161e-01 dt=5.732704e-05
elapsed=4.107361e+03 cycle=3636 time=2.104734e-01 dt=5.732702e-05
elapsed=4.108325e+03 cycle=3637 time=2.105308e-01 dt=5.732700e-05
elapsed=4.109416e+03 cycle=3638 time=2.105881e-01 dt=5.732697e-05
elapsed=4.110380e+03 cycle=3639 time=2.106454e-01 dt=5.732695e-05
elapsed=4.111344e+03 cycle=3640 time=2.107027e-01 dt=5.732692e-05
elapsed=4.112329e+03 cycle=3641 time=2.107601e-01 dt=5.732690e-05
elapsed=4.113295e+03 cycle=3642 time=2.108174e-01 dt=5.732688e-05
[Tue Dec 30 07:03:23 EST 2025] Found 11 bin files, deleting 1 oldest...
elapsed=4.114258e+03 cycle=3643 time=2.108747e-01 dt=5.732685e-05
elapsed=4.115227e+03 cycle=3644 time=2.109321e-01 dt=5.732684e-05
[Tue Dec 30 07:03:25 EST 2025] Kept 10 most recent bin files.
elapsed=4.116193e+03 cycle=3645 time=2.109894e-01 dt=5.732685e-05
elapsed=4.117157e+03 cycle=3646 time=2.110467e-01 dt=5.732686e-05
elapsed=4.118249e+03 cycle=3647 time=2.111040e-01 dt=5.732687e-05
elapsed=4.119199e+03 cycle=3648 time=2.111614e-01 dt=5.732688e-05
elapsed=4.120292e+03 cycle=3649 time=2.112187e-01 dt=5.732690e-05
elapsed=4.121243e+03 cycle=3650 time=2.112760e-01 dt=5.732692e-05
elapsed=4.122193e+03 cycle=3651 time=2.113333e-01 dt=5.732696e-05
elapsed=4.123142e+03 cycle=3652 time=2.113907e-01 dt=5.732701e-05
elapsed=4.124122e+03 cycle=3653 time=2.114480e-01 dt=5.732706e-05
elapsed=4.125213e+03 cycle=3654 time=2.115053e-01 dt=5.732712e-05
elapsed=4.126163e+03 cycle=3655 time=2.115626e-01 dt=5.732717e-05
elapsed=4.127128e+03 cycle=3656 time=2.116200e-01 dt=5.732721e-05
elapsed=4.128092e+03 cycle=3657 time=2.116773e-01 dt=5.732725e-05
elapsed=4.129057e+03 cycle=3658 time=2.117346e-01 dt=5.732729e-05
elapsed=4.130022e+03 cycle=3659 time=2.117920e-01 dt=5.732734e-05
elapsed=4.130987e+03 cycle=3660 time=2.118493e-01 dt=5.732738e-05
elapsed=4.131967e+03 cycle=3661 time=2.119066e-01 dt=5.732743e-05
elapsed=4.132914e+03 cycle=3662 time=2.119639e-01 dt=5.732746e-05
elapsed=4.134027e+03 cycle=3663 time=2.120213e-01 dt=5.732751e-05
elapsed=4.135138e+03 cycle=3664 time=2.120786e-01 dt=5.732756e-05
elapsed=4.136121e+03 cycle=3665 time=2.121359e-01 dt=5.732762e-05
elapsed=4.137088e+03 cycle=3666 time=2.121932e-01 dt=5.732767e-05
elapsed=4.138053e+03 cycle=3667 time=2.122506e-01 dt=5.732774e-05
elapsed=4.139001e+03 cycle=3668 time=2.123079e-01 dt=5.732781e-05
elapsed=4.139983e+03 cycle=3669 time=2.123652e-01 dt=5.732786e-05
elapsed=4.140946e+03 cycle=3670 time=2.124226e-01 dt=5.732792e-05
elapsed=4.141926e+03 cycle=3671 time=2.124799e-01 dt=5.732798e-05
elapsed=4.143036e+03 cycle=3672 time=2.125372e-01 dt=5.732804e-05
elapsed=4.144016e+03 cycle=3673 time=2.125945e-01 dt=5.732810e-05
elapsed=4.144968e+03 cycle=3674 time=2.126519e-01 dt=5.732817e-05
elapsed=4.146081e+03 cycle=3675 time=2.127092e-01 dt=5.732824e-05
elapsed=4.147028e+03 cycle=3676 time=2.127665e-01 dt=5.732829e-05
elapsed=4.147972e+03 cycle=3677 time=2.128239e-01 dt=5.732833e-05
elapsed=4.148923e+03 cycle=3678 time=2.128812e-01 dt=5.732835e-05
elapsed=4.150017e+03 cycle=3679 time=2.129385e-01 dt=5.732835e-05
elapsed=4.150979e+03 cycle=3680 time=2.129958e-01 dt=5.732834e-05
elapsed=4.151941e+03 cycle=3681 time=2.130532e-01 dt=5.732832e-05
elapsed=4.152921e+03 cycle=3682 time=2.131105e-01 dt=5.732831e-05
elapsed=4.153881e+03 cycle=3683 time=2.131678e-01 dt=5.732829e-05
elapsed=4.154830e+03 cycle=3684 time=2.132252e-01 dt=5.732826e-05
elapsed=4.155779e+03 cycle=3685 time=2.132825e-01 dt=5.732823e-05
elapsed=4.156726e+03 cycle=3686 time=2.133398e-01 dt=5.732822e-05
elapsed=4.157693e+03 cycle=3687 time=2.133971e-01 dt=5.732821e-05
elapsed=4.158642e+03 cycle=3688 time=2.134545e-01 dt=5.732821e-05
elapsed=4.159622e+03 cycle=3689 time=2.135118e-01 dt=5.732818e-05
elapsed=4.160566e+03 cycle=3690 time=2.135691e-01 dt=5.732814e-05
elapsed=4.161515e+03 cycle=3691 time=2.136265e-01 dt=5.732810e-05
elapsed=4.162605e+03 cycle=3692 time=2.136838e-01 dt=5.732807e-05
elapsed=4.163579e+03 cycle=3693 time=2.137411e-01 dt=5.732805e-05
elapsed=4.164548e+03 cycle=3694 time=2.137984e-01 dt=5.732801e-05
elapsed=4.165516e+03 cycle=3695 time=2.138558e-01 dt=5.732797e-05
elapsed=4.166464e+03 cycle=3696 time=2.139131e-01 dt=5.732793e-05
elapsed=4.167430e+03 cycle=3697 time=2.139704e-01 dt=5.732788e-05
elapsed=4.168378e+03 cycle=3698 time=2.140277e-01 dt=5.732784e-05
elapsed=4.169325e+03 cycle=3699 time=2.140851e-01 dt=5.732779e-05
elapsed=4.170306e+03 cycle=3700 time=2.141424e-01 dt=5.732773e-05
elapsed=4.171274e+03 cycle=3701 time=2.141997e-01 dt=5.732765e-05
elapsed=4.172220e+03 cycle=3702 time=2.142571e-01 dt=5.732756e-05
elapsed=4.173200e+03 cycle=3703 time=2.143144e-01 dt=5.732747e-05
elapsed=4.174163e+03 cycle=3704 time=2.143717e-01 dt=5.732739e-05
elapsed=4.175110e+03 cycle=3705 time=2.144290e-01 dt=5.732732e-05
elapsed=4.176221e+03 cycle=3706 time=2.144864e-01 dt=5.732725e-05
elapsed=4.177183e+03 cycle=3707 time=2.145437e-01 dt=5.732720e-05
elapsed=4.178150e+03 cycle=3708 time=2.146010e-01 dt=5.732715e-05
elapsed=4.179116e+03 cycle=3709 time=2.146584e-01 dt=5.732710e-05
elapsed=4.180084e+03 cycle=3710 time=2.147157e-01 dt=5.732706e-05
elapsed=4.181031e+03 cycle=3711 time=2.147730e-01 dt=5.732702e-05
elapsed=4.181997e+03 cycle=3712 time=2.148303e-01 dt=5.732700e-05
elapsed=4.182967e+03 cycle=3713 time=2.148877e-01 dt=5.732697e-05
elapsed=4.183914e+03 cycle=3714 time=2.149450e-01 dt=5.732697e-05
elapsed=4.184879e+03 cycle=3715 time=2.150023e-01 dt=5.732697e-05
elapsed=4.185828e+03 cycle=3716 time=2.150596e-01 dt=5.732697e-05
elapsed=4.186809e+03 cycle=3717 time=2.151170e-01 dt=5.732697e-05
elapsed=4.187772e+03 cycle=3718 time=2.151743e-01 dt=5.732698e-05
elapsed=4.188720e+03 cycle=3719 time=2.152316e-01 dt=5.732700e-05
elapsed=4.189686e+03 cycle=3720 time=2.152889e-01 dt=5.732702e-05
elapsed=4.190651e+03 cycle=3721 time=2.153463e-01 dt=5.732703e-05
elapsed=4.191599e+03 cycle=3722 time=2.154036e-01 dt=5.732704e-05
elapsed=4.192580e+03 cycle=3723 time=2.154609e-01 dt=5.732706e-05
elapsed=4.193529e+03 cycle=3724 time=2.155183e-01 dt=5.732708e-05
elapsed=4.194495e+03 cycle=3725 time=2.155756e-01 dt=5.732708e-05
elapsed=4.195442e+03 cycle=3726 time=2.156329e-01 dt=5.732709e-05
elapsed=4.196408e+03 cycle=3727 time=2.156902e-01 dt=5.732709e-05
elapsed=4.197372e+03 cycle=3728 time=2.157476e-01 dt=5.732709e-05
elapsed=4.198353e+03 cycle=3729 time=2.158049e-01 dt=5.732710e-05
elapsed=4.199315e+03 cycle=3730 time=2.158622e-01 dt=5.732711e-05
elapsed=4.200264e+03 cycle=3731 time=2.159195e-01 dt=5.732712e-05
elapsed=4.201210e+03 cycle=3732 time=2.159769e-01 dt=5.732713e-05
elapsed=4.202176e+03 cycle=3733 time=2.160342e-01 dt=5.732714e-05
elapsed=4.203125e+03 cycle=3734 time=2.160915e-01 dt=5.732715e-05
elapsed=4.204103e+03 cycle=3735 time=2.161489e-01 dt=5.732716e-05
elapsed=4.205054e+03 cycle=3736 time=2.162062e-01 dt=5.732718e-05
elapsed=4.206021e+03 cycle=3737 time=2.162635e-01 dt=5.732719e-05
elapsed=4.206987e+03 cycle=3738 time=2.163208e-01 dt=5.732719e-05
elapsed=4.207949e+03 cycle=3739 time=2.163782e-01 dt=5.732717e-05
elapsed=4.208900e+03 cycle=3740 time=2.164355e-01 dt=5.732716e-05
elapsed=4.209885e+03 cycle=3741 time=2.164928e-01 dt=5.732715e-05
elapsed=4.210865e+03 cycle=3742 time=2.165501e-01 dt=5.732715e-05
elapsed=4.211829e+03 cycle=3743 time=2.166075e-01 dt=5.732717e-05
elapsed=4.212809e+03 cycle=3744 time=2.166648e-01 dt=5.732718e-05
elapsed=4.213757e+03 cycle=3745 time=2.167221e-01 dt=5.732718e-05
elapsed=4.214704e+03 cycle=3746 time=2.167795e-01 dt=5.732719e-05
elapsed=4.215655e+03 cycle=3747 time=2.168368e-01 dt=5.732719e-05
elapsed=4.216603e+03 cycle=3748 time=2.168941e-01 dt=5.732720e-05
elapsed=4.217551e+03 cycle=3749 time=2.169514e-01 dt=5.732722e-05
elapsed=4.218531e+03 cycle=3750 time=2.170088e-01 dt=5.732724e-05
elapsed=4.219498e+03 cycle=3751 time=2.170661e-01 dt=5.732726e-05
elapsed=4.220460e+03 cycle=3752 time=2.171234e-01 dt=5.732726e-05
elapsed=4.221426e+03 cycle=3753 time=2.171807e-01 dt=5.732725e-05
elapsed=4.222406e+03 cycle=3754 time=2.172381e-01 dt=5.732724e-05
elapsed=4.223356e+03 cycle=3755 time=2.172954e-01 dt=5.732722e-05
elapsed=4.224447e+03 cycle=3756 time=2.173527e-01 dt=5.732720e-05
elapsed=4.225414e+03 cycle=3757 time=2.174101e-01 dt=5.732718e-05
elapsed=4.226395e+03 cycle=3758 time=2.174674e-01 dt=5.732715e-05
elapsed=4.227343e+03 cycle=3759 time=2.175247e-01 dt=5.732712e-05
elapsed=4.228292e+03 cycle=3760 time=2.175820e-01 dt=5.732709e-05
elapsed=4.229385e+03 cycle=3761 time=2.176394e-01 dt=5.732706e-05
elapsed=4.230332e+03 cycle=3762 time=2.176967e-01 dt=5.732704e-05
elapsed=4.231281e+03 cycle=3763 time=2.177540e-01 dt=5.732702e-05
elapsed=4.232247e+03 cycle=3764 time=2.178113e-01 dt=5.732700e-05
elapsed=4.233227e+03 cycle=3765 time=2.178687e-01 dt=5.732699e-05
elapsed=4.234175e+03 cycle=3766 time=2.179260e-01 dt=5.732697e-05
elapsed=4.235124e+03 cycle=3767 time=2.179833e-01 dt=5.732696e-05
elapsed=4.236090e+03 cycle=3768 time=2.180407e-01 dt=5.732695e-05
elapsed=4.237072e+03 cycle=3769 time=2.180980e-01 dt=5.732694e-05
elapsed=4.238058e+03 cycle=3770 time=2.181553e-01 dt=5.732693e-05
elapsed=4.239040e+03 cycle=3771 time=2.182126e-01 dt=5.732692e-05
elapsed=4.240001e+03 cycle=3772 time=2.182700e-01 dt=5.732690e-05
elapsed=4.240967e+03 cycle=3773 time=2.183273e-01 dt=5.732687e-05
elapsed=4.241948e+03 cycle=3774 time=2.183846e-01 dt=5.732681e-05
elapsed=4.242898e+03 cycle=3775 time=2.184419e-01 dt=5.732674e-05
elapsed=4.243864e+03 cycle=3776 time=2.184993e-01 dt=5.732667e-05
elapsed=4.244829e+03 cycle=3777 time=2.185566e-01 dt=5.732661e-05
elapsed=4.245778e+03 cycle=3778 time=2.186139e-01 dt=5.732656e-05
elapsed=4.246759e+03 cycle=3779 time=2.186712e-01 dt=5.732650e-05
elapsed=4.247706e+03 cycle=3780 time=2.187286e-01 dt=5.732646e-05
elapsed=4.248686e+03 cycle=3781 time=2.187859e-01 dt=5.732642e-05
elapsed=4.249637e+03 cycle=3782 time=2.188432e-01 dt=5.732638e-05
elapsed=4.250750e+03 cycle=3783 time=2.189006e-01 dt=5.732634e-05
elapsed=4.251728e+03 cycle=3784 time=2.189579e-01 dt=5.732630e-05
elapsed=4.252838e+03 cycle=3785 time=2.190152e-01 dt=5.732625e-05
elapsed=4.253806e+03 cycle=3786 time=2.190725e-01 dt=5.732622e-05
elapsed=4.254771e+03 cycle=3787 time=2.191299e-01 dt=5.732618e-05
elapsed=4.255722e+03 cycle=3788 time=2.191872e-01 dt=5.732614e-05
elapsed=4.256684e+03 cycle=3789 time=2.192445e-01 dt=5.732610e-05
elapsed=4.257652e+03 cycle=3790 time=2.193018e-01 dt=5.732606e-05
elapsed=4.258600e+03 cycle=3791 time=2.193592e-01 dt=5.732580e-05
elapsed=4.259568e+03 cycle=3792 time=2.194165e-01 dt=5.732507e-05
elapsed=4.260549e+03 cycle=3793 time=2.194738e-01 dt=5.732434e-05
elapsed=4.261497e+03 cycle=3794 time=2.195311e-01 dt=5.732360e-05
elapsed=4.262478e+03 cycle=3795 time=2.195885e-01 dt=5.732287e-05
elapsed=4.263589e+03 cycle=3796 time=2.196458e-01 dt=5.732214e-05
elapsed=4.264571e+03 cycle=3797 time=2.197031e-01 dt=5.732140e-05
elapsed=4.265541e+03 cycle=3798 time=2.197604e-01 dt=5.732067e-05
elapsed=4.266658e+03 cycle=3799 time=2.198177e-01 dt=5.731993e-05
elapsed=4.267606e+03 cycle=3800 time=2.198751e-01 dt=5.731919e-05
elapsed=4.268587e+03 cycle=3801 time=2.199324e-01 dt=5.731846e-05
elapsed=4.269532e+03 cycle=3802 time=2.199897e-01 dt=5.731771e-05
elapsed=4.288922e+03 cycle=3803 time=2.200470e-01 dt=5.731696e-05
elapsed=4.289892e+03 cycle=3804 time=2.201043e-01 dt=5.731621e-05
elapsed=4.290872e+03 cycle=3805 time=2.201617e-01 dt=5.731546e-05
elapsed=4.291835e+03 cycle=3806 time=2.202190e-01 dt=5.731470e-05
elapsed=4.292782e+03 cycle=3807 time=2.202763e-01 dt=5.731394e-05
elapsed=4.293731e+03 cycle=3808 time=2.203336e-01 dt=5.731317e-05
elapsed=4.294712e+03 cycle=3809 time=2.203909e-01 dt=5.731240e-05
elapsed=4.295677e+03 cycle=3810 time=2.204482e-01 dt=5.731163e-05
[Tue Dec 30 07:06:25 EST 2025] Found 11 bin files, deleting 1 oldest...
elapsed=4.296638e+03 cycle=3811 time=2.205055e-01 dt=5.731086e-05
elapsed=4.297620e+03 cycle=3812 time=2.205628e-01 dt=5.731009e-05
[Tue Dec 30 07:06:27 EST 2025] Kept 10 most recent bin files.
elapsed=4.298711e+03 cycle=3813 time=2.206202e-01 dt=5.730932e-05
elapsed=4.299658e+03 cycle=3814 time=2.206775e-01 dt=5.730854e-05
elapsed=4.300638e+03 cycle=3815 time=2.207348e-01 dt=5.730776e-05
elapsed=4.301623e+03 cycle=3816 time=2.207921e-01 dt=5.730698e-05
elapsed=4.302587e+03 cycle=3817 time=2.208494e-01 dt=5.730620e-05
elapsed=4.303682e+03 cycle=3818 time=2.209067e-01 dt=5.730543e-05
elapsed=4.304773e+03 cycle=3819 time=2.209640e-01 dt=5.730465e-05
elapsed=4.305720e+03 cycle=3820 time=2.210213e-01 dt=5.730387e-05
elapsed=4.306686e+03 cycle=3821 time=2.210786e-01 dt=5.730309e-05
elapsed=4.307673e+03 cycle=3822 time=2.211359e-01 dt=5.730230e-05
elapsed=4.308636e+03 cycle=3823 time=2.211932e-01 dt=5.730153e-05
elapsed=4.309625e+03 cycle=3824 time=2.212505e-01 dt=5.730077e-05
elapsed=4.310605e+03 cycle=3825 time=2.213078e-01 dt=5.730001e-05
elapsed=4.311570e+03 cycle=3826 time=2.213651e-01 dt=5.729926e-05
elapsed=4.312518e+03 cycle=3827 time=2.214224e-01 dt=5.729852e-05
elapsed=4.313500e+03 cycle=3828 time=2.214797e-01 dt=5.729777e-05
elapsed=4.314463e+03 cycle=3829 time=2.215370e-01 dt=5.729703e-05
elapsed=4.315433e+03 cycle=3830 time=2.215943e-01 dt=5.729630e-05
elapsed=4.316381e+03 cycle=3831 time=2.216516e-01 dt=5.729557e-05
elapsed=4.317349e+03 cycle=3832 time=2.217089e-01 dt=5.729484e-05
elapsed=4.318315e+03 cycle=3833 time=2.217662e-01 dt=5.729409e-05
elapsed=4.319286e+03 cycle=3834 time=2.218235e-01 dt=5.729333e-05
elapsed=4.320253e+03 cycle=3835 time=2.218808e-01 dt=5.729256e-05
elapsed=4.321201e+03 cycle=3836 time=2.219381e-01 dt=5.729178e-05
elapsed=4.322171e+03 cycle=3837 time=2.219954e-01 dt=5.729103e-05
elapsed=4.323137e+03 cycle=3838 time=2.220527e-01 dt=5.729028e-05
elapsed=4.324097e+03 cycle=3839 time=2.221100e-01 dt=5.728953e-05
elapsed=4.325045e+03 cycle=3840 time=2.221672e-01 dt=5.728878e-05
elapsed=4.326156e+03 cycle=3841 time=2.222245e-01 dt=5.728802e-05
elapsed=4.327118e+03 cycle=3842 time=2.222818e-01 dt=5.728727e-05
elapsed=4.328064e+03 cycle=3843 time=2.223391e-01 dt=5.728651e-05
elapsed=4.329034e+03 cycle=3844 time=2.223964e-01 dt=5.728575e-05
elapsed=4.329980e+03 cycle=3845 time=2.224537e-01 dt=5.728500e-05
elapsed=4.331072e+03 cycle=3846 time=2.225110e-01 dt=5.728425e-05
elapsed=4.332053e+03 cycle=3847 time=2.225682e-01 dt=5.728352e-05
elapsed=4.333025e+03 cycle=3848 time=2.226255e-01 dt=5.728278e-05
elapsed=4.334005e+03 cycle=3849 time=2.226828e-01 dt=5.728205e-05
elapsed=4.334983e+03 cycle=3850 time=2.227401e-01 dt=5.728131e-05
elapsed=4.335954e+03 cycle=3851 time=2.227974e-01 dt=5.728057e-05
elapsed=4.337064e+03 cycle=3852 time=2.228547e-01 dt=5.727983e-05
elapsed=4.338027e+03 cycle=3853 time=2.229119e-01 dt=5.727909e-05
elapsed=4.338974e+03 cycle=3854 time=2.229692e-01 dt=5.727835e-05
elapsed=4.339941e+03 cycle=3855 time=2.230265e-01 dt=5.727761e-05
elapsed=4.340889e+03 cycle=3856 time=2.230838e-01 dt=5.727687e-05
elapsed=4.341856e+03 cycle=3857 time=2.231410e-01 dt=5.727612e-05
elapsed=4.342819e+03 cycle=3858 time=2.231983e-01 dt=5.727538e-05
elapsed=4.343768e+03 cycle=3859 time=2.232556e-01 dt=5.727465e-05
elapsed=4.344732e+03 cycle=3860 time=2.233129e-01 dt=5.727394e-05
elapsed=4.345717e+03 cycle=3861 time=2.233701e-01 dt=5.727325e-05
elapsed=4.346686e+03 cycle=3862 time=2.234274e-01 dt=5.727256e-05
elapsed=4.347666e+03 cycle=3863 time=2.234847e-01 dt=5.727186e-05
elapsed=4.348630e+03 cycle=3864 time=2.235420e-01 dt=5.727115e-05
elapsed=4.349580e+03 cycle=3865 time=2.235992e-01 dt=5.727044e-05
elapsed=4.350697e+03 cycle=3866 time=2.236565e-01 dt=5.726975e-05
elapsed=4.351664e+03 cycle=3867 time=2.237138e-01 dt=5.726908e-05
elapsed=4.352626e+03 cycle=3868 time=2.237710e-01 dt=5.726842e-05
elapsed=4.353593e+03 cycle=3869 time=2.238283e-01 dt=5.726776e-05
elapsed=4.354574e+03 cycle=3870 time=2.238856e-01 dt=5.726711e-05
elapsed=4.355555e+03 cycle=3871 time=2.239428e-01 dt=5.726645e-05
elapsed=4.356516e+03 cycle=3872 time=2.240001e-01 dt=5.726580e-05
elapsed=4.357483e+03 cycle=3873 time=2.240574e-01 dt=5.726513e-05
elapsed=4.358444e+03 cycle=3874 time=2.241146e-01 dt=5.726446e-05
elapsed=4.359392e+03 cycle=3875 time=2.241719e-01 dt=5.726378e-05
elapsed=4.360372e+03 cycle=3876 time=2.242292e-01 dt=5.726310e-05
elapsed=4.361337e+03 cycle=3877 time=2.242864e-01 dt=5.726244e-05
elapsed=4.362301e+03 cycle=3878 time=2.243437e-01 dt=5.726177e-05
elapsed=4.363266e+03 cycle=3879 time=2.244010e-01 dt=5.726112e-05
elapsed=4.364230e+03 cycle=3880 time=2.244582e-01 dt=5.726047e-05
elapsed=4.365179e+03 cycle=3881 time=2.245155e-01 dt=5.725982e-05
elapsed=4.366127e+03 cycle=3882 time=2.245727e-01 dt=5.725918e-05
elapsed=4.367089e+03 cycle=3883 time=2.246300e-01 dt=5.725854e-05
elapsed=4.368038e+03 cycle=3884 time=2.246873e-01 dt=5.725792e-05
elapsed=4.369006e+03 cycle=3885 time=2.247445e-01 dt=5.725731e-05
elapsed=4.369972e+03 cycle=3886 time=2.248018e-01 dt=5.725671e-05
elapsed=4.371087e+03 cycle=3887 time=2.248590e-01 dt=5.725611e-05
elapsed=4.372036e+03 cycle=3888 time=2.249163e-01 dt=5.725552e-05
elapsed=4.373005e+03 cycle=3889 time=2.249735e-01 dt=5.725494e-05
elapsed=4.373987e+03 cycle=3890 time=2.250308e-01 dt=5.725436e-05
elapsed=4.375078e+03 cycle=3891 time=2.250881e-01 dt=5.725379e-05
elapsed=4.376043e+03 cycle=3892 time=2.251453e-01 dt=5.725324e-05
elapsed=4.376989e+03 cycle=3893 time=2.252026e-01 dt=5.725268e-05
elapsed=4.377938e+03 cycle=3894 time=2.252598e-01 dt=5.725213e-05
elapsed=4.378906e+03 cycle=3895 time=2.253171e-01 dt=5.725159e-05
elapsed=4.379867e+03 cycle=3896 time=2.253743e-01 dt=5.725104e-05
elapsed=4.380815e+03 cycle=3897 time=2.254316e-01 dt=5.725051e-05
elapsed=4.381908e+03 cycle=3898 time=2.254888e-01 dt=5.724996e-05
elapsed=4.382856e+03 cycle=3899 time=2.255461e-01 dt=5.724941e-05
elapsed=4.383818e+03 cycle=3900 time=2.256033e-01 dt=5.724886e-05
elapsed=4.384783e+03 cycle=3901 time=2.256606e-01 dt=5.724833e-05
elapsed=4.385761e+03 cycle=3902 time=2.257178e-01 dt=5.724779e-05
elapsed=4.386739e+03 cycle=3903 time=2.257751e-01 dt=5.724726e-05
elapsed=4.387720e+03 cycle=3904 time=2.258323e-01 dt=5.724672e-05
elapsed=4.388688e+03 cycle=3905 time=2.258896e-01 dt=5.724618e-05
elapsed=4.389656e+03 cycle=3906 time=2.259468e-01 dt=5.724565e-05
elapsed=4.390621e+03 cycle=3907 time=2.260040e-01 dt=5.724511e-05
elapsed=4.391569e+03 cycle=3908 time=2.260613e-01 dt=5.724460e-05
elapsed=4.392534e+03 cycle=3909 time=2.261185e-01 dt=5.724409e-05
elapsed=4.393482e+03 cycle=3910 time=2.261758e-01 dt=5.724359e-05
elapsed=4.394446e+03 cycle=3911 time=2.262330e-01 dt=5.724309e-05
elapsed=4.395395e+03 cycle=3912 time=2.262903e-01 dt=5.724262e-05
elapsed=4.396343e+03 cycle=3913 time=2.263475e-01 dt=5.724214e-05
elapsed=4.397290e+03 cycle=3914 time=2.264048e-01 dt=5.724168e-05
elapsed=4.398258e+03 cycle=3915 time=2.264620e-01 dt=5.724122e-05
elapsed=4.399238e+03 cycle=3916 time=2.265192e-01 dt=5.724078e-05
elapsed=4.400203e+03 cycle=3917 time=2.265765e-01 dt=5.724034e-05
elapsed=4.401150e+03 cycle=3918 time=2.266337e-01 dt=5.723990e-05
elapsed=4.402111e+03 cycle=3919 time=2.266910e-01 dt=5.723945e-05
elapsed=4.403073e+03 cycle=3920 time=2.267482e-01 dt=5.723901e-05
elapsed=4.404018e+03 cycle=3921 time=2.268054e-01 dt=5.723857e-05
elapsed=4.404978e+03 cycle=3922 time=2.268627e-01 dt=5.723813e-05
elapsed=4.405927e+03 cycle=3923 time=2.269199e-01 dt=5.723771e-05
elapsed=4.406889e+03 cycle=3924 time=2.269772e-01 dt=5.723729e-05
elapsed=4.407856e+03 cycle=3925 time=2.270344e-01 dt=5.723688e-05
elapsed=4.408822e+03 cycle=3926 time=2.270916e-01 dt=5.723647e-05
elapsed=4.409802e+03 cycle=3927 time=2.271489e-01 dt=5.723606e-05
elapsed=4.410769e+03 cycle=3928 time=2.272061e-01 dt=5.723564e-05
elapsed=4.411750e+03 cycle=3929 time=2.272633e-01 dt=5.723522e-05
elapsed=4.412716e+03 cycle=3930 time=2.273206e-01 dt=5.723479e-05
elapsed=4.413683e+03 cycle=3931 time=2.273778e-01 dt=5.723437e-05
elapsed=4.414650e+03 cycle=3932 time=2.274350e-01 dt=5.723395e-05
elapsed=4.415616e+03 cycle=3933 time=2.274923e-01 dt=5.723352e-05
elapsed=4.416581e+03 cycle=3934 time=2.275495e-01 dt=5.723311e-05
elapsed=4.417562e+03 cycle=3935 time=2.276067e-01 dt=5.723270e-05
elapsed=4.418659e+03 cycle=3936 time=2.276640e-01 dt=5.723229e-05
elapsed=4.419625e+03 cycle=3937 time=2.277212e-01 dt=5.723190e-05
elapsed=4.420573e+03 cycle=3938 time=2.277784e-01 dt=5.723152e-05
elapsed=4.421534e+03 cycle=3939 time=2.278357e-01 dt=5.723115e-05
elapsed=4.422646e+03 cycle=3940 time=2.278929e-01 dt=5.723079e-05
elapsed=4.423608e+03 cycle=3941 time=2.279501e-01 dt=5.723044e-05
elapsed=4.424559e+03 cycle=3942 time=2.280074e-01 dt=5.723010e-05
elapsed=4.425507e+03 cycle=3943 time=2.280646e-01 dt=5.722979e-05
elapsed=4.426453e+03 cycle=3944 time=2.281218e-01 dt=5.722950e-05
elapsed=4.427400e+03 cycle=3945 time=2.281790e-01 dt=5.722921e-05
elapsed=4.428366e+03 cycle=3946 time=2.282363e-01 dt=5.722892e-05
elapsed=4.429312e+03 cycle=3947 time=2.282935e-01 dt=5.722863e-05
elapsed=4.430261e+03 cycle=3948 time=2.283507e-01 dt=5.722838e-05
elapsed=4.431228e+03 cycle=3949 time=2.284080e-01 dt=5.722815e-05
elapsed=4.432174e+03 cycle=3950 time=2.284652e-01 dt=5.722793e-05
elapsed=4.433136e+03 cycle=3951 time=2.285224e-01 dt=5.722770e-05
elapsed=4.434102e+03 cycle=3952 time=2.285796e-01 dt=5.722747e-05
elapsed=4.435051e+03 cycle=3953 time=2.286369e-01 dt=5.722723e-05
elapsed=4.436013e+03 cycle=3954 time=2.286941e-01 dt=5.722700e-05
elapsed=4.436959e+03 cycle=3955 time=2.287513e-01 dt=5.722678e-05
elapsed=4.437928e+03 cycle=3956 time=2.288086e-01 dt=5.722657e-05
elapsed=4.438877e+03 cycle=3957 time=2.288658e-01 dt=5.722638e-05
elapsed=4.439838e+03 cycle=3958 time=2.289230e-01 dt=5.722618e-05
elapsed=4.440786e+03 cycle=3959 time=2.289802e-01 dt=5.722598e-05
elapsed=4.441749e+03 cycle=3960 time=2.290375e-01 dt=5.722578e-05
elapsed=4.442713e+03 cycle=3961 time=2.290947e-01 dt=5.722558e-05
elapsed=4.443674e+03 cycle=3962 time=2.291519e-01 dt=5.722539e-05
elapsed=4.444640e+03 cycle=3963 time=2.292091e-01 dt=5.722521e-05
elapsed=4.445587e+03 cycle=3964 time=2.292664e-01 dt=5.722504e-05
elapsed=4.446550e+03 cycle=3965 time=2.293236e-01 dt=5.722487e-05
elapsed=4.447502e+03 cycle=3966 time=2.293808e-01 dt=5.722470e-05
elapsed=4.448482e+03 cycle=3967 time=2.294380e-01 dt=5.722453e-05
elapsed=4.449430e+03 cycle=3968 time=2.294953e-01 dt=5.722435e-05
elapsed=4.450377e+03 cycle=3969 time=2.295525e-01 dt=5.722418e-05
elapsed=4.451323e+03 cycle=3970 time=2.296097e-01 dt=5.722403e-05
elapsed=4.452269e+03 cycle=3971 time=2.296669e-01 dt=5.722388e-05
elapsed=4.453216e+03 cycle=3972 time=2.297242e-01 dt=5.722375e-05
elapsed=4.454331e+03 cycle=3973 time=2.297814e-01 dt=5.722363e-05
elapsed=4.455298e+03 cycle=3974 time=2.298386e-01 dt=5.722352e-05
elapsed=4.456278e+03 cycle=3975 time=2.298958e-01 dt=5.722343e-05
elapsed=4.457229e+03 cycle=3976 time=2.299531e-01 dt=5.722333e-05
elapsed=4.475477e+03 cycle=3977 time=2.300103e-01 dt=5.722324e-05
elapsed=4.476460e+03 cycle=3978 time=2.300675e-01 dt=5.722315e-05
elapsed=4.477445e+03 cycle=3979 time=2.301247e-01 dt=5.722306e-05
[Tue Dec 30 07:09:27 EST 2025] Found 11 bin files, deleting 1 oldest...
elapsed=4.478411e+03 cycle=3980 time=2.301819e-01 dt=5.722298e-05
elapsed=4.479361e+03 cycle=3981 time=2.302392e-01 dt=5.722289e-05
[Tue Dec 30 07:09:29 EST 2025] Kept 10 most recent bin files.
elapsed=4.480307e+03 cycle=3982 time=2.302964e-01 dt=5.722279e-05
elapsed=4.481277e+03 cycle=3983 time=2.303536e-01 dt=5.722269e-05
elapsed=4.482262e+03 cycle=3984 time=2.304108e-01 dt=5.722261e-05
elapsed=4.483241e+03 cycle=3985 time=2.304681e-01 dt=5.722252e-05
elapsed=4.484189e+03 cycle=3986 time=2.305253e-01 dt=5.722243e-05
elapsed=4.485305e+03 cycle=3987 time=2.305825e-01 dt=5.722234e-05
elapsed=4.486252e+03 cycle=3988 time=2.306397e-01 dt=5.722225e-05
elapsed=4.487231e+03 cycle=3989 time=2.306969e-01 dt=5.722216e-05
elapsed=4.488212e+03 cycle=3990 time=2.307542e-01 dt=5.722207e-05
elapsed=4.489173e+03 cycle=3991 time=2.308114e-01 dt=5.722199e-05
elapsed=4.490263e+03 cycle=3992 time=2.308686e-01 dt=5.722192e-05
elapsed=4.491231e+03 cycle=3993 time=2.309258e-01 dt=5.722185e-05
elapsed=4.492342e+03 cycle=3994 time=2.309831e-01 dt=5.722178e-05
elapsed=4.493323e+03 cycle=3995 time=2.310403e-01 dt=5.722171e-05
elapsed=4.494283e+03 cycle=3996 time=2.310975e-01 dt=5.722165e-05
elapsed=4.495263e+03 cycle=3997 time=2.311547e-01 dt=5.722158e-05
elapsed=4.496224e+03 cycle=3998 time=2.312119e-01 dt=5.722149e-05
elapsed=4.497186e+03 cycle=3999 time=2.312692e-01 dt=5.722142e-05
elapsed=4.498148e+03 cycle=4000 time=2.313264e-01 dt=5.722135e-05
elapsed=4.499095e+03 cycle=4001 time=2.313836e-01 dt=5.722128e-05
elapsed=4.500063e+03 cycle=4002 time=2.314408e-01 dt=5.722122e-05
elapsed=4.501010e+03 cycle=4003 time=2.314981e-01 dt=5.722116e-05
elapsed=4.501961e+03 cycle=4004 time=2.315553e-01 dt=5.722111e-05
elapsed=4.502941e+03 cycle=4005 time=2.316125e-01 dt=5.722105e-05
elapsed=4.503925e+03 cycle=4006 time=2.316697e-01 dt=5.722099e-05
elapsed=4.504884e+03 cycle=4007 time=2.317269e-01 dt=5.722093e-05
elapsed=4.505851e+03 cycle=4008 time=2.317842e-01 dt=5.722087e-05
elapsed=4.506961e+03 cycle=4009 time=2.318414e-01 dt=5.722082e-05
elapsed=4.507941e+03 cycle=4010 time=2.318986e-01 dt=5.722079e-05
elapsed=4.508905e+03 cycle=4011 time=2.319558e-01 dt=5.722075e-05
elapsed=4.510015e+03 cycle=4012 time=2.320130e-01 dt=5.722072e-05
elapsed=4.510963e+03 cycle=4013 time=2.320703e-01 dt=5.722068e-05
elapsed=4.511944e+03 cycle=4014 time=2.321275e-01 dt=5.722064e-05
elapsed=4.512924e+03 cycle=4015 time=2.321847e-01 dt=5.722059e-05
elapsed=4.513891e+03 cycle=4016 time=2.322419e-01 dt=5.722055e-05
elapsed=4.514850e+03 cycle=4017 time=2.322991e-01 dt=5.722050e-05
elapsed=4.515812e+03 cycle=4018 time=2.323564e-01 dt=5.722045e-05
elapsed=4.516775e+03 cycle=4019 time=2.324136e-01 dt=5.722040e-05
elapsed=4.517735e+03 cycle=4020 time=2.324708e-01 dt=5.722036e-05
elapsed=4.518686e+03 cycle=4021 time=2.325280e-01 dt=5.722031e-05
elapsed=4.519634e+03 cycle=4022 time=2.325852e-01 dt=5.722024e-05
elapsed=4.520600e+03 cycle=4023 time=2.326425e-01 dt=5.722015e-05
elapsed=4.521566e+03 cycle=4024 time=2.326997e-01 dt=5.722007e-05
elapsed=4.522531e+03 cycle=4025 time=2.327569e-01 dt=5.721953e-05
elapsed=4.523490e+03 cycle=4026 time=2.328141e-01 dt=5.721895e-05
elapsed=4.524602e+03 cycle=4027 time=2.328713e-01 dt=5.721837e-05
elapsed=4.525550e+03 cycle=4028 time=2.329286e-01 dt=5.721779e-05
elapsed=4.526522e+03 cycle=4029 time=2.329858e-01 dt=5.721721e-05
elapsed=4.527506e+03 cycle=4030 time=2.330430e-01 dt=5.721663e-05
elapsed=4.528453e+03 cycle=4031 time=2.331002e-01 dt=5.721604e-05
elapsed=4.529433e+03 cycle=4032 time=2.331574e-01 dt=5.721545e-05
elapsed=4.530397e+03 cycle=4033 time=2.332146e-01 dt=5.721486e-05
elapsed=4.531366e+03 cycle=4034 time=2.332719e-01 dt=5.721427e-05
elapsed=4.532315e+03 cycle=4035 time=2.333291e-01 dt=5.721368e-05
elapsed=4.533284e+03 cycle=4036 time=2.333863e-01 dt=5.721309e-05
elapsed=4.534232e+03 cycle=4037 time=2.334435e-01 dt=5.721251e-05
elapsed=4.535199e+03 cycle=4038 time=2.335007e-01 dt=5.721192e-05
elapsed=4.536145e+03 cycle=4039 time=2.335579e-01 dt=5.721134e-05
elapsed=4.537125e+03 cycle=4040 time=2.336151e-01 dt=5.721074e-05
elapsed=4.538088e+03 cycle=4041 time=2.336723e-01 dt=5.721014e-05
elapsed=4.539038e+03 cycle=4042 time=2.337296e-01 dt=5.720954e-05
elapsed=4.540005e+03 cycle=4043 time=2.337868e-01 dt=5.720892e-05
elapsed=4.540966e+03 cycle=4044 time=2.338440e-01 dt=5.720831e-05
elapsed=4.541932e+03 cycle=4045 time=2.339012e-01 dt=5.720769e-05
elapsed=4.542920e+03 cycle=4046 time=2.339584e-01 dt=5.720708e-05
elapsed=4.543868e+03 cycle=4047 time=2.340156e-01 dt=5.720647e-05
elapsed=4.544978e+03 cycle=4048 time=2.340728e-01 dt=5.720587e-05
elapsed=4.545940e+03 cycle=4049 time=2.341300e-01 dt=5.720528e-05
elapsed=4.546901e+03 cycle=4050 time=2.341872e-01 dt=5.720469e-05
elapsed=4.547851e+03 cycle=4051 time=2.342444e-01 dt=5.720410e-05
elapsed=4.548819e+03 cycle=4052 time=2.343016e-01 dt=5.720351e-05
elapsed=4.549768e+03 cycle=4053 time=2.343588e-01 dt=5.720291e-05
elapsed=4.550735e+03 cycle=4054 time=2.344160e-01 dt=5.720231e-05
elapsed=4.551718e+03 cycle=4055 time=2.344732e-01 dt=5.720170e-05
elapsed=4.552698e+03 cycle=4056 time=2.345304e-01 dt=5.720109e-05
elapsed=4.553669e+03 cycle=4057 time=2.345876e-01 dt=5.720048e-05
elapsed=4.554760e+03 cycle=4058 time=2.346448e-01 dt=5.719987e-05
elapsed=4.555740e+03 cycle=4059 time=2.347020e-01 dt=5.719925e-05
elapsed=4.556688e+03 cycle=4060 time=2.347592e-01 dt=5.719863e-05
elapsed=4.557657e+03 cycle=4061 time=2.348164e-01 dt=5.719802e-05
elapsed=4.558622e+03 cycle=4062 time=2.348736e-01 dt=5.719741e-05
elapsed=4.559584e+03 cycle=4063 time=2.349308e-01 dt=5.719681e-05
elapsed=4.560546e+03 cycle=4064 time=2.349880e-01 dt=5.719620e-05
elapsed=4.561528e+03 cycle=4065 time=2.350452e-01 dt=5.719560e-05
elapsed=4.562498e+03 cycle=4066 time=2.351024e-01 dt=5.719499e-05
elapsed=4.563446e+03 cycle=4067 time=2.351596e-01 dt=5.719439e-05
elapsed=4.564410e+03 cycle=4068 time=2.352168e-01 dt=5.719379e-05
elapsed=4.565376e+03 cycle=4069 time=2.352740e-01 dt=5.719319e-05
elapsed=4.566321e+03 cycle=4070 time=2.353312e-01 dt=5.719260e-05
elapsed=4.567268e+03 cycle=4071 time=2.353884e-01 dt=5.719200e-05
elapsed=4.568231e+03 cycle=4072 time=2.354456e-01 dt=5.719142e-05
elapsed=4.569179e+03 cycle=4073 time=2.355028e-01 dt=5.719082e-05
elapsed=4.570148e+03 cycle=4074 time=2.355600e-01 dt=5.719023e-05
elapsed=4.571097e+03 cycle=4075 time=2.356172e-01 dt=5.718962e-05
elapsed=4.572044e+03 cycle=4076 time=2.356743e-01 dt=5.718900e-05
elapsed=4.573009e+03 cycle=4077 time=2.357315e-01 dt=5.718837e-05
elapsed=4.573954e+03 cycle=4078 time=2.357887e-01 dt=5.718774e-05
elapsed=4.574934e+03 cycle=4079 time=2.358459e-01 dt=5.718711e-05
elapsed=4.575881e+03 cycle=4080 time=2.359031e-01 dt=5.718650e-05
elapsed=4.576842e+03 cycle=4081 time=2.359603e-01 dt=5.718589e-05
elapsed=4.577791e+03 cycle=4082 time=2.360175e-01 dt=5.718529e-05
elapsed=4.578756e+03 cycle=4083 time=2.360747e-01 dt=5.718468e-05
elapsed=4.579716e+03 cycle=4084 time=2.361318e-01 dt=5.718408e-05
elapsed=4.580698e+03 cycle=4085 time=2.361890e-01 dt=5.718348e-05
elapsed=4.581682e+03 cycle=4086 time=2.362462e-01 dt=5.718288e-05
elapsed=4.582631e+03 cycle=4087 time=2.363034e-01 dt=5.718228e-05
elapsed=4.583583e+03 cycle=4088 time=2.363606e-01 dt=5.718170e-05
elapsed=4.584676e+03 cycle=4089 time=2.364178e-01 dt=5.718113e-05
elapsed=4.585639e+03 cycle=4090 time=2.364749e-01 dt=5.718057e-05
elapsed=4.586601e+03 cycle=4091 time=2.365321e-01 dt=5.718000e-05
elapsed=4.587550e+03 cycle=4092 time=2.365893e-01 dt=5.717944e-05
elapsed=4.588528e+03 cycle=4093 time=2.366465e-01 dt=5.717887e-05
elapsed=4.589493e+03 cycle=4094 time=2.367037e-01 dt=5.717831e-05
elapsed=4.590439e+03 cycle=4095 time=2.367608e-01 dt=5.717775e-05
elapsed=4.591405e+03 cycle=4096 time=2.368180e-01 dt=5.717719e-05
elapsed=4.592368e+03 cycle=4097 time=2.368752e-01 dt=5.717663e-05
elapsed=4.593349e+03 cycle=4098 time=2.369324e-01 dt=5.717608e-05
elapsed=4.594316e+03 cycle=4099 time=2.369895e-01 dt=5.717554e-05
elapsed=4.595280e+03 cycle=4100 time=2.370467e-01 dt=5.717501e-05
elapsed=4.596230e+03 cycle=4101 time=2.371039e-01 dt=5.717447e-05
elapsed=4.597176e+03 cycle=4102 time=2.371611e-01 dt=5.717393e-05
elapsed=4.598144e+03 cycle=4103 time=2.372182e-01 dt=5.717339e-05
elapsed=4.599094e+03 cycle=4104 time=2.372754e-01 dt=5.717286e-05
elapsed=4.600041e+03 cycle=4105 time=2.373326e-01 dt=5.717232e-05
elapsed=4.600988e+03 cycle=4106 time=2.373898e-01 dt=5.717178e-05
elapsed=4.601959e+03 cycle=4107 time=2.374469e-01 dt=5.717123e-05
elapsed=4.602908e+03 cycle=4108 time=2.375041e-01 dt=5.717069e-05
elapsed=4.603868e+03 cycle=4109 time=2.375613e-01 dt=5.717014e-05
elapsed=4.604960e+03 cycle=4110 time=2.376184e-01 dt=5.716958e-05
elapsed=4.605926e+03 cycle=4111 time=2.376756e-01 dt=5.716901e-05
elapsed=4.606893e+03 cycle=4112 time=2.377328e-01 dt=5.716843e-05
elapsed=4.607840e+03 cycle=4113 time=2.377899e-01 dt=5.716785e-05
elapsed=4.608803e+03 cycle=4114 time=2.378471e-01 dt=5.716728e-05
elapsed=4.609753e+03 cycle=4115 time=2.379043e-01 dt=5.716672e-05
elapsed=4.610702e+03 cycle=4116 time=2.379614e-01 dt=5.716616e-05
elapsed=4.611667e+03 cycle=4117 time=2.380186e-01 dt=5.716559e-05
elapsed=4.612629e+03 cycle=4118 time=2.380758e-01 dt=5.716502e-05
elapsed=4.613608e+03 cycle=4119 time=2.381329e-01 dt=5.716445e-05
elapsed=4.614593e+03 cycle=4120 time=2.381901e-01 dt=5.716388e-05
elapsed=4.615685e+03 cycle=4121 time=2.382473e-01 dt=5.716331e-05
elapsed=4.616652e+03 cycle=4122 time=2.383044e-01 dt=5.716276e-05
elapsed=4.617616e+03 cycle=4123 time=2.383616e-01 dt=5.716222e-05
elapsed=4.618600e+03 cycle=4124 time=2.384188e-01 dt=5.716168e-05
elapsed=4.619563e+03 cycle=4125 time=2.384759e-01 dt=5.716116e-05
elapsed=4.620528e+03 cycle=4126 time=2.385331e-01 dt=5.716063e-05
elapsed=4.621500e+03 cycle=4127 time=2.385902e-01 dt=5.716010e-05
elapsed=4.622462e+03 cycle=4128 time=2.386474e-01 dt=5.715957e-05
elapsed=4.623446e+03 cycle=4129 time=2.387046e-01 dt=5.715905e-05
elapsed=4.624426e+03 cycle=4130 time=2.387617e-01 dt=5.715852e-05
elapsed=4.625404e+03 cycle=4131 time=2.388189e-01 dt=5.715799e-05
elapsed=4.626364e+03 cycle=4132 time=2.388760e-01 dt=5.715747e-05
elapsed=4.627344e+03 cycle=4133 time=2.389332e-01 dt=5.715696e-05
elapsed=4.628438e+03 cycle=4134 time=2.389904e-01 dt=5.715643e-05
elapsed=4.629388e+03 cycle=4135 time=2.390475e-01 dt=5.715590e-05
elapsed=4.630349e+03 cycle=4136 time=2.391047e-01 dt=5.715537e-05
elapsed=4.631332e+03 cycle=4137 time=2.391618e-01 dt=5.715483e-05
elapsed=4.632277e+03 cycle=4138 time=2.392190e-01 dt=5.715431e-05
elapsed=4.633388e+03 cycle=4139 time=2.392761e-01 dt=5.715381e-05
elapsed=4.634368e+03 cycle=4140 time=2.393333e-01 dt=5.715330e-05
elapsed=4.635328e+03 cycle=4141 time=2.393904e-01 dt=5.715278e-05
elapsed=4.636307e+03 cycle=4142 time=2.394476e-01 dt=5.715226e-05
elapsed=4.637288e+03 cycle=4143 time=2.395047e-01 dt=5.715174e-05
elapsed=4.638268e+03 cycle=4144 time=2.395619e-01 dt=5.715122e-05
elapsed=4.639248e+03 cycle=4145 time=2.396190e-01 dt=5.715070e-05
elapsed=4.640215e+03 cycle=4146 time=2.396762e-01 dt=5.715018e-05
elapsed=4.641183e+03 cycle=4147 time=2.397333e-01 dt=5.714966e-05
elapsed=4.642134e+03 cycle=4148 time=2.397905e-01 dt=5.714913e-05
elapsed=4.643082e+03 cycle=4149 time=2.398476e-01 dt=5.714860e-05
elapsed=4.644061e+03 cycle=4150 time=2.399048e-01 dt=5.714807e-05
elapsed=4.645025e+03 cycle=4151 time=2.399619e-01 dt=5.714756e-05
[Tue Dec 30 07:12:29 EST 2025] Found 11 bin files, deleting 1 oldest...
[Tue Dec 30 07:12:31 EST 2025] Kept 10 most recent bin files.
elapsed=4.665207e+03 cycle=4152 time=2.400191e-01 dt=5.714704e-05
elapsed=4.666175e+03 cycle=4153 time=2.400762e-01 dt=5.714652e-05
elapsed=4.667159e+03 cycle=4154 time=2.401334e-01 dt=5.714600e-05
elapsed=4.668125e+03 cycle=4155 time=2.401905e-01 dt=5.714548e-05
elapsed=4.669075e+03 cycle=4156 time=2.402477e-01 dt=5.714497e-05
elapsed=4.670040e+03 cycle=4157 time=2.403048e-01 dt=5.714447e-05
elapsed=4.670991e+03 cycle=4158 time=2.403620e-01 dt=5.714396e-05
elapsed=4.671938e+03 cycle=4159 time=2.404191e-01 dt=5.714344e-05
elapsed=4.672918e+03 cycle=4160 time=2.404763e-01 dt=5.714293e-05
elapsed=4.674009e+03 cycle=4161 time=2.405334e-01 dt=5.714242e-05
elapsed=4.674991e+03 cycle=4162 time=2.405905e-01 dt=5.714191e-05
elapsed=4.675952e+03 cycle=4163 time=2.406477e-01 dt=5.714139e-05
elapsed=4.676901e+03 cycle=4164 time=2.407048e-01 dt=5.714086e-05
elapsed=4.677881e+03 cycle=4165 time=2.407620e-01 dt=5.714033e-05
elapsed=4.678842e+03 cycle=4166 time=2.408191e-01 dt=5.713979e-05
elapsed=4.679825e+03 cycle=4167 time=2.408762e-01 dt=5.713927e-05
elapsed=4.680773e+03 cycle=4168 time=2.409334e-01 dt=5.713874e-05
elapsed=4.681740e+03 cycle=4169 time=2.409905e-01 dt=5.713820e-05
elapsed=4.682832e+03 cycle=4170 time=2.410477e-01 dt=5.713767e-05
elapsed=4.683815e+03 cycle=4171 time=2.411048e-01 dt=5.713713e-05
elapsed=4.684796e+03 cycle=4172 time=2.411619e-01 dt=5.713659e-05
elapsed=4.685767e+03 cycle=4173 time=2.412191e-01 dt=5.713605e-05
elapsed=4.686735e+03 cycle=4174 time=2.412762e-01 dt=5.713551e-05
elapsed=4.687847e+03 cycle=4175 time=2.413333e-01 dt=5.713497e-05
elapsed=4.688810e+03 cycle=4176 time=2.413905e-01 dt=5.713443e-05
elapsed=4.689905e+03 cycle=4177 time=2.414476e-01 dt=5.713388e-05
elapsed=4.690871e+03 cycle=4178 time=2.415047e-01 dt=5.713332e-05
elapsed=4.691820e+03 cycle=4179 time=2.415619e-01 dt=5.713276e-05
elapsed=4.692787e+03 cycle=4180 time=2.416190e-01 dt=5.713219e-05
elapsed=4.693750e+03 cycle=4181 time=2.416761e-01 dt=5.713163e-05
elapsed=4.694700e+03 cycle=4182 time=2.417333e-01 dt=5.713107e-05
elapsed=4.695647e+03 cycle=4183 time=2.417904e-01 dt=5.713051e-05
elapsed=4.696627e+03 cycle=4184 time=2.418475e-01 dt=5.712997e-05
elapsed=4.697589e+03 cycle=4185 time=2.419047e-01 dt=5.712943e-05
elapsed=4.698536e+03 cycle=4186 time=2.419618e-01 dt=5.712889e-05
elapsed=4.699495e+03 cycle=4187 time=2.420189e-01 dt=5.712836e-05
elapsed=4.700460e+03 cycle=4188 time=2.420761e-01 dt=5.712782e-05
elapsed=4.701439e+03 cycle=4189 time=2.421332e-01 dt=5.712728e-05
elapsed=4.702400e+03 cycle=4190 time=2.421903e-01 dt=5.712672e-05
elapsed=4.703378e+03 cycle=4191 time=2.422474e-01 dt=5.712616e-05
elapsed=4.704342e+03 cycle=4192 time=2.423046e-01 dt=5.712560e-05
elapsed=4.705289e+03 cycle=4193 time=2.423617e-01 dt=5.712504e-05
elapsed=4.706253e+03 cycle=4194 time=2.424188e-01 dt=5.712449e-05
elapsed=4.707231e+03 cycle=4195 time=2.424759e-01 dt=5.712396e-05
elapsed=4.708330e+03 cycle=4196 time=2.425331e-01 dt=5.712342e-05
elapsed=4.709291e+03 cycle=4197 time=2.425902e-01 dt=5.712288e-05
elapsed=4.710271e+03 cycle=4198 time=2.426473e-01 dt=5.712232e-05
elapsed=4.711237e+03 cycle=4199 time=2.427044e-01 dt=5.712177e-05
elapsed=4.712203e+03 cycle=4200 time=2.427616e-01 dt=5.712122e-05
elapsed=4.713170e+03 cycle=4201 time=2.428187e-01 dt=5.712068e-05
elapsed=4.714136e+03 cycle=4202 time=2.428758e-01 dt=5.712015e-05
elapsed=4.715103e+03 cycle=4203 time=2.429329e-01 dt=5.711962e-05
elapsed=4.716083e+03 cycle=4204 time=2.429900e-01 dt=5.711908e-05
elapsed=4.717048e+03 cycle=4205 time=2.430472e-01 dt=5.711855e-05
elapsed=4.718017e+03 cycle=4206 time=2.431043e-01 dt=5.711801e-05
elapsed=4.718965e+03 cycle=4207 time=2.431614e-01 dt=5.711747e-05
elapsed=4.719929e+03 cycle=4208 time=2.432185e-01 dt=5.711693e-05
elapsed=4.720918e+03 cycle=4209 time=2.432756e-01 dt=5.711639e-05
elapsed=4.721866e+03 cycle=4210 time=2.433327e-01 dt=5.711585e-05
elapsed=4.722813e+03 cycle=4211 time=2.433899e-01 dt=5.711531e-05
elapsed=4.723774e+03 cycle=4212 time=2.434470e-01 dt=5.711477e-05
elapsed=4.724741e+03 cycle=4213 time=2.435041e-01 dt=5.711423e-05
elapsed=4.725720e+03 cycle=4214 time=2.435612e-01 dt=5.711369e-05
elapsed=4.726669e+03 cycle=4215 time=2.436183e-01 dt=5.711315e-05
elapsed=4.727615e+03 cycle=4216 time=2.436754e-01 dt=5.711261e-05
elapsed=4.728728e+03 cycle=4217 time=2.437325e-01 dt=5.711207e-05
elapsed=4.729707e+03 cycle=4218 time=2.437897e-01 dt=5.711153e-05
elapsed=4.730691e+03 cycle=4219 time=2.438468e-01 dt=5.711100e-05
elapsed=4.731659e+03 cycle=4220 time=2.439039e-01 dt=5.711047e-05
elapsed=4.732626e+03 cycle=4221 time=2.439610e-01 dt=5.710992e-05
elapsed=4.733588e+03 cycle=4222 time=2.440181e-01 dt=5.710936e-05
elapsed=4.734558e+03 cycle=4223 time=2.440752e-01 dt=5.710881e-05
elapsed=4.735523e+03 cycle=4224 time=2.441323e-01 dt=5.710825e-05
elapsed=4.736489e+03 cycle=4225 time=2.441894e-01 dt=5.710770e-05
elapsed=4.737452e+03 cycle=4226 time=2.442465e-01 dt=5.710715e-05
elapsed=4.738414e+03 cycle=4227 time=2.443036e-01 dt=5.710660e-05
elapsed=4.739377e+03 cycle=4228 time=2.443607e-01 dt=5.710605e-05
elapsed=4.740342e+03 cycle=4229 time=2.444178e-01 dt=5.710549e-05
elapsed=4.741322e+03 cycle=4230 time=2.444750e-01 dt=5.710494e-05
elapsed=4.742288e+03 cycle=4231 time=2.445321e-01 dt=5.710439e-05
elapsed=4.743258e+03 cycle=4232 time=2.445892e-01 dt=5.710383e-05
elapsed=4.744237e+03 cycle=4233 time=2.446463e-01 dt=5.710326e-05
elapsed=4.745207e+03 cycle=4234 time=2.447034e-01 dt=5.710269e-05
elapsed=4.746300e+03 cycle=4235 time=2.447605e-01 dt=5.710213e-05
elapsed=4.747261e+03 cycle=4236 time=2.448176e-01 dt=5.710157e-05
elapsed=4.748243e+03 cycle=4237 time=2.448747e-01 dt=5.710100e-05
elapsed=4.749190e+03 cycle=4238 time=2.449318e-01 dt=5.710042e-05
elapsed=4.750140e+03 cycle=4239 time=2.449889e-01 dt=5.709985e-05
elapsed=4.751090e+03 cycle=4240 time=2.450460e-01 dt=5.709929e-05
elapsed=4.752069e+03 cycle=4241 time=2.451031e-01 dt=5.709873e-05
elapsed=4.753031e+03 cycle=4242 time=2.451602e-01 dt=5.709816e-05
elapsed=4.753991e+03 cycle=4243 time=2.452173e-01 dt=5.709759e-05
elapsed=4.754940e+03 cycle=4244 time=2.452744e-01 dt=5.709703e-05
elapsed=4.755888e+03 cycle=4245 time=2.453315e-01 dt=5.709648e-05
elapsed=4.756983e+03 cycle=4246 time=2.453886e-01 dt=5.709593e-05
elapsed=4.758075e+03 cycle=4247 time=2.454457e-01 dt=5.709538e-05
elapsed=4.759040e+03 cycle=4248 time=2.455028e-01 dt=5.709484e-05
elapsed=4.760007e+03 cycle=4249 time=2.455599e-01 dt=5.709432e-05
elapsed=4.760986e+03 cycle=4250 time=2.456169e-01 dt=5.709379e-05
elapsed=4.762079e+03 cycle=4251 time=2.456740e-01 dt=5.709326e-05
elapsed=4.763169e+03 cycle=4252 time=2.457311e-01 dt=5.709274e-05
elapsed=4.764117e+03 cycle=4253 time=2.457882e-01 dt=5.709221e-05
elapsed=4.765101e+03 cycle=4254 time=2.458453e-01 dt=5.709168e-05
elapsed=4.766051e+03 cycle=4255 time=2.459024e-01 dt=5.709114e-05
elapsed=4.767016e+03 cycle=4256 time=2.459595e-01 dt=5.709061e-05
elapsed=4.768110e+03 cycle=4257 time=2.460166e-01 dt=5.709008e-05
elapsed=4.769081e+03 cycle=4258 time=2.460737e-01 dt=5.708955e-05
elapsed=4.770047e+03 cycle=4259 time=2.461308e-01 dt=5.708903e-05
elapsed=4.771027e+03 cycle=4260 time=2.461879e-01 dt=5.708850e-05
elapsed=4.772136e+03 cycle=4261 time=2.462449e-01 dt=5.708795e-05
elapsed=4.773100e+03 cycle=4262 time=2.463020e-01 dt=5.708740e-05
elapsed=4.774215e+03 cycle=4263 time=2.463591e-01 dt=5.708684e-05
elapsed=4.775196e+03 cycle=4264 time=2.464162e-01 dt=5.708629e-05
elapsed=4.776162e+03 cycle=4265 time=2.464733e-01 dt=5.708573e-05
elapsed=4.777126e+03 cycle=4266 time=2.465304e-01 dt=5.708515e-05
elapsed=4.778074e+03 cycle=4267 time=2.465875e-01 dt=5.708457e-05
elapsed=4.779053e+03 cycle=4268 time=2.466446e-01 dt=5.708399e-05
elapsed=4.780033e+03 cycle=4269 time=2.467016e-01 dt=5.708341e-05
elapsed=4.780986e+03 cycle=4270 time=2.467587e-01 dt=5.708283e-05
elapsed=4.781934e+03 cycle=4271 time=2.468158e-01 dt=5.708225e-05
elapsed=4.782895e+03 cycle=4272 time=2.468729e-01 dt=5.708166e-05
elapsed=4.783875e+03 cycle=4273 time=2.469300e-01 dt=5.708109e-05
elapsed=4.784860e+03 cycle=4274 time=2.469870e-01 dt=5.708052e-05
elapsed=4.785840e+03 cycle=4275 time=2.470441e-01 dt=5.707996e-05
elapsed=4.786786e+03 cycle=4276 time=2.471012e-01 dt=5.707940e-05
elapsed=4.787732e+03 cycle=4277 time=2.471583e-01 dt=5.707885e-05
elapsed=4.788692e+03 cycle=4278 time=2.472154e-01 dt=5.707829e-05
elapsed=4.789640e+03 cycle=4279 time=2.472724e-01 dt=5.707773e-05
elapsed=4.790620e+03 cycle=4280 time=2.473295e-01 dt=5.707719e-05
elapsed=4.791567e+03 cycle=4281 time=2.473866e-01 dt=5.707664e-05
elapsed=4.792532e+03 cycle=4282 time=2.474437e-01 dt=5.707611e-05
elapsed=4.793479e+03 cycle=4283 time=2.475008e-01 dt=5.707557e-05
elapsed=4.794464e+03 cycle=4284 time=2.475578e-01 dt=5.707505e-05
elapsed=4.795424e+03 cycle=4285 time=2.476149e-01 dt=5.707454e-05
elapsed=4.796388e+03 cycle=4286 time=2.476720e-01 dt=5.707401e-05
elapsed=4.797354e+03 cycle=4287 time=2.477291e-01 dt=5.707348e-05
elapsed=4.798303e+03 cycle=4288 time=2.477861e-01 dt=5.707293e-05
elapsed=4.799284e+03 cycle=4289 time=2.478432e-01 dt=5.707239e-05
elapsed=4.800248e+03 cycle=4290 time=2.479003e-01 dt=5.707184e-05
elapsed=4.801227e+03 cycle=4291 time=2.479573e-01 dt=5.707129e-05
elapsed=4.802195e+03 cycle=4292 time=2.480144e-01 dt=5.707074e-05
elapsed=4.803143e+03 cycle=4293 time=2.480715e-01 dt=5.707018e-05
elapsed=4.804107e+03 cycle=4294 time=2.481286e-01 dt=5.706961e-05
elapsed=4.805072e+03 cycle=4295 time=2.481856e-01 dt=5.706904e-05
elapsed=4.806020e+03 cycle=4296 time=2.482427e-01 dt=5.706847e-05
elapsed=4.807000e+03 cycle=4297 time=2.482998e-01 dt=5.706790e-05
elapsed=4.807947e+03 cycle=4298 time=2.483568e-01 dt=5.706733e-05
elapsed=4.809058e+03 cycle=4299 time=2.484139e-01 dt=5.706676e-05
elapsed=4.810004e+03 cycle=4300 time=2.484710e-01 dt=5.706620e-05
elapsed=4.810986e+03 cycle=4301 time=2.485280e-01 dt=5.706565e-05
elapsed=4.811952e+03 cycle=4302 time=2.485851e-01 dt=5.706509e-05
elapsed=4.812900e+03 cycle=4303 time=2.486422e-01 dt=5.706454e-05
elapsed=4.813992e+03 cycle=4304 time=2.486992e-01 dt=5.706399e-05
elapsed=4.814974e+03 cycle=4305 time=2.487563e-01 dt=5.706342e-05
elapsed=4.815935e+03 cycle=4306 time=2.488134e-01 dt=5.706286e-05
elapsed=4.816882e+03 cycle=4307 time=2.488704e-01 dt=5.706230e-05
elapsed=4.817832e+03 cycle=4308 time=2.489275e-01 dt=5.706174e-05
elapsed=4.818779e+03 cycle=4309 time=2.489845e-01 dt=5.706120e-05
elapsed=4.819727e+03 cycle=4310 time=2.490416e-01 dt=5.706066e-05
elapsed=4.820675e+03 cycle=4311 time=2.490987e-01 dt=5.706012e-05
elapsed=4.821640e+03 cycle=4312 time=2.491557e-01 dt=5.705959e-05
elapsed=4.822603e+03 cycle=4313 time=2.492128e-01 dt=5.705905e-05
elapsed=4.823584e+03 cycle=4314 time=2.492698e-01 dt=5.705853e-05
elapsed=4.824535e+03 cycle=4315 time=2.493269e-01 dt=5.705802e-05
elapsed=4.825501e+03 cycle=4316 time=2.493840e-01 dt=5.705751e-05
elapsed=4.826461e+03 cycle=4317 time=2.494410e-01 dt=5.705701e-05
elapsed=4.827428e+03 cycle=4318 time=2.494981e-01 dt=5.705650e-05
elapsed=4.828407e+03 cycle=4319 time=2.495551e-01 dt=5.705598e-05
elapsed=4.829370e+03 cycle=4320 time=2.496122e-01 dt=5.705546e-05
elapsed=4.830316e+03 cycle=4321 time=2.496692e-01 dt=5.705494e-05
elapsed=4.831281e+03 cycle=4322 time=2.497263e-01 dt=5.705444e-05
elapsed=4.832260e+03 cycle=4323 time=2.497833e-01 dt=5.705393e-05
elapsed=4.833221e+03 cycle=4324 time=2.498404e-01 dt=5.705343e-05
elapsed=4.834166e+03 cycle=4325 time=2.498975e-01 dt=5.705293e-05
elapsed=4.835147e+03 cycle=4326 time=2.499545e-01 dt=5.705243e-05
[Tue Dec 30 07:15:31 EST 2025] Found 11 bin files, deleting 1 oldest...
[Tue Dec 30 07:15:33 EST 2025] Kept 10 most recent bin files.
elapsed=4.856299e+03 cycle=4327 time=2.500116e-01 dt=5.705194e-05
elapsed=4.857280e+03 cycle=4328 time=2.500686e-01 dt=5.705143e-05
elapsed=4.858373e+03 cycle=4329 time=2.501257e-01 dt=5.705091e-05
elapsed=4.859340e+03 cycle=4330 time=2.501827e-01 dt=5.705040e-05
elapsed=4.860450e+03 cycle=4331 time=2.502398e-01 dt=5.704988e-05
elapsed=4.861416e+03 cycle=4332 time=2.502968e-01 dt=5.704937e-05
elapsed=4.862396e+03 cycle=4333 time=2.503539e-01 dt=5.704885e-05
elapsed=4.863379e+03 cycle=4334 time=2.504109e-01 dt=5.704835e-05
elapsed=4.864343e+03 cycle=4335 time=2.504680e-01 dt=5.704786e-05
elapsed=4.865329e+03 cycle=4336 time=2.505250e-01 dt=5.704737e-05
elapsed=4.866308e+03 cycle=4337 time=2.505821e-01 dt=5.704689e-05
elapsed=4.867256e+03 cycle=4338 time=2.506391e-01 dt=5.704640e-05
elapsed=4.868216e+03 cycle=4339 time=2.506961e-01 dt=5.704590e-05
elapsed=4.869307e+03 cycle=4340 time=2.507532e-01 dt=5.704539e-05
elapsed=4.870273e+03 cycle=4341 time=2.508102e-01 dt=5.704489e-05
elapsed=4.871256e+03 cycle=4342 time=2.508673e-01 dt=5.704439e-05
elapsed=4.872373e+03 cycle=4343 time=2.509243e-01 dt=5.704390e-05
elapsed=4.873339e+03 cycle=4344 time=2.509814e-01 dt=5.704341e-05
elapsed=4.874306e+03 cycle=4345 time=2.510384e-01 dt=5.704294e-05
elapsed=4.875256e+03 cycle=4346 time=2.510955e-01 dt=5.704248e-05
elapsed=4.876217e+03 cycle=4347 time=2.511525e-01 dt=5.704203e-05
elapsed=4.877184e+03 cycle=4348 time=2.512095e-01 dt=5.704160e-05
elapsed=4.878163e+03 cycle=4349 time=2.512666e-01 dt=5.704116e-05
elapsed=4.879143e+03 cycle=4350 time=2.513236e-01 dt=5.704073e-05
elapsed=4.880110e+03 cycle=4351 time=2.513807e-01 dt=5.704029e-05
elapsed=4.881071e+03 cycle=4352 time=2.514377e-01 dt=5.703986e-05
elapsed=4.882182e+03 cycle=4353 time=2.514947e-01 dt=5.703943e-05
elapsed=4.883292e+03 cycle=4354 time=2.515518e-01 dt=5.703901e-05
elapsed=4.884254e+03 cycle=4355 time=2.516088e-01 dt=5.703859e-05
elapsed=4.885223e+03 cycle=4356 time=2.516659e-01 dt=5.703817e-05
elapsed=4.886172e+03 cycle=4357 time=2.517229e-01 dt=5.703775e-05
elapsed=4.887133e+03 cycle=4358 time=2.517799e-01 dt=5.703733e-05
elapsed=4.888095e+03 cycle=4359 time=2.518370e-01 dt=5.703691e-05
elapsed=4.889074e+03 cycle=4360 time=2.518940e-01 dt=5.703649e-05
elapsed=4.890053e+03 cycle=4361 time=2.519511e-01 dt=5.703607e-05
elapsed=4.890999e+03 cycle=4362 time=2.520081e-01 dt=5.703564e-05
elapsed=4.891980e+03 cycle=4363 time=2.520651e-01 dt=5.703522e-05
elapsed=4.892945e+03 cycle=4364 time=2.521222e-01 dt=5.703479e-05
elapsed=4.893913e+03 cycle=4365 time=2.521792e-01 dt=5.703435e-05
elapsed=4.894893e+03 cycle=4366 time=2.522362e-01 dt=5.703391e-05
elapsed=4.895873e+03 cycle=4367 time=2.522933e-01 dt=5.703347e-05
elapsed=4.896840e+03 cycle=4368 time=2.523503e-01 dt=5.703302e-05
elapsed=4.897820e+03 cycle=4369 time=2.524073e-01 dt=5.703256e-05
elapsed=4.898932e+03 cycle=4370 time=2.524644e-01 dt=5.703209e-05
elapsed=4.899917e+03 cycle=4371 time=2.525214e-01 dt=5.703162e-05
elapsed=4.900884e+03 cycle=4372 time=2.525784e-01 dt=5.703114e-05
elapsed=4.901832e+03 cycle=4373 time=2.526355e-01 dt=5.703066e-05
elapsed=4.902792e+03 cycle=4374 time=2.526925e-01 dt=5.703017e-05
elapsed=4.903771e+03 cycle=4375 time=2.527495e-01 dt=5.702969e-05
elapsed=4.904738e+03 cycle=4376 time=2.528065e-01 dt=5.702920e-05
elapsed=4.905684e+03 cycle=4377 time=2.528636e-01 dt=5.702872e-05
elapsed=4.906670e+03 cycle=4378 time=2.529206e-01 dt=5.702825e-05
elapsed=4.907656e+03 cycle=4379 time=2.529776e-01 dt=5.702778e-05
elapsed=4.908636e+03 cycle=4380 time=2.530347e-01 dt=5.702732e-05
elapsed=4.909603e+03 cycle=4381 time=2.530917e-01 dt=5.702686e-05
elapsed=4.910553e+03 cycle=4382 time=2.531487e-01 dt=5.702639e-05
elapsed=4.911499e+03 cycle=4383 time=2.532057e-01 dt=5.702593e-05
elapsed=4.912465e+03 cycle=4384 time=2.532628e-01 dt=5.702547e-05
elapsed=4.913415e+03 cycle=4385 time=2.533198e-01 dt=5.702501e-05
elapsed=4.914377e+03 cycle=4386 time=2.533768e-01 dt=5.702454e-05
elapsed=4.915356e+03 cycle=4387 time=2.534338e-01 dt=5.702408e-05
elapsed=4.916302e+03 cycle=4388 time=2.534909e-01 dt=5.702363e-05
elapsed=4.917283e+03 cycle=4389 time=2.535479e-01 dt=5.702318e-05
elapsed=4.918250e+03 cycle=4390 time=2.536049e-01 dt=5.702272e-05
elapsed=4.919220e+03 cycle=4391 time=2.536619e-01 dt=5.702225e-05
elapsed=4.920182e+03 cycle=4392 time=2.537190e-01 dt=5.702178e-05
elapsed=4.921146e+03 cycle=4393 time=2.537760e-01 dt=5.702132e-05
elapsed=4.922094e+03 cycle=4394 time=2.538330e-01 dt=5.702085e-05
elapsed=4.923054e+03 cycle=4395 time=2.538900e-01 dt=5.702038e-05
elapsed=4.924035e+03 cycle=4396 time=2.539470e-01 dt=5.701990e-05
elapsed=4.925017e+03 cycle=4397 time=2.540041e-01 dt=5.701943e-05
elapsed=4.925983e+03 cycle=4398 time=2.540611e-01 dt=5.701896e-05
elapsed=4.926934e+03 cycle=4399 time=2.541181e-01 dt=5.701849e-05
elapsed=4.927916e+03 cycle=4400 time=2.541751e-01 dt=5.701801e-05
elapsed=4.928895e+03 cycle=4401 time=2.542321e-01 dt=5.701754e-05
elapsed=4.929841e+03 cycle=4402 time=2.542892e-01 dt=5.701707e-05
elapsed=4.930821e+03 cycle=4403 time=2.543462e-01 dt=5.701662e-05
elapsed=4.931769e+03 cycle=4404 time=2.544032e-01 dt=5.701617e-05
elapsed=4.932736e+03 cycle=4405 time=2.544602e-01 dt=5.701572e-05
elapsed=4.933685e+03 cycle=4406 time=2.545172e-01 dt=5.701527e-05
elapsed=4.934632e+03 cycle=4407 time=2.545742e-01 dt=5.701483e-05
elapsed=4.935581e+03 cycle=4408 time=2.546313e-01 dt=5.701438e-05
elapsed=4.936542e+03 cycle=4409 time=2.546883e-01 dt=5.701393e-05
elapsed=4.937508e+03 cycle=4410 time=2.547453e-01 dt=5.701349e-05
elapsed=4.938473e+03 cycle=4411 time=2.548023e-01 dt=5.701305e-05
elapsed=4.939433e+03 cycle=4412 time=2.548593e-01 dt=5.701260e-05
elapsed=4.940381e+03 cycle=4413 time=2.549163e-01 dt=5.701216e-05
elapsed=4.941473e+03 cycle=4414 time=2.549733e-01 dt=5.701172e-05
elapsed=4.942422e+03 cycle=4415 time=2.550303e-01 dt=5.701128e-05
elapsed=4.943383e+03 cycle=4416 time=2.550874e-01 dt=5.701085e-05
elapsed=4.944332e+03 cycle=4417 time=2.551444e-01 dt=5.701043e-05
elapsed=4.945281e+03 cycle=4418 time=2.552014e-01 dt=5.701001e-05
elapsed=4.946246e+03 cycle=4419 time=2.552584e-01 dt=5.700959e-05
elapsed=4.947230e+03 cycle=4420 time=2.553154e-01 dt=5.700917e-05
elapsed=4.948194e+03 cycle=4421 time=2.553724e-01 dt=5.700874e-05
elapsed=4.949159e+03 cycle=4422 time=2.554294e-01 dt=5.700831e-05
elapsed=4.950107e+03 cycle=4423 time=2.554864e-01 dt=5.700789e-05
elapsed=4.951053e+03 cycle=4424 time=2.555434e-01 dt=5.700749e-05
elapsed=4.952146e+03 cycle=4425 time=2.556004e-01 dt=5.700710e-05
elapsed=4.953129e+03 cycle=4426 time=2.556574e-01 dt=5.700671e-05
elapsed=4.954095e+03 cycle=4427 time=2.557144e-01 dt=5.700632e-05
elapsed=4.955062e+03 cycle=4428 time=2.557715e-01 dt=5.700593e-05
elapsed=4.956029e+03 cycle=4429 time=2.558285e-01 dt=5.700554e-05
elapsed=4.956991e+03 cycle=4430 time=2.558855e-01 dt=5.700515e-05
elapsed=4.957952e+03 cycle=4431 time=2.559425e-01 dt=5.700476e-05
elapsed=4.958932e+03 cycle=4432 time=2.559995e-01 dt=5.700436e-05
elapsed=4.959901e+03 cycle=4433 time=2.560565e-01 dt=5.700397e-05
elapsed=4.961015e+03 cycle=4434 time=2.561135e-01 dt=5.700357e-05
elapsed=4.961995e+03 cycle=4435 time=2.561705e-01 dt=5.700316e-05
elapsed=4.962964e+03 cycle=4436 time=2.562275e-01 dt=5.700275e-05
elapsed=4.963930e+03 cycle=4437 time=2.562845e-01 dt=5.700235e-05
elapsed=4.964893e+03 cycle=4438 time=2.563415e-01 dt=5.700194e-05
elapsed=4.965875e+03 cycle=4439 time=2.563985e-01 dt=5.700153e-05
elapsed=4.966838e+03 cycle=4440 time=2.564555e-01 dt=5.700114e-05
elapsed=4.967788e+03 cycle=4441 time=2.565125e-01 dt=5.700074e-05
elapsed=4.968734e+03 cycle=4442 time=2.565695e-01 dt=5.700033e-05
elapsed=4.969706e+03 cycle=4443 time=2.566265e-01 dt=5.699991e-05
elapsed=4.970651e+03 cycle=4444 time=2.566835e-01 dt=5.699949e-05
elapsed=4.971618e+03 cycle=4445 time=2.567405e-01 dt=5.699907e-05
elapsed=4.972568e+03 cycle=4446 time=2.567975e-01 dt=5.699864e-05
elapsed=4.973518e+03 cycle=4447 time=2.568545e-01 dt=5.699822e-05
elapsed=4.974502e+03 cycle=4448 time=2.569115e-01 dt=5.699780e-05
elapsed=4.975482e+03 cycle=4449 time=2.569685e-01 dt=5.699738e-05
elapsed=4.976462e+03 cycle=4450 time=2.570255e-01 dt=5.699696e-05
elapsed=4.977425e+03 cycle=4451 time=2.570825e-01 dt=5.699654e-05
elapsed=4.978390e+03 cycle=4452 time=2.571395e-01 dt=5.699611e-05
elapsed=4.979375e+03 cycle=4453 time=2.571965e-01 dt=5.699566e-05
elapsed=4.980342e+03 cycle=4454 time=2.572535e-01 dt=5.699519e-05
elapsed=4.981307e+03 cycle=4455 time=2.573105e-01 dt=5.699474e-05
elapsed=4.982417e+03 cycle=4456 time=2.573675e-01 dt=5.699428e-05
elapsed=4.983381e+03 cycle=4457 time=2.574245e-01 dt=5.699382e-05
elapsed=4.984345e+03 cycle=4458 time=2.574815e-01 dt=5.699336e-05
elapsed=4.985292e+03 cycle=4459 time=2.575384e-01 dt=5.699291e-05
elapsed=4.986256e+03 cycle=4460 time=2.575954e-01 dt=5.699246e-05
elapsed=4.987205e+03 cycle=4461 time=2.576524e-01 dt=5.699199e-05
elapsed=4.988171e+03 cycle=4462 time=2.577094e-01 dt=5.699152e-05
elapsed=4.989264e+03 cycle=4463 time=2.577664e-01 dt=5.699105e-05
elapsed=4.990228e+03 cycle=4464 time=2.578234e-01 dt=5.699058e-05
elapsed=4.991194e+03 cycle=4465 time=2.578804e-01 dt=5.699012e-05
elapsed=4.992154e+03 cycle=4466 time=2.579374e-01 dt=5.698967e-05
elapsed=4.993123e+03 cycle=4467 time=2.579944e-01 dt=5.698923e-05
elapsed=4.994085e+03 cycle=4468 time=2.580514e-01 dt=5.698881e-05
elapsed=4.995033e+03 cycle=4469 time=2.581084e-01 dt=5.698838e-05
elapsed=4.996013e+03 cycle=4470 time=2.581653e-01 dt=5.698795e-05
elapsed=4.996974e+03 cycle=4471 time=2.582223e-01 dt=5.698752e-05
elapsed=4.997943e+03 cycle=4472 time=2.582793e-01 dt=5.698709e-05
elapsed=4.998911e+03 cycle=4473 time=2.583363e-01 dt=5.698668e-05
elapsed=4.999860e+03 cycle=4474 time=2.583933e-01 dt=5.698625e-05
elapsed=5.000953e+03 cycle=4475 time=2.584503e-01 dt=5.698582e-05
elapsed=5.001924e+03 cycle=4476 time=2.585073e-01 dt=5.698539e-05
elapsed=5.002872e+03 cycle=4477 time=2.585643e-01 dt=5.698496e-05
elapsed=5.003983e+03 cycle=4478 time=2.586212e-01 dt=5.698454e-05
elapsed=5.004934e+03 cycle=4479 time=2.586782e-01 dt=5.698412e-05
elapsed=5.005914e+03 cycle=4480 time=2.587352e-01 dt=5.698371e-05
elapsed=5.006878e+03 cycle=4481 time=2.587922e-01 dt=5.698329e-05
elapsed=5.007969e+03 cycle=4482 time=2.588492e-01 dt=5.698288e-05
elapsed=5.008931e+03 cycle=4483 time=2.589062e-01 dt=5.698247e-05
elapsed=5.009892e+03 cycle=4484 time=2.589631e-01 dt=5.698207e-05
elapsed=5.010870e+03 cycle=4485 time=2.590201e-01 dt=5.698168e-05
elapsed=5.011831e+03 cycle=4486 time=2.590771e-01 dt=5.698127e-05
elapsed=5.012814e+03 cycle=4487 time=2.591341e-01 dt=5.698088e-05
elapsed=5.013767e+03 cycle=4488 time=2.591911e-01 dt=5.698049e-05
elapsed=5.014712e+03 cycle=4489 time=2.592480e-01 dt=5.698011e-05
elapsed=5.015803e+03 cycle=4490 time=2.593050e-01 dt=5.697973e-05
elapsed=5.016767e+03 cycle=4491 time=2.593620e-01 dt=5.697935e-05
elapsed=5.017728e+03 cycle=4492 time=2.594190e-01 dt=5.697897e-05
elapsed=5.018696e+03 cycle=4493 time=2.594760e-01 dt=5.697858e-05
elapsed=5.019658e+03 cycle=4494 time=2.595329e-01 dt=5.697819e-05
elapsed=5.020624e+03 cycle=4495 time=2.595899e-01 dt=5.697781e-05
elapsed=5.021571e+03 cycle=4496 time=2.596469e-01 dt=5.697743e-05
elapsed=5.022682e+03 cycle=4497 time=2.597039e-01 dt=5.697705e-05
elapsed=5.023643e+03 cycle=4498 time=2.597609e-01 dt=5.697667e-05
elapsed=5.024589e+03 cycle=4499 time=2.598178e-01 dt=5.697629e-05
elapsed=5.025553e+03 cycle=4500 time=2.598748e-01 dt=5.697591e-05
elapsed=5.026519e+03 cycle=4501 time=2.599318e-01 dt=5.697554e-05
elapsed=5.027611e+03 cycle=4502 time=2.599888e-01 dt=5.697517e-05
elapsed=5.048429e+03 cycle=4503 time=2.600457e-01 dt=5.697480e-05
elapsed=5.049375e+03 cycle=4504 time=2.601027e-01 dt=5.697443e-05
elapsed=5.050343e+03 cycle=4505 time=2.601597e-01 dt=5.697405e-05
elapsed=5.051306e+03 cycle=4506 time=2.602167e-01 dt=5.697368e-05
elapsed=5.052256e+03 cycle=4507 time=2.602736e-01 dt=5.697331e-05
elapsed=5.053219e+03 cycle=4508 time=2.603306e-01 dt=5.697293e-05
elapsed=5.054188e+03 cycle=4509 time=2.603876e-01 dt=5.697256e-05
elapsed=5.055139e+03 cycle=4510 time=2.604445e-01 dt=5.697218e-05
elapsed=5.056105e+03 cycle=4511 time=2.605015e-01 dt=5.697180e-05
elapsed=5.057084e+03 cycle=4512 time=2.605585e-01 dt=5.697141e-05
elapsed=5.058046e+03 cycle=4513 time=2.606155e-01 dt=5.697104e-05
elapsed=5.059011e+03 cycle=4514 time=2.606724e-01 dt=5.697066e-05
elapsed=5.059990e+03 cycle=4515 time=2.607294e-01 dt=5.697028e-05
elapsed=5.060957e+03 cycle=4516 time=2.607864e-01 dt=5.696990e-05
elapsed=5.061919e+03 cycle=4517 time=2.608433e-01 dt=5.696954e-05
elapsed=5.063011e+03 cycle=4518 time=2.609003e-01 dt=5.696919e-05
elapsed=5.063977e+03 cycle=4519 time=2.609573e-01 dt=5.696886e-05
elapsed=5.064944e+03 cycle=4520 time=2.610143e-01 dt=5.696853e-05
elapsed=5.065892e+03 cycle=4521 time=2.610712e-01 dt=5.696820e-05
elapsed=5.066853e+03 cycle=4522 time=2.611282e-01 dt=5.696789e-05
elapsed=5.067945e+03 cycle=4523 time=2.611852e-01 dt=5.696759e-05
elapsed=5.068893e+03 cycle=4524 time=2.612421e-01 dt=5.696728e-05
elapsed=5.069879e+03 cycle=4525 time=2.612991e-01 dt=5.696699e-05
elapsed=5.070861e+03 cycle=4526 time=2.613561e-01 dt=5.696669e-05
elapsed=5.071840e+03 cycle=4527 time=2.614130e-01 dt=5.696640e-05
elapsed=5.072951e+03 cycle=4528 time=2.614700e-01 dt=5.696611e-05
elapsed=5.073930e+03 cycle=4529 time=2.615270e-01 dt=5.696582e-05
elapsed=5.075021e+03 cycle=4530 time=2.615839e-01 dt=5.696552e-05
elapsed=5.076133e+03 cycle=4531 time=2.616409e-01 dt=5.696522e-05
elapsed=5.077094e+03 cycle=4532 time=2.616979e-01 dt=5.696493e-05
elapsed=5.078078e+03 cycle=4533 time=2.617548e-01 dt=5.696462e-05
elapsed=5.079049e+03 cycle=4534 time=2.618118e-01 dt=5.696431e-05
elapsed=5.080017e+03 cycle=4535 time=2.618687e-01 dt=5.696400e-05
elapsed=5.080978e+03 cycle=4536 time=2.619257e-01 dt=5.696368e-05
elapsed=5.081941e+03 cycle=4537 time=2.619827e-01 dt=5.696335e-05
elapsed=5.083035e+03 cycle=4538 time=2.620396e-01 dt=5.696301e-05
elapsed=5.084004e+03 cycle=4539 time=2.620966e-01 dt=5.696267e-05
[Tue Dec 30 07:19:33 EST 2025] Found 11 bin files, deleting 1 oldest...
elapsed=5.084966e+03 cycle=4540 time=2.621536e-01 dt=5.696233e-05
[Tue Dec 30 07:19:35 EST 2025] Kept 10 most recent bin files.
elapsed=5.085945e+03 cycle=4541 time=2.622105e-01 dt=5.696200e-05
elapsed=5.086895e+03 cycle=4542 time=2.622675e-01 dt=5.696167e-05
elapsed=5.087862e+03 cycle=4543 time=2.623245e-01 dt=5.696135e-05
elapsed=5.088833e+03 cycle=4544 time=2.623814e-01 dt=5.696102e-05
elapsed=5.089813e+03 cycle=4545 time=2.624384e-01 dt=5.696070e-05
elapsed=5.090793e+03 cycle=4546 time=2.624953e-01 dt=5.696037e-05
elapsed=5.091743e+03 cycle=4547 time=2.625523e-01 dt=5.696004e-05
elapsed=5.092704e+03 cycle=4548 time=2.626093e-01 dt=5.695973e-05
elapsed=5.093667e+03 cycle=4549 time=2.626662e-01 dt=5.695941e-05
elapsed=5.094634e+03 cycle=4550 time=2.627232e-01 dt=5.695910e-05
elapsed=5.095743e+03 cycle=4551 time=2.627801e-01 dt=5.695880e-05
elapsed=5.096706e+03 cycle=4552 time=2.628371e-01 dt=5.695851e-05
elapsed=5.097674e+03 cycle=4553 time=2.628941e-01 dt=5.695822e-05
elapsed=5.098621e+03 cycle=4554 time=2.629510e-01 dt=5.695793e-05
elapsed=5.099601e+03 cycle=4555 time=2.630080e-01 dt=5.695764e-05
elapsed=5.100566e+03 cycle=4556 time=2.630649e-01 dt=5.695735e-05
elapsed=5.101513e+03 cycle=4557 time=2.631219e-01 dt=5.695706e-05
elapsed=5.102460e+03 cycle=4558 time=2.631788e-01 dt=5.695678e-05
elapsed=5.103551e+03 cycle=4559 time=2.632358e-01 dt=5.695649e-05
elapsed=5.104646e+03 cycle=4560 time=2.632928e-01 dt=5.695620e-05
elapsed=5.105610e+03 cycle=4561 time=2.633497e-01 dt=5.695592e-05
elapsed=5.106556e+03 cycle=4562 time=2.634067e-01 dt=5.695563e-05
elapsed=5.107518e+03 cycle=4563 time=2.634636e-01 dt=5.695534e-05
elapsed=5.108483e+03 cycle=4564 time=2.635206e-01 dt=5.695505e-05
elapsed=5.109454e+03 cycle=4565 time=2.635775e-01 dt=5.695475e-05
elapsed=5.110401e+03 cycle=4566 time=2.636345e-01 dt=5.695445e-05
elapsed=5.111369e+03 cycle=4567 time=2.636914e-01 dt=5.695415e-05
elapsed=5.112348e+03 cycle=4568 time=2.637484e-01 dt=5.695385e-05
elapsed=5.113317e+03 cycle=4569 time=2.638053e-01 dt=5.695356e-05
elapsed=5.114301e+03 cycle=4570 time=2.638623e-01 dt=5.695329e-05
elapsed=5.115248e+03 cycle=4571 time=2.639193e-01 dt=5.695302e-05
elapsed=5.116232e+03 cycle=4572 time=2.639762e-01 dt=5.695276e-05
elapsed=5.117199e+03 cycle=4573 time=2.640332e-01 dt=5.695250e-05
elapsed=5.118161e+03 cycle=4574 time=2.640901e-01 dt=5.695224e-05
elapsed=5.119143e+03 cycle=4575 time=2.641471e-01 dt=5.695198e-05
elapsed=5.120105e+03 cycle=4576 time=2.642040e-01 dt=5.695171e-05
elapsed=5.121053e+03 cycle=4577 time=2.642610e-01 dt=5.695145e-05
elapsed=5.122001e+03 cycle=4578 time=2.643179e-01 dt=5.695118e-05
elapsed=5.122986e+03 cycle=4579 time=2.643749e-01 dt=5.695093e-05
elapsed=5.123934e+03 cycle=4580 time=2.644318e-01 dt=5.695067e-05
elapsed=5.125047e+03 cycle=4581 time=2.644888e-01 dt=5.695043e-05
elapsed=5.126012e+03 cycle=4582 time=2.645457e-01 dt=5.695019e-05
elapsed=5.126979e+03 cycle=4583 time=2.646027e-01 dt=5.694995e-05
elapsed=5.127941e+03 cycle=4584 time=2.646596e-01 dt=5.694971e-05
elapsed=5.129034e+03 cycle=4585 time=2.647166e-01 dt=5.694948e-05
elapsed=5.130002e+03 cycle=4586 time=2.647735e-01 dt=5.694926e-05
elapsed=5.130963e+03 cycle=4587 time=2.648305e-01 dt=5.694906e-05
elapsed=5.131941e+03 cycle=4588 time=2.648874e-01 dt=5.694888e-05
elapsed=5.132910e+03 cycle=4589 time=2.649444e-01 dt=5.694870e-05
elapsed=5.133859e+03 cycle=4590 time=2.650013e-01 dt=5.694853e-05
elapsed=5.134841e+03 cycle=4591 time=2.650583e-01 dt=5.694835e-05
elapsed=5.135808e+03 cycle=4592 time=2.651152e-01 dt=5.694817e-05
elapsed=5.136755e+03 cycle=4593 time=2.651722e-01 dt=5.694798e-05
elapsed=5.137708e+03 cycle=4594 time=2.652291e-01 dt=5.694779e-05
elapsed=5.138688e+03 cycle=4595 time=2.652861e-01 dt=5.694760e-05
elapsed=5.139654e+03 cycle=4596 time=2.653430e-01 dt=5.694741e-05
elapsed=5.140617e+03 cycle=4597 time=2.654000e-01 dt=5.694722e-05
elapsed=5.141568e+03 cycle=4598 time=2.654569e-01 dt=5.694704e-05
elapsed=5.142515e+03 cycle=4599 time=2.655138e-01 dt=5.694687e-05
elapsed=5.143605e+03 cycle=4600 time=2.655708e-01 dt=5.694668e-05
elapsed=5.144564e+03 cycle=4601 time=2.656277e-01 dt=5.694650e-05
elapsed=5.145676e+03 cycle=4602 time=2.656847e-01 dt=5.694632e-05
elapsed=5.146645e+03 cycle=4603 time=2.657416e-01 dt=5.694615e-05
elapsed=5.147591e+03 cycle=4604 time=2.657986e-01 dt=5.694598e-05
elapsed=5.148555e+03 cycle=4605 time=2.658555e-01 dt=5.694583e-05
elapsed=5.149647e+03 cycle=4606 time=2.659125e-01 dt=5.694567e-05
elapsed=5.150614e+03 cycle=4607 time=2.659694e-01 dt=5.694551e-05
elapsed=5.151564e+03 cycle=4608 time=2.660264e-01 dt=5.694536e-05
elapsed=5.152511e+03 cycle=4609 time=2.660833e-01 dt=5.694523e-05
elapsed=5.153493e+03 cycle=4610 time=2.661403e-01 dt=5.694511e-05
elapsed=5.154460e+03 cycle=4611 time=2.661972e-01 dt=5.694498e-05
elapsed=5.155406e+03 cycle=4612 time=2.662541e-01 dt=5.694486e-05
elapsed=5.156373e+03 cycle=4613 time=2.663111e-01 dt=5.694475e-05
elapsed=5.157339e+03 cycle=4614 time=2.663680e-01 dt=5.694462e-05
elapsed=5.158320e+03 cycle=4615 time=2.664250e-01 dt=5.694449e-05
elapsed=5.159279e+03 cycle=4616 time=2.664819e-01 dt=5.694435e-05
elapsed=5.160229e+03 cycle=4617 time=2.665389e-01 dt=5.694422e-05
elapsed=5.161178e+03 cycle=4618 time=2.665958e-01 dt=5.694409e-05
elapsed=5.162124e+03 cycle=4619 time=2.666528e-01 dt=5.694395e-05
elapsed=5.163070e+03 cycle=4620 time=2.667097e-01 dt=5.694383e-05
elapsed=5.164037e+03 cycle=4621 time=2.667666e-01 dt=5.694371e-05
elapsed=5.165002e+03 cycle=4622 time=2.668236e-01 dt=5.694360e-05
elapsed=5.165982e+03 cycle=4623 time=2.668805e-01 dt=5.694350e-05
elapsed=5.166929e+03 cycle=4624 time=2.669375e-01 dt=5.694339e-05
elapsed=5.167875e+03 cycle=4625 time=2.669944e-01 dt=5.694329e-05
elapsed=5.168825e+03 cycle=4626 time=2.670514e-01 dt=5.694319e-05
elapsed=5.169787e+03 cycle=4627 time=2.671083e-01 dt=5.694310e-05
elapsed=5.170735e+03 cycle=4628 time=2.671652e-01 dt=5.694301e-05
elapsed=5.171684e+03 cycle=4629 time=2.672222e-01 dt=5.694292e-05
elapsed=5.172654e+03 cycle=4630 time=2.672791e-01 dt=5.694283e-05
elapsed=5.173620e+03 cycle=4631 time=2.673361e-01 dt=5.694274e-05
elapsed=5.174586e+03 cycle=4632 time=2.673930e-01 dt=5.694266e-05
elapsed=5.175550e+03 cycle=4633 time=2.674500e-01 dt=5.694259e-05
elapsed=5.176642e+03 cycle=4634 time=2.675069e-01 dt=5.694251e-05
elapsed=5.177604e+03 cycle=4635 time=2.675638e-01 dt=5.694244e-05
elapsed=5.178556e+03 cycle=4636 time=2.676208e-01 dt=5.694237e-05
elapsed=5.179519e+03 cycle=4637 time=2.676777e-01 dt=5.694231e-05
elapsed=5.180499e+03 cycle=4638 time=2.677347e-01 dt=5.694225e-05
elapsed=5.181465e+03 cycle=4639 time=2.677916e-01 dt=5.694219e-05
elapsed=5.182434e+03 cycle=4640 time=2.678486e-01 dt=5.694213e-05
elapsed=5.183405e+03 cycle=4641 time=2.679055e-01 dt=5.694207e-05
elapsed=5.184372e+03 cycle=4642 time=2.679624e-01 dt=5.694201e-05
elapsed=5.185339e+03 cycle=4643 time=2.680194e-01 dt=5.694195e-05
elapsed=5.186305e+03 cycle=4644 time=2.680763e-01 dt=5.694190e-05
elapsed=5.187254e+03 cycle=4645 time=2.681333e-01 dt=5.694185e-05
elapsed=5.188237e+03 cycle=4646 time=2.681902e-01 dt=5.694182e-05
elapsed=5.189205e+03 cycle=4647 time=2.682472e-01 dt=5.694178e-05
elapsed=5.190166e+03 cycle=4648 time=2.683041e-01 dt=5.694175e-05
elapsed=5.191146e+03 cycle=4649 time=2.683610e-01 dt=5.694171e-05
elapsed=5.192094e+03 cycle=4650 time=2.684180e-01 dt=5.694166e-05
elapsed=5.193073e+03 cycle=4651 time=2.684749e-01 dt=5.694159e-05
elapsed=5.194038e+03 cycle=4652 time=2.685319e-01 dt=5.694153e-05
elapsed=5.195001e+03 cycle=4653 time=2.685888e-01 dt=5.694146e-05
elapsed=5.195982e+03 cycle=4654 time=2.686457e-01 dt=5.694140e-05
elapsed=5.196948e+03 cycle=4655 time=2.687027e-01 dt=5.694134e-05
elapsed=5.197915e+03 cycle=4656 time=2.687596e-01 dt=5.694129e-05
elapsed=5.198877e+03 cycle=4657 time=2.688166e-01 dt=5.694124e-05
elapsed=5.199859e+03 cycle=4658 time=2.688735e-01 dt=5.694119e-05
elapsed=5.200821e+03 cycle=4659 time=2.689305e-01 dt=5.694114e-05
elapsed=5.201791e+03 cycle=4660 time=2.689874e-01 dt=5.694109e-05
elapsed=5.202742e+03 cycle=4661 time=2.690443e-01 dt=5.694104e-05
elapsed=5.203708e+03 cycle=4662 time=2.691013e-01 dt=5.694099e-05
elapsed=5.204669e+03 cycle=4663 time=2.691582e-01 dt=5.694095e-05
elapsed=5.205615e+03 cycle=4664 time=2.692152e-01 dt=5.694092e-05
elapsed=5.206582e+03 cycle=4665 time=2.692721e-01 dt=5.694090e-05
elapsed=5.207549e+03 cycle=4666 time=2.693290e-01 dt=5.694088e-05
elapsed=5.208642e+03 cycle=4667 time=2.693860e-01 dt=5.694086e-05
elapsed=5.209608e+03 cycle=4668 time=2.694429e-01 dt=5.694084e-05
elapsed=5.210717e+03 cycle=4669 time=2.694999e-01 dt=5.694081e-05
elapsed=5.211700e+03 cycle=4670 time=2.695568e-01 dt=5.694080e-05
elapsed=5.212648e+03 cycle=4671 time=2.696137e-01 dt=5.694078e-05
elapsed=5.213616e+03 cycle=4672 time=2.696707e-01 dt=5.694077e-05
elapsed=5.214575e+03 cycle=4673 time=2.697276e-01 dt=5.694076e-05
elapsed=5.215541e+03 cycle=4674 time=2.697846e-01 dt=5.694074e-05
elapsed=5.216656e+03 cycle=4675 time=2.698415e-01 dt=5.694071e-05
elapsed=5.217604e+03 cycle=4676 time=2.698984e-01 dt=5.694068e-05
elapsed=5.218718e+03 cycle=4677 time=2.699554e-01 dt=5.694065e-05
elapsed=5.239293e+03 cycle=4678 time=2.700123e-01 dt=5.694061e-05
elapsed=5.240274e+03 cycle=4679 time=2.700693e-01 dt=5.694057e-05
elapsed=5.241259e+03 cycle=4680 time=2.701262e-01 dt=5.694054e-05
elapsed=5.242222e+03 cycle=4681 time=2.701831e-01 dt=5.694053e-05
elapsed=5.243171e+03 cycle=4682 time=2.702401e-01 dt=5.694052e-05
elapsed=5.244115e+03 cycle=4683 time=2.702970e-01 dt=5.694051e-05
elapsed=5.245081e+03 cycle=4684 time=2.703540e-01 dt=5.694049e-05
elapsed=5.246054e+03 cycle=4685 time=2.704109e-01 dt=5.694047e-05
elapsed=5.247019e+03 cycle=4686 time=2.704679e-01 dt=5.694046e-05
elapsed=5.247986e+03 cycle=4687 time=2.705248e-01 dt=5.694044e-05
elapsed=5.248951e+03 cycle=4688 time=2.705817e-01 dt=5.694042e-05
elapsed=5.249902e+03 cycle=4689 time=2.706387e-01 dt=5.694043e-05
elapsed=5.250866e+03 cycle=4690 time=2.706956e-01 dt=5.694046e-05
elapsed=5.251846e+03 cycle=4691 time=2.707526e-01 dt=5.694048e-05
elapsed=5.252940e+03 cycle=4692 time=2.708095e-01 dt=5.694049e-05
elapsed=5.254053e+03 cycle=4693 time=2.708664e-01 dt=5.694050e-05
elapsed=5.255016e+03 cycle=4694 time=2.709234e-01 dt=5.694051e-05
elapsed=5.255978e+03 cycle=4695 time=2.709803e-01 dt=5.694053e-05
elapsed=5.256925e+03 cycle=4696 time=2.710373e-01 dt=5.694053e-05
elapsed=5.257904e+03 cycle=4697 time=2.710942e-01 dt=5.694054e-05
elapsed=5.258999e+03 cycle=4698 time=2.711511e-01 dt=5.694055e-05
elapsed=5.259971e+03 cycle=4699 time=2.712081e-01 dt=5.694054e-05
elapsed=5.260936e+03 cycle=4700 time=2.712650e-01 dt=5.694054e-05
elapsed=5.262027e+03 cycle=4701 time=2.713220e-01 dt=5.694054e-05
elapsed=5.263137e+03 cycle=4702 time=2.713789e-01 dt=5.694055e-05
elapsed=5.264101e+03 cycle=4703 time=2.714358e-01 dt=5.694055e-05
elapsed=5.265085e+03 cycle=4704 time=2.714928e-01 dt=5.694055e-05
[Tue Dec 30 07:22:35 EST 2025] Found 11 bin files, deleting 1 oldest...
elapsed=5.266064e+03 cycle=4705 time=2.715497e-01 dt=5.694056e-05
elapsed=5.267010e+03 cycle=4706 time=2.716067e-01 dt=5.694056e-05
[Tue Dec 30 07:22:37 EST 2025] Kept 10 most recent bin files.
elapsed=5.267977e+03 cycle=4707 time=2.716636e-01 dt=5.694056e-05
elapsed=5.268926e+03 cycle=4708 time=2.717205e-01 dt=5.694055e-05
elapsed=5.269888e+03 cycle=4709 time=2.717775e-01 dt=5.694054e-05
elapsed=5.270853e+03 cycle=4710 time=2.718344e-01 dt=5.694056e-05
elapsed=5.271833e+03 cycle=4711 time=2.718914e-01 dt=5.694060e-05
elapsed=5.272796e+03 cycle=4712 time=2.719483e-01 dt=5.694065e-05
elapsed=5.273756e+03 cycle=4713 time=2.720052e-01 dt=5.694069e-05
elapsed=5.274728e+03 cycle=4714 time=2.720622e-01 dt=5.694073e-05
elapsed=5.275699e+03 cycle=4715 time=2.721191e-01 dt=5.694078e-05
elapsed=5.276666e+03 cycle=4716 time=2.721761e-01 dt=5.694082e-05
elapsed=5.277634e+03 cycle=4717 time=2.722330e-01 dt=5.694087e-05
elapsed=5.278594e+03 cycle=4718 time=2.722899e-01 dt=5.694094e-05
elapsed=5.279562e+03 cycle=4719 time=2.723469e-01 dt=5.694101e-05
elapsed=5.280654e+03 cycle=4720 time=2.724038e-01 dt=5.694108e-05
elapsed=5.281604e+03 cycle=4721 time=2.724608e-01 dt=5.694115e-05
elapsed=5.282583e+03 cycle=4722 time=2.725177e-01 dt=5.694121e-05
elapsed=5.283551e+03 cycle=4723 time=2.725747e-01 dt=5.694128e-05
elapsed=5.284499e+03 cycle=4724 time=2.726316e-01 dt=5.694136e-05
elapsed=5.285445e+03 cycle=4725 time=2.726885e-01 dt=5.694145e-05
elapsed=5.286412e+03 cycle=4726 time=2.727455e-01 dt=5.694154e-05
elapsed=5.287377e+03 cycle=4727 time=2.728024e-01 dt=5.694163e-05
elapsed=5.288322e+03 cycle=4728 time=2.728594e-01 dt=5.694172e-05
elapsed=5.289302e+03 cycle=4729 time=2.729163e-01 dt=5.694181e-05
elapsed=5.290248e+03 cycle=4730 time=2.729732e-01 dt=5.694191e-05
elapsed=5.291228e+03 cycle=4731 time=2.730302e-01 dt=5.694201e-05
elapsed=5.292208e+03 cycle=4732 time=2.730871e-01 dt=5.694211e-05
elapsed=5.293170e+03 cycle=4733 time=2.731441e-01 dt=5.694220e-05
elapsed=5.294132e+03 cycle=4734 time=2.732010e-01 dt=5.694229e-05
elapsed=5.295112e+03 cycle=4735 time=2.732580e-01 dt=5.694238e-05
elapsed=5.296223e+03 cycle=4736 time=2.733149e-01 dt=5.694246e-05
elapsed=5.297170e+03 cycle=4737 time=2.733718e-01 dt=5.694255e-05
elapsed=5.298141e+03 cycle=4738 time=2.734288e-01 dt=5.694264e-05
elapsed=5.299103e+03 cycle=4739 time=2.734857e-01 dt=5.694274e-05
elapsed=5.300050e+03 cycle=4740 time=2.735427e-01 dt=5.694285e-05
elapsed=5.301013e+03 cycle=4741 time=2.735996e-01 dt=5.694295e-05
elapsed=5.301960e+03 cycle=4742 time=2.736566e-01 dt=5.694306e-05
elapsed=5.302944e+03 cycle=4743 time=2.737135e-01 dt=5.694316e-05
elapsed=5.303891e+03 cycle=4744 time=2.737704e-01 dt=5.694327e-05
elapsed=5.304852e+03 cycle=4745 time=2.738274e-01 dt=5.694337e-05
elapsed=5.305804e+03 cycle=4746 time=2.738843e-01 dt=5.694348e-05
elapsed=5.306783e+03 cycle=4747 time=2.739413e-01 dt=5.694359e-05
elapsed=5.307746e+03 cycle=4748 time=2.739982e-01 dt=5.694371e-05
elapsed=5.308838e+03 cycle=4749 time=2.740552e-01 dt=5.694384e-05
elapsed=5.309802e+03 cycle=4750 time=2.741121e-01 dt=5.694396e-05
elapsed=5.310916e+03 cycle=4751 time=2.741690e-01 dt=5.694407e-05
elapsed=5.311878e+03 cycle=4752 time=2.742260e-01 dt=5.694418e-05
elapsed=5.312838e+03 cycle=4753 time=2.742829e-01 dt=5.694428e-05
elapsed=5.313786e+03 cycle=4754 time=2.743399e-01 dt=5.694439e-05
elapsed=5.314755e+03 cycle=4755 time=2.743968e-01 dt=5.694450e-05
elapsed=5.315715e+03 cycle=4756 time=2.744538e-01 dt=5.694461e-05
elapsed=5.316679e+03 cycle=4757 time=2.745107e-01 dt=5.694473e-05
elapsed=5.317641e+03 cycle=4758 time=2.745677e-01 dt=5.694486e-05
elapsed=5.318622e+03 cycle=4759 time=2.746246e-01 dt=5.694497e-05
elapsed=5.319602e+03 cycle=4760 time=2.746815e-01 dt=5.694509e-05
elapsed=5.320562e+03 cycle=4761 time=2.747385e-01 dt=5.694520e-05
elapsed=5.321528e+03 cycle=4762 time=2.747954e-01 dt=5.694532e-05
elapsed=5.322489e+03 cycle=4763 time=2.748524e-01 dt=5.694544e-05
elapsed=5.323457e+03 cycle=4764 time=2.749093e-01 dt=5.694555e-05
elapsed=5.324418e+03 cycle=4765 time=2.749663e-01 dt=5.694565e-05
elapsed=5.325400e+03 cycle=4766 time=2.750232e-01 dt=5.694575e-05
elapsed=5.326366e+03 cycle=4767 time=2.750802e-01 dt=5.694585e-05
elapsed=5.327336e+03 cycle=4768 time=2.751371e-01 dt=5.694594e-05
elapsed=5.328284e+03 cycle=4769 time=2.751941e-01 dt=5.694602e-05
elapsed=5.329247e+03 cycle=4770 time=2.752510e-01 dt=5.694611e-05
elapsed=5.330193e+03 cycle=4771 time=2.753079e-01 dt=5.694621e-05
elapsed=5.331154e+03 cycle=4772 time=2.753649e-01 dt=5.694631e-05
elapsed=5.332137e+03 cycle=4773 time=2.754218e-01 dt=5.694641e-05
elapsed=5.333230e+03 cycle=4774 time=2.754788e-01 dt=5.694651e-05
elapsed=5.334178e+03 cycle=4775 time=2.755357e-01 dt=5.694661e-05
elapsed=5.335144e+03 cycle=4776 time=2.755927e-01 dt=5.694670e-05
elapsed=5.336109e+03 cycle=4777 time=2.756496e-01 dt=5.694680e-05
elapsed=5.337089e+03 cycle=4778 time=2.757066e-01 dt=5.694689e-05
elapsed=5.338050e+03 cycle=4779 time=2.757635e-01 dt=5.694699e-05
elapsed=5.339011e+03 cycle=4780 time=2.758205e-01 dt=5.694708e-05
elapsed=5.339990e+03 cycle=4781 time=2.758774e-01 dt=5.694717e-05
elapsed=5.340974e+03 cycle=4782 time=2.759344e-01 dt=5.694723e-05
elapsed=5.341936e+03 cycle=4783 time=2.759913e-01 dt=5.694728e-05
elapsed=5.342900e+03 cycle=4784 time=2.760483e-01 dt=5.694735e-05
elapsed=5.344014e+03 cycle=4785 time=2.761052e-01 dt=5.694742e-05
elapsed=5.344996e+03 cycle=4786 time=2.761622e-01 dt=5.694749e-05
elapsed=5.345944e+03 cycle=4787 time=2.762191e-01 dt=5.694757e-05
elapsed=5.346930e+03 cycle=4788 time=2.762760e-01 dt=5.694766e-05
elapsed=5.347889e+03 cycle=4789 time=2.763330e-01 dt=5.694772e-05
elapsed=5.348855e+03 cycle=4790 time=2.763899e-01 dt=5.694778e-05
elapsed=5.349839e+03 cycle=4791 time=2.764469e-01 dt=5.694784e-05
elapsed=5.350786e+03 cycle=4792 time=2.765038e-01 dt=5.694790e-05
elapsed=5.351732e+03 cycle=4793 time=2.765608e-01 dt=5.694796e-05
elapsed=5.352697e+03 cycle=4794 time=2.766177e-01 dt=5.694803e-05
elapsed=5.353677e+03 cycle=4795 time=2.766747e-01 dt=5.694809e-05
elapsed=5.354657e+03 cycle=4796 time=2.767316e-01 dt=5.694817e-05
elapsed=5.355637e+03 cycle=4797 time=2.767886e-01 dt=5.694825e-05
elapsed=5.356598e+03 cycle=4798 time=2.768455e-01 dt=5.694834e-05
elapsed=5.357566e+03 cycle=4799 time=2.769025e-01 dt=5.694843e-05
elapsed=5.358549e+03 cycle=4800 time=2.769594e-01 dt=5.694852e-05
elapsed=5.359512e+03 cycle=4801 time=2.770164e-01 dt=5.694861e-05
elapsed=5.360490e+03 cycle=4802 time=2.770733e-01 dt=5.694870e-05
elapsed=5.361458e+03 cycle=4803 time=2.771303e-01 dt=5.694880e-05
elapsed=5.362430e+03 cycle=4804 time=2.771872e-01 dt=5.694890e-05
elapsed=5.363379e+03 cycle=4805 time=2.772442e-01 dt=5.694900e-05
elapsed=5.364341e+03 cycle=4806 time=2.773011e-01 dt=5.694911e-05
elapsed=5.365309e+03 cycle=4807 time=2.773581e-01 dt=5.694922e-05
elapsed=5.366257e+03 cycle=4808 time=2.774150e-01 dt=5.694932e-05
elapsed=5.367225e+03 cycle=4809 time=2.774720e-01 dt=5.694942e-05
elapsed=5.368205e+03 cycle=4810 time=2.775289e-01 dt=5.694952e-05
elapsed=5.369163e+03 cycle=4811 time=2.775859e-01 dt=5.694963e-05
elapsed=5.370125e+03 cycle=4812 time=2.776428e-01 dt=5.694973e-05
elapsed=5.371086e+03 cycle=4813 time=2.776998e-01 dt=5.694984e-05
elapsed=5.372179e+03 cycle=4814 time=2.777567e-01 dt=5.694994e-05
elapsed=5.373126e+03 cycle=4815 time=2.778137e-01 dt=5.695005e-05
elapsed=5.374074e+03 cycle=4816 time=2.778706e-01 dt=5.695015e-05
elapsed=5.375036e+03 cycle=4817 time=2.779276e-01 dt=5.695025e-05
elapsed=5.376001e+03 cycle=4818 time=2.779845e-01 dt=5.695034e-05
elapsed=5.376969e+03 cycle=4819 time=2.780415e-01 dt=5.695044e-05
elapsed=5.377941e+03 cycle=4820 time=2.780984e-01 dt=5.695053e-05
elapsed=5.378890e+03 cycle=4821 time=2.781554e-01 dt=5.695063e-05
elapsed=5.379837e+03 cycle=4822 time=2.782123e-01 dt=5.695072e-05
elapsed=5.380818e+03 cycle=4823 time=2.782693e-01 dt=5.695082e-05
elapsed=5.381764e+03 cycle=4824 time=2.783262e-01 dt=5.695092e-05
elapsed=5.382746e+03 cycle=4825 time=2.783832e-01 dt=5.695102e-05
elapsed=5.383696e+03 cycle=4826 time=2.784401e-01 dt=5.695112e-05
elapsed=5.384790e+03 cycle=4827 time=2.784971e-01 dt=5.695123e-05
elapsed=5.385750e+03 cycle=4828 time=2.785540e-01 dt=5.695133e-05
elapsed=5.386695e+03 cycle=4829 time=2.786110e-01 dt=5.695143e-05
elapsed=5.387811e+03 cycle=4830 time=2.786679e-01 dt=5.695154e-05
elapsed=5.388759e+03 cycle=4831 time=2.787249e-01 dt=5.695165e-05
elapsed=5.389720e+03 cycle=4832 time=2.787818e-01 dt=5.695176e-05
elapsed=5.390681e+03 cycle=4833 time=2.788388e-01 dt=5.695186e-05
elapsed=5.391644e+03 cycle=4834 time=2.788957e-01 dt=5.695197e-05
elapsed=5.392609e+03 cycle=4835 time=2.789527e-01 dt=5.695208e-05
elapsed=5.393589e+03 cycle=4836 time=2.790096e-01 dt=5.695219e-05
elapsed=5.394536e+03 cycle=4837 time=2.790666e-01 dt=5.695231e-05
elapsed=5.395484e+03 cycle=4838 time=2.791235e-01 dt=5.695242e-05
elapsed=5.396473e+03 cycle=4839 time=2.791805e-01 dt=5.695254e-05
elapsed=5.397453e+03 cycle=4840 time=2.792374e-01 dt=5.695266e-05
elapsed=5.398402e+03 cycle=4841 time=2.792944e-01 dt=5.695278e-05
elapsed=5.399368e+03 cycle=4842 time=2.793513e-01 dt=5.695290e-05
elapsed=5.400479e+03 cycle=4843 time=2.794083e-01 dt=5.695302e-05
elapsed=5.401443e+03 cycle=4844 time=2.794653e-01 dt=5.695315e-05
elapsed=5.402409e+03 cycle=4845 time=2.795222e-01 dt=5.695327e-05
elapsed=5.403501e+03 cycle=4846 time=2.795792e-01 dt=5.695339e-05
elapsed=5.404470e+03 cycle=4847 time=2.796361e-01 dt=5.695351e-05
elapsed=5.405418e+03 cycle=4848 time=2.796931e-01 dt=5.695364e-05
elapsed=5.406366e+03 cycle=4849 time=2.797500e-01 dt=5.695375e-05
elapsed=5.407347e+03 cycle=4850 time=2.798070e-01 dt=5.695385e-05
elapsed=5.408297e+03 cycle=4851 time=2.798639e-01 dt=5.695396e-05
elapsed=5.409268e+03 cycle=4852 time=2.799209e-01 dt=5.695407e-05
elapsed=5.410229e+03 cycle=4853 time=2.799778e-01 dt=5.695418e-05
elapsed=5.430780e+03 cycle=4854 time=2.800348e-01 dt=5.695429e-05
elapsed=5.431743e+03 cycle=4855 time=2.800917e-01 dt=5.695441e-05
elapsed=5.432710e+03 cycle=4856 time=2.801487e-01 dt=5.695452e-05
elapsed=5.433678e+03 cycle=4857 time=2.802057e-01 dt=5.695463e-05
elapsed=5.434643e+03 cycle=4858 time=2.802626e-01 dt=5.695473e-05
elapsed=5.435616e+03 cycle=4859 time=2.803196e-01 dt=5.695483e-05
elapsed=5.436597e+03 cycle=4860 time=2.803765e-01 dt=5.695492e-05
elapsed=5.437564e+03 cycle=4861 time=2.804335e-01 dt=5.695502e-05
elapsed=5.438510e+03 cycle=4862 time=2.804904e-01 dt=5.695513e-05
elapsed=5.439494e+03 cycle=4863 time=2.805474e-01 dt=5.695523e-05
elapsed=5.440459e+03 cycle=4864 time=2.806043e-01 dt=5.695533e-05
elapsed=5.441439e+03 cycle=4865 time=2.806613e-01 dt=5.695544e-05
elapsed=5.442421e+03 cycle=4866 time=2.807182e-01 dt=5.695556e-05
elapsed=5.443370e+03 cycle=4867 time=2.807752e-01 dt=5.695568e-05
elapsed=5.444351e+03 cycle=4868 time=2.808322e-01 dt=5.695581e-05
elapsed=5.445298e+03 cycle=4869 time=2.808891e-01 dt=5.695595e-05
elapsed=5.446265e+03 cycle=4870 time=2.809461e-01 dt=5.695609e-05
elapsed=5.447229e+03 cycle=4871 time=2.810030e-01 dt=5.695623e-05
[Tue Dec 30 07:25:37 EST 2025] Found 11 bin files, deleting 1 oldest...
elapsed=5.448189e+03 cycle=4872 time=2.810600e-01 dt=5.695638e-05
elapsed=5.449154e+03 cycle=4873 time=2.811169e-01 dt=5.695651e-05
[Tue Dec 30 07:25:38 EST 2025] Kept 10 most recent bin files.
elapsed=5.450119e+03 cycle=4874 time=2.811739e-01 dt=5.695664e-05
elapsed=5.451230e+03 cycle=4875 time=2.812309e-01 dt=5.695678e-05
elapsed=5.452200e+03 cycle=4876 time=2.812878e-01 dt=5.695692e-05
elapsed=5.453166e+03 cycle=4877 time=2.813448e-01 dt=5.695705e-05
elapsed=5.454113e+03 cycle=4878 time=2.814017e-01 dt=5.695718e-05
elapsed=5.455096e+03 cycle=4879 time=2.814587e-01 dt=5.695733e-05
elapsed=5.456046e+03 cycle=4880 time=2.815156e-01 dt=5.695749e-05
elapsed=5.456995e+03 cycle=4881 time=2.815726e-01 dt=5.695767e-05
elapsed=5.457974e+03 cycle=4882 time=2.816296e-01 dt=5.695785e-05
elapsed=5.458942e+03 cycle=4883 time=2.816865e-01 dt=5.695804e-05
elapsed=5.460055e+03 cycle=4884 time=2.817435e-01 dt=5.695823e-05
elapsed=5.461017e+03 cycle=4885 time=2.818004e-01 dt=5.695842e-05
elapsed=5.461998e+03 cycle=4886 time=2.818574e-01 dt=5.695861e-05
elapsed=5.462979e+03 cycle=4887 time=2.819143e-01 dt=5.695880e-05
elapsed=5.463924e+03 cycle=4888 time=2.819713e-01 dt=5.695899e-05
elapsed=5.464905e+03 cycle=4889 time=2.820283e-01 dt=5.695919e-05
elapsed=5.465854e+03 cycle=4890 time=2.820852e-01 dt=5.695939e-05
elapsed=5.466966e+03 cycle=4891 time=2.821422e-01 dt=5.695962e-05
elapsed=5.467916e+03 cycle=4892 time=2.821991e-01 dt=5.695987e-05
elapsed=5.468882e+03 cycle=4893 time=2.822561e-01 dt=5.696014e-05
elapsed=5.469864e+03 cycle=4894 time=2.823131e-01 dt=5.696041e-05
elapsed=5.470812e+03 cycle=4895 time=2.823700e-01 dt=5.696068e-05
elapsed=5.471783e+03 cycle=4896 time=2.824270e-01 dt=5.696095e-05
elapsed=5.472753e+03 cycle=4897 time=2.824839e-01 dt=5.696122e-05
elapsed=5.473704e+03 cycle=4898 time=2.825409e-01 dt=5.696148e-05
elapsed=5.474690e+03 cycle=4899 time=2.825979e-01 dt=5.696174e-05
elapsed=5.475783e+03 cycle=4900 time=2.826548e-01 dt=5.696199e-05
elapsed=5.476896e+03 cycle=4901 time=2.827118e-01 dt=5.696225e-05
elapsed=5.477866e+03 cycle=4902 time=2.827688e-01 dt=5.696251e-05
elapsed=5.478834e+03 cycle=4903 time=2.828257e-01 dt=5.696278e-05
elapsed=5.479799e+03 cycle=4904 time=2.828827e-01 dt=5.696305e-05
elapsed=5.480767e+03 cycle=4905 time=2.829396e-01 dt=5.696332e-05
elapsed=5.481863e+03 cycle=4906 time=2.829966e-01 dt=5.696358e-05
elapsed=5.482829e+03 cycle=4907 time=2.830536e-01 dt=5.696384e-05
elapsed=5.483777e+03 cycle=4908 time=2.831105e-01 dt=5.696409e-05
elapsed=5.484726e+03 cycle=4909 time=2.831675e-01 dt=5.696435e-05
elapsed=5.485691e+03 cycle=4910 time=2.832245e-01 dt=5.696461e-05
elapsed=5.486674e+03 cycle=4911 time=2.832814e-01 dt=5.696488e-05
elapsed=5.487638e+03 cycle=4912 time=2.833384e-01 dt=5.696516e-05
elapsed=5.488730e+03 cycle=4913 time=2.833954e-01 dt=5.696543e-05
elapsed=5.489709e+03 cycle=4914 time=2.834523e-01 dt=5.696569e-05
elapsed=5.490657e+03 cycle=4915 time=2.835093e-01 dt=5.696595e-05
elapsed=5.491638e+03 cycle=4916 time=2.835663e-01 dt=5.696622e-05
elapsed=5.492602e+03 cycle=4917 time=2.836232e-01 dt=5.696647e-05
elapsed=5.493562e+03 cycle=4918 time=2.836802e-01 dt=5.696673e-05
elapsed=5.494512e+03 cycle=4919 time=2.837372e-01 dt=5.696699e-05
elapsed=5.495477e+03 cycle=4920 time=2.837941e-01 dt=5.696727e-05
elapsed=5.496423e+03 cycle=4921 time=2.838511e-01 dt=5.696755e-05
elapsed=5.497373e+03 cycle=4922 time=2.839081e-01 dt=5.696783e-05
elapsed=5.498336e+03 cycle=4923 time=2.839650e-01 dt=5.696811e-05
elapsed=5.499298e+03 cycle=4924 time=2.840220e-01 dt=5.696838e-05
elapsed=5.500277e+03 cycle=4925 time=2.840790e-01 dt=5.696866e-05
elapsed=5.501244e+03 cycle=4926 time=2.841359e-01 dt=5.696893e-05
elapsed=5.502191e+03 cycle=4927 time=2.841929e-01 dt=5.696921e-05
elapsed=5.503170e+03 cycle=4928 time=2.842499e-01 dt=5.696949e-05
elapsed=5.504266e+03 cycle=4929 time=2.843068e-01 dt=5.696978e-05
elapsed=5.505248e+03 cycle=4930 time=2.843638e-01 dt=5.697007e-05
elapsed=5.506211e+03 cycle=4931 time=2.844208e-01 dt=5.697036e-05
elapsed=5.507193e+03 cycle=4932 time=2.844777e-01 dt=5.697065e-05
elapsed=5.508156e+03 cycle=4933 time=2.845347e-01 dt=5.697094e-05
elapsed=5.509122e+03 cycle=4934 time=2.845917e-01 dt=5.697123e-05
elapsed=5.510214e+03 cycle=4935 time=2.846487e-01 dt=5.697151e-05
elapsed=5.511179e+03 cycle=4936 time=2.847056e-01 dt=5.697180e-05
elapsed=5.512145e+03 cycle=4937 time=2.847626e-01 dt=5.697209e-05
elapsed=5.513114e+03 cycle=4938 time=2.848196e-01 dt=5.697237e-05
elapsed=5.514082e+03 cycle=4939 time=2.848765e-01 dt=5.697264e-05
elapsed=5.515029e+03 cycle=4940 time=2.849335e-01 dt=5.697291e-05
elapsed=5.515976e+03 cycle=4941 time=2.849905e-01 dt=5.697319e-05
elapsed=5.516924e+03 cycle=4942 time=2.850475e-01 dt=5.697346e-05
elapsed=5.517885e+03 cycle=4943 time=2.851044e-01 dt=5.697269e-05
elapsed=5.518835e+03 cycle=4944 time=2.851614e-01 dt=5.697172e-05
elapsed=5.519802e+03 cycle=4945 time=2.852184e-01 dt=5.697075e-05
elapsed=5.520770e+03 cycle=4946 time=2.852754e-01 dt=5.696979e-05
elapsed=5.521880e+03 cycle=4947 time=2.853323e-01 dt=5.696883e-05
elapsed=5.522827e+03 cycle=4948 time=2.853893e-01 dt=5.696786e-05
elapsed=5.523798e+03 cycle=4949 time=2.854463e-01 dt=5.696690e-05
elapsed=5.524760e+03 cycle=4950 time=2.855032e-01 dt=5.696594e-05
elapsed=5.525850e+03 cycle=4951 time=2.855602e-01 dt=5.696499e-05
elapsed=5.526820e+03 cycle=4952 time=2.856172e-01 dt=5.696405e-05
elapsed=5.527784e+03 cycle=4953 time=2.856741e-01 dt=5.696311e-05
elapsed=5.528763e+03 cycle=4954 time=2.857311e-01 dt=5.696218e-05
elapsed=5.529729e+03 cycle=4955 time=2.857880e-01 dt=5.696128e-05
elapsed=5.530677e+03 cycle=4956 time=2.858450e-01 dt=5.696039e-05
elapsed=5.531639e+03 cycle=4957 time=2.859020e-01 dt=5.695950e-05
elapsed=5.532607e+03 cycle=4958 time=2.859589e-01 dt=5.695861e-05
elapsed=5.533554e+03 cycle=4959 time=2.860159e-01 dt=5.695771e-05
elapsed=5.534522e+03 cycle=4960 time=2.860728e-01 dt=5.695682e-05
elapsed=5.535489e+03 cycle=4961 time=2.861298e-01 dt=5.695592e-05
elapsed=5.536448e+03 cycle=4962 time=2.861868e-01 dt=5.695503e-05
elapsed=5.537394e+03 cycle=4963 time=2.862437e-01 dt=5.695415e-05
elapsed=5.538373e+03 cycle=4964 time=2.863007e-01 dt=5.695328e-05
elapsed=5.539321e+03 cycle=4965 time=2.863576e-01 dt=5.695243e-05
elapsed=5.540286e+03 cycle=4966 time=2.864146e-01 dt=5.695160e-05
elapsed=5.541252e+03 cycle=4967 time=2.864715e-01 dt=5.695078e-05
elapsed=5.542234e+03 cycle=4968 time=2.865285e-01 dt=5.694994e-05
elapsed=5.543214e+03 cycle=4969 time=2.865854e-01 dt=5.694911e-05
elapsed=5.544327e+03 cycle=4970 time=2.866424e-01 dt=5.694828e-05
elapsed=5.545292e+03 cycle=4971 time=2.866993e-01 dt=5.694746e-05
elapsed=5.546385e+03 cycle=4972 time=2.867563e-01 dt=5.694664e-05
elapsed=5.547346e+03 cycle=4973 time=2.868132e-01 dt=5.694582e-05
elapsed=5.548297e+03 cycle=4974 time=2.868702e-01 dt=5.694500e-05
elapsed=5.549276e+03 cycle=4975 time=2.869271e-01 dt=5.694416e-05
elapsed=5.550241e+03 cycle=4976 time=2.869840e-01 dt=5.694334e-05
elapsed=5.551222e+03 cycle=4977 time=2.870410e-01 dt=5.694255e-05
elapsed=5.552170e+03 cycle=4978 time=2.870979e-01 dt=5.694178e-05
elapsed=5.553151e+03 cycle=4979 time=2.871549e-01 dt=5.694100e-05
elapsed=5.554133e+03 cycle=4980 time=2.872118e-01 dt=5.694022e-05
elapsed=5.555118e+03 cycle=4981 time=2.872688e-01 dt=5.693944e-05
elapsed=5.556066e+03 cycle=4982 time=2.873257e-01 dt=5.693865e-05
elapsed=5.557031e+03 cycle=4983 time=2.873826e-01 dt=5.693785e-05
elapsed=5.557978e+03 cycle=4984 time=2.874396e-01 dt=5.693705e-05
elapsed=5.558923e+03 cycle=4985 time=2.874965e-01 dt=5.693624e-05
elapsed=5.559872e+03 cycle=4986 time=2.875534e-01 dt=5.693544e-05
elapsed=5.560854e+03 cycle=4987 time=2.876104e-01 dt=5.693465e-05
elapsed=5.561802e+03 cycle=4988 time=2.876673e-01 dt=5.693387e-05
elapsed=5.562751e+03 cycle=4989 time=2.877243e-01 dt=5.693309e-05
elapsed=5.563737e+03 cycle=4990 time=2.877812e-01 dt=5.693232e-05
elapsed=5.564704e+03 cycle=4991 time=2.878381e-01 dt=5.693154e-05
elapsed=5.565654e+03 cycle=4992 time=2.878950e-01 dt=5.693077e-05
elapsed=5.566635e+03 cycle=4993 time=2.879520e-01 dt=5.693001e-05
elapsed=5.567584e+03 cycle=4994 time=2.880089e-01 dt=5.692925e-05
elapsed=5.568532e+03 cycle=4995 time=2.880658e-01 dt=5.692851e-05
elapsed=5.569479e+03 cycle=4996 time=2.881228e-01 dt=5.692776e-05
elapsed=5.570447e+03 cycle=4997 time=2.881797e-01 dt=5.692701e-05
elapsed=5.571427e+03 cycle=4998 time=2.882366e-01 dt=5.692625e-05
elapsed=5.572389e+03 cycle=4999 time=2.882935e-01 dt=5.692550e-05
elapsed=5.573337e+03 cycle=5000 time=2.883505e-01 dt=5.692476e-05
elapsed=5.574286e+03 cycle=5001 time=2.884074e-01 dt=5.692403e-05
elapsed=5.575265e+03 cycle=5002 time=2.884643e-01 dt=5.692328e-05
elapsed=5.576249e+03 cycle=5003 time=2.885212e-01 dt=5.692253e-05
elapsed=5.577217e+03 cycle=5004 time=2.885782e-01 dt=5.692179e-05
elapsed=5.578164e+03 cycle=5005 time=2.886351e-01 dt=5.692105e-05
elapsed=5.579147e+03 cycle=5006 time=2.886920e-01 dt=5.692032e-05
elapsed=5.580128e+03 cycle=5007 time=2.887489e-01 dt=5.691961e-05
elapsed=5.581107e+03 cycle=5008 time=2.888059e-01 dt=5.691890e-05
elapsed=5.582069e+03 cycle=5009 time=2.888628e-01 dt=5.691820e-05
elapsed=5.583015e+03 cycle=5010 time=2.889197e-01 dt=5.691750e-05
elapsed=5.583965e+03 cycle=5011 time=2.889766e-01 dt=5.691680e-05
elapsed=5.584951e+03 cycle=5012 time=2.890335e-01 dt=5.691609e-05
elapsed=5.586061e+03 cycle=5013 time=2.890904e-01 dt=5.691539e-05
elapsed=5.587027e+03 cycle=5014 time=2.891474e-01 dt=5.691468e-05
elapsed=5.587976e+03 cycle=5015 time=2.892043e-01 dt=5.691396e-05
elapsed=5.588926e+03 cycle=5016 time=2.892612e-01 dt=5.691323e-05
elapsed=5.589875e+03 cycle=5017 time=2.893181e-01 dt=5.691252e-05
elapsed=5.590838e+03 cycle=5018 time=2.893750e-01 dt=5.691179e-05
elapsed=5.591783e+03 cycle=5019 time=2.894319e-01 dt=5.691106e-05
elapsed=5.592893e+03 cycle=5020 time=2.894888e-01 dt=5.691033e-05
elapsed=5.593986e+03 cycle=5021 time=2.895457e-01 dt=5.690960e-05
elapsed=5.594933e+03 cycle=5022 time=2.896027e-01 dt=5.690887e-05
elapsed=5.596046e+03 cycle=5023 time=2.896596e-01 dt=5.690815e-05
elapsed=5.597011e+03 cycle=5024 time=2.897165e-01 dt=5.690743e-05
elapsed=5.597959e+03 cycle=5025 time=2.897734e-01 dt=5.690670e-05
elapsed=5.598927e+03 cycle=5026 time=2.898303e-01 dt=5.690599e-05
elapsed=5.599870e+03 cycle=5027 time=2.898872e-01 dt=5.690528e-05
elapsed=5.600854e+03 cycle=5028 time=2.899441e-01 dt=5.690457e-05
elapsed=5.618978e+03 cycle=5029 time=2.900010e-01 dt=5.690386e-05
elapsed=5.619926e+03 cycle=5030 time=2.900579e-01 dt=5.690316e-05
elapsed=5.620907e+03 cycle=5031 time=2.901148e-01 dt=5.690246e-05
elapsed=5.621874e+03 cycle=5032 time=2.901717e-01 dt=5.690177e-05
elapsed=5.622822e+03 cycle=5033 time=2.902286e-01 dt=5.690109e-05
elapsed=5.623938e+03 cycle=5034 time=2.902855e-01 dt=5.690039e-05
elapsed=5.624888e+03 cycle=5035 time=2.903424e-01 dt=5.689970e-05
elapsed=5.625853e+03 cycle=5036 time=2.903993e-01 dt=5.689901e-05
elapsed=5.626965e+03 cycle=5037 time=2.904562e-01 dt=5.689833e-05
elapsed=5.627911e+03 cycle=5038 time=2.905131e-01 dt=5.689765e-05
elapsed=5.628878e+03 cycle=5039 time=2.905700e-01 dt=5.689696e-05
[Tue Dec 30 07:28:39 EST 2025] Found 11 bin files, deleting 1 oldest...
elapsed=5.629843e+03 cycle=5040 time=2.906269e-01 dt=5.689626e-05
elapsed=5.630808e+03 cycle=5041 time=2.906838e-01 dt=5.689557e-05
[Tue Dec 30 07:28:40 EST 2025] Kept 10 most recent bin files.
elapsed=5.631787e+03 cycle=5042 time=2.907407e-01 dt=5.689488e-05
elapsed=5.632734e+03 cycle=5043 time=2.907976e-01 dt=5.689419e-05
elapsed=5.633683e+03 cycle=5044 time=2.908545e-01 dt=5.689350e-05
elapsed=5.634775e+03 cycle=5045 time=2.909114e-01 dt=5.689280e-05
elapsed=5.635738e+03 cycle=5046 time=2.909683e-01 dt=5.689210e-05
elapsed=5.636688e+03 cycle=5047 time=2.910252e-01 dt=5.689139e-05
elapsed=5.637670e+03 cycle=5048 time=2.910821e-01 dt=5.689068e-05
elapsed=5.638637e+03 cycle=5049 time=2.911389e-01 dt=5.688997e-05
elapsed=5.639607e+03 cycle=5050 time=2.911958e-01 dt=5.688926e-05
elapsed=5.640575e+03 cycle=5051 time=2.912527e-01 dt=5.688856e-05
elapsed=5.641525e+03 cycle=5052 time=2.913096e-01 dt=5.688785e-05
elapsed=5.642484e+03 cycle=5053 time=2.913665e-01 dt=5.688714e-05
elapsed=5.643444e+03 cycle=5054 time=2.914234e-01 dt=5.688644e-05
elapsed=5.644557e+03 cycle=5055 time=2.914803e-01 dt=5.688575e-05
elapsed=5.645527e+03 cycle=5056 time=2.915372e-01 dt=5.688507e-05
elapsed=5.646477e+03 cycle=5057 time=2.915940e-01 dt=5.688440e-05
elapsed=5.647455e+03 cycle=5058 time=2.916509e-01 dt=5.688373e-05
elapsed=5.648548e+03 cycle=5059 time=2.917078e-01 dt=5.688307e-05
elapsed=5.649529e+03 cycle=5060 time=2.917647e-01 dt=5.688241e-05
elapsed=5.650493e+03 cycle=5061 time=2.918216e-01 dt=5.688177e-05
elapsed=5.651441e+03 cycle=5062 time=2.918785e-01 dt=5.688114e-05
elapsed=5.652406e+03 cycle=5063 time=2.919353e-01 dt=5.688052e-05
elapsed=5.653374e+03 cycle=5064 time=2.919922e-01 dt=5.687990e-05
elapsed=5.654339e+03 cycle=5065 time=2.920491e-01 dt=5.687929e-05
elapsed=5.655305e+03 cycle=5066 time=2.921060e-01 dt=5.687868e-05
elapsed=5.656417e+03 cycle=5067 time=2.921629e-01 dt=5.687808e-05
elapsed=5.657403e+03 cycle=5068 time=2.922197e-01 dt=5.687747e-05
elapsed=5.658387e+03 cycle=5069 time=2.922766e-01 dt=5.687688e-05
elapsed=5.659350e+03 cycle=5070 time=2.923335e-01 dt=5.687631e-05
elapsed=5.660460e+03 cycle=5071 time=2.923904e-01 dt=5.687573e-05
elapsed=5.661553e+03 cycle=5072 time=2.924472e-01 dt=5.687516e-05
elapsed=5.662536e+03 cycle=5073 time=2.925041e-01 dt=5.687460e-05
elapsed=5.663517e+03 cycle=5074 time=2.925610e-01 dt=5.687403e-05
elapsed=5.664484e+03 cycle=5075 time=2.926179e-01 dt=5.687345e-05
elapsed=5.665434e+03 cycle=5076 time=2.926747e-01 dt=5.687288e-05
elapsed=5.666383e+03 cycle=5077 time=2.927316e-01 dt=5.687229e-05
elapsed=5.667331e+03 cycle=5078 time=2.927885e-01 dt=5.687170e-05
elapsed=5.668294e+03 cycle=5079 time=2.928454e-01 dt=5.687110e-05
elapsed=5.669255e+03 cycle=5080 time=2.929022e-01 dt=5.687051e-05
elapsed=5.670215e+03 cycle=5081 time=2.929591e-01 dt=5.686992e-05
elapsed=5.671199e+03 cycle=5082 time=2.930160e-01 dt=5.686934e-05
elapsed=5.672311e+03 cycle=5083 time=2.930728e-01 dt=5.686877e-05
elapsed=5.673278e+03 cycle=5084 time=2.931297e-01 dt=5.686821e-05
elapsed=5.674370e+03 cycle=5085 time=2.931866e-01 dt=5.686766e-05
elapsed=5.675333e+03 cycle=5086 time=2.932434e-01 dt=5.686710e-05
elapsed=5.676314e+03 cycle=5087 time=2.933003e-01 dt=5.686654e-05
elapsed=5.677260e+03 cycle=5088 time=2.933572e-01 dt=5.686598e-05
elapsed=5.678223e+03 cycle=5089 time=2.934140e-01 dt=5.686542e-05
elapsed=5.679189e+03 cycle=5090 time=2.934709e-01 dt=5.686486e-05
elapsed=5.680156e+03 cycle=5091 time=2.935278e-01 dt=5.686430e-05
elapsed=5.681109e+03 cycle=5092 time=2.935846e-01 dt=5.686373e-05
elapsed=5.682071e+03 cycle=5093 time=2.936415e-01 dt=5.686317e-05
elapsed=5.683051e+03 cycle=5094 time=2.936984e-01 dt=5.686260e-05
elapsed=5.684002e+03 cycle=5095 time=2.937552e-01 dt=5.686203e-05
elapsed=5.684951e+03 cycle=5096 time=2.938121e-01 dt=5.686147e-05
elapsed=5.685903e+03 cycle=5097 time=2.938689e-01 dt=5.686090e-05
elapsed=5.686855e+03 cycle=5098 time=2.939258e-01 dt=5.686034e-05
elapsed=5.687836e+03 cycle=5099 time=2.939827e-01 dt=5.685979e-05
elapsed=5.688784e+03 cycle=5100 time=2.940395e-01 dt=5.685924e-05
elapsed=5.689746e+03 cycle=5101 time=2.940964e-01 dt=5.685869e-05
elapsed=5.690713e+03 cycle=5102 time=2.941532e-01 dt=5.685814e-05
elapsed=5.691699e+03 cycle=5103 time=2.942101e-01 dt=5.685760e-05
elapsed=5.692661e+03 cycle=5104 time=2.942670e-01 dt=5.685706e-05
elapsed=5.693642e+03 cycle=5105 time=2.943238e-01 dt=5.685652e-05
elapsed=5.694751e+03 cycle=5106 time=2.943807e-01 dt=5.685598e-05
elapsed=5.695843e+03 cycle=5107 time=2.944375e-01 dt=5.685544e-05
elapsed=5.696823e+03 cycle=5108 time=2.944944e-01 dt=5.685490e-05
elapsed=5.697789e+03 cycle=5109 time=2.945512e-01 dt=5.685435e-05
elapsed=5.698774e+03 cycle=5110 time=2.946081e-01 dt=5.685382e-05
elapsed=5.699723e+03 cycle=5111 time=2.946650e-01 dt=5.685329e-05
elapsed=5.700668e+03 cycle=5112 time=2.947218e-01 dt=5.685278e-05
elapsed=5.701629e+03 cycle=5113 time=2.947787e-01 dt=5.685227e-05
elapsed=5.702602e+03 cycle=5114 time=2.948355e-01 dt=5.685176e-05
elapsed=5.703567e+03 cycle=5115 time=2.948924e-01 dt=5.685125e-05
elapsed=5.704531e+03 cycle=5116 time=2.949492e-01 dt=5.685074e-05
elapsed=5.705492e+03 cycle=5117 time=2.950061e-01 dt=5.685023e-05
elapsed=5.706462e+03 cycle=5118 time=2.950629e-01 dt=5.684971e-05
elapsed=5.707423e+03 cycle=5119 time=2.951198e-01 dt=5.684920e-05
elapsed=5.708516e+03 cycle=5120 time=2.951766e-01 dt=5.684869e-05
elapsed=5.709464e+03 cycle=5121 time=2.952335e-01 dt=5.684817e-05
elapsed=5.710435e+03 cycle=5122 time=2.952903e-01 dt=5.684766e-05
elapsed=5.711403e+03 cycle=5123 time=2.953472e-01 dt=5.684715e-05
elapsed=5.712385e+03 cycle=5124 time=2.954040e-01 dt=5.684664e-05
elapsed=5.713351e+03 cycle=5125 time=2.954609e-01 dt=5.684613e-05
elapsed=5.714461e+03 cycle=5126 time=2.955177e-01 dt=5.684561e-05
elapsed=5.715407e+03 cycle=5127 time=2.955745e-01 dt=5.684509e-05
elapsed=5.716373e+03 cycle=5128 time=2.956314e-01 dt=5.684457e-05
elapsed=5.717322e+03 cycle=5129 time=2.956882e-01 dt=5.684406e-05
elapsed=5.718302e+03 cycle=5130 time=2.957451e-01 dt=5.684355e-05
elapsed=5.719281e+03 cycle=5131 time=2.958019e-01 dt=5.684304e-05
elapsed=5.720231e+03 cycle=5132 time=2.958588e-01 dt=5.684252e-05
elapsed=5.721200e+03 cycle=5133 time=2.959156e-01 dt=5.684201e-05
elapsed=5.722148e+03 cycle=5134 time=2.959724e-01 dt=5.684150e-05
elapsed=5.723115e+03 cycle=5135 time=2.960293e-01 dt=5.684099e-05
elapsed=5.724082e+03 cycle=5136 time=2.960861e-01 dt=5.684048e-05
elapsed=5.725063e+03 cycle=5137 time=2.961430e-01 dt=5.683997e-05
elapsed=5.726028e+03 cycle=5138 time=2.961998e-01 dt=5.683944e-05
elapsed=5.727139e+03 cycle=5139 time=2.962567e-01 dt=5.683892e-05
elapsed=5.728108e+03 cycle=5140 time=2.963135e-01 dt=5.683840e-05
elapsed=5.729074e+03 cycle=5141 time=2.963703e-01 dt=5.683790e-05
elapsed=5.730039e+03 cycle=5142 time=2.964272e-01 dt=5.683740e-05
elapsed=5.731001e+03 cycle=5143 time=2.964840e-01 dt=5.683691e-05
elapsed=5.731962e+03 cycle=5144 time=2.965408e-01 dt=5.683643e-05
elapsed=5.732912e+03 cycle=5145 time=2.965977e-01 dt=5.683594e-05
elapsed=5.733860e+03 cycle=5146 time=2.966545e-01 dt=5.683545e-05
elapsed=5.734821e+03 cycle=5147 time=2.967113e-01 dt=5.683497e-05
elapsed=5.735771e+03 cycle=5148 time=2.967682e-01 dt=5.683448e-05
elapsed=5.736882e+03 cycle=5149 time=2.968250e-01 dt=5.683400e-05
elapsed=5.737843e+03 cycle=5150 time=2.968819e-01 dt=5.683352e-05
elapsed=5.738829e+03 cycle=5151 time=2.969387e-01 dt=5.683303e-05
elapsed=5.739809e+03 cycle=5152 time=2.969955e-01 dt=5.683256e-05
elapsed=5.740760e+03 cycle=5153 time=2.970524e-01 dt=5.683211e-05
elapsed=5.741722e+03 cycle=5154 time=2.971092e-01 dt=5.683165e-05
elapsed=5.742668e+03 cycle=5155 time=2.971660e-01 dt=5.683119e-05
elapsed=5.743778e+03 cycle=5156 time=2.972228e-01 dt=5.683074e-05
elapsed=5.744761e+03 cycle=5157 time=2.972797e-01 dt=5.683031e-05
elapsed=5.745712e+03 cycle=5158 time=2.973365e-01 dt=5.682988e-05
elapsed=5.746805e+03 cycle=5159 time=2.973933e-01 dt=5.682946e-05
elapsed=5.747786e+03 cycle=5160 time=2.974502e-01 dt=5.682903e-05
elapsed=5.748749e+03 cycle=5161 time=2.975070e-01 dt=5.682861e-05
elapsed=5.749695e+03 cycle=5162 time=2.975638e-01 dt=5.682819e-05
elapsed=5.750663e+03 cycle=5163 time=2.976207e-01 dt=5.682777e-05
elapsed=5.751628e+03 cycle=5164 time=2.976775e-01 dt=5.682735e-05
elapsed=5.752589e+03 cycle=5165 time=2.977343e-01 dt=5.682692e-05
elapsed=5.753554e+03 cycle=5166 time=2.977911e-01 dt=5.682650e-05
elapsed=5.754505e+03 cycle=5167 time=2.978480e-01 dt=5.682608e-05
elapsed=5.755475e+03 cycle=5168 time=2.979048e-01 dt=5.682565e-05
elapsed=5.756455e+03 cycle=5169 time=2.979616e-01 dt=5.682522e-05
elapsed=5.757438e+03 cycle=5170 time=2.980184e-01 dt=5.682479e-05
elapsed=5.758554e+03 cycle=5171 time=2.980753e-01 dt=5.682436e-05
elapsed=5.759534e+03 cycle=5172 time=2.981321e-01 dt=5.682394e-05
elapsed=5.760481e+03 cycle=5173 time=2.981889e-01 dt=5.682353e-05
elapsed=5.761448e+03 cycle=5174 time=2.982457e-01 dt=5.682313e-05
elapsed=5.762430e+03 cycle=5175 time=2.983026e-01 dt=5.682272e-05
elapsed=5.763397e+03 cycle=5176 time=2.983594e-01 dt=5.682232e-05
elapsed=5.764379e+03 cycle=5177 time=2.984162e-01 dt=5.682192e-05
elapsed=5.765325e+03 cycle=5178 time=2.984730e-01 dt=5.682151e-05
elapsed=5.766290e+03 cycle=5179 time=2.985298e-01 dt=5.682111e-05
elapsed=5.767382e+03 cycle=5180 time=2.985867e-01 dt=5.682070e-05
elapsed=5.768330e+03 cycle=5181 time=2.986435e-01 dt=5.682029e-05
elapsed=5.769291e+03 cycle=5182 time=2.987003e-01 dt=5.681989e-05
elapsed=5.770275e+03 cycle=5183 time=2.987571e-01 dt=5.681949e-05
elapsed=5.771242e+03 cycle=5184 time=2.988139e-01 dt=5.681908e-05
elapsed=5.772207e+03 cycle=5185 time=2.988708e-01 dt=5.681868e-05
elapsed=5.773178e+03 cycle=5186 time=2.989276e-01 dt=5.681828e-05
elapsed=5.774139e+03 cycle=5187 time=2.989844e-01 dt=5.681788e-05
elapsed=5.775101e+03 cycle=5188 time=2.990412e-01 dt=5.681749e-05
elapsed=5.776069e+03 cycle=5189 time=2.990980e-01 dt=5.681710e-05
elapsed=5.777185e+03 cycle=5190 time=2.991549e-01 dt=5.681673e-05
elapsed=5.778134e+03 cycle=5191 time=2.992117e-01 dt=5.681638e-05
elapsed=5.779080e+03 cycle=5192 time=2.992685e-01 dt=5.681603e-05
elapsed=5.780060e+03 cycle=5193 time=2.993253e-01 dt=5.681567e-05
elapsed=5.781030e+03 cycle=5194 time=2.993821e-01 dt=5.681531e-05
elapsed=5.781976e+03 cycle=5195 time=2.994389e-01 dt=5.681494e-05
elapsed=5.782938e+03 cycle=5196 time=2.994958e-01 dt=5.681457e-05
elapsed=5.783900e+03 cycle=5197 time=2.995526e-01 dt=5.681419e-05
elapsed=5.784848e+03 cycle=5198 time=2.996094e-01 dt=5.681381e-05
elapsed=5.785793e+03 cycle=5199 time=2.996662e-01 dt=5.681342e-05
elapsed=5.786742e+03 cycle=5200 time=2.997230e-01 dt=5.681301e-05
elapsed=5.787726e+03 cycle=5201 time=2.997798e-01 dt=5.681260e-05
elapsed=5.788697e+03 cycle=5202 time=2.998366e-01 dt=5.681219e-05
elapsed=5.789643e+03 cycle=5203 time=2.998934e-01 dt=5.681178e-05
elapsed=5.790590e+03 cycle=5204 time=2.999503e-01 dt=5.681136e-05
[Tue Dec 30 07:31:40 EST 2025] Found 11 bin files, deleting 1 oldest...
[Tue Dec 30 07:31:42 EST 2025] Kept 10 most recent bin files.
[Tue Dec 30 07:31:42 EST 2025] Found 2 restart files, deleting 1 oldest...
[Tue Dec 30 07:31:49 EST 2025] Kept only the most recent restart file.
elapsed=5.856588e+03 cycle=5205 time=3.000071e-01 dt=5.681094e-05
elapsed=5.857553e+03 cycle=5206 time=3.000639e-01 dt=5.681053e-05
elapsed=5.858521e+03 cycle=5207 time=3.001207e-01 dt=5.681014e-05
elapsed=5.859506e+03 cycle=5208 time=3.001775e-01 dt=5.680975e-05
elapsed=5.860471e+03 cycle=5209 time=3.002343e-01 dt=5.680935e-05
elapsed=5.861436e+03 cycle=5210 time=3.002911e-01 dt=5.680894e-05
elapsed=5.862403e+03 cycle=5211 time=3.003479e-01 dt=5.680853e-05
elapsed=5.863367e+03 cycle=5212 time=3.004047e-01 dt=5.680812e-05
elapsed=5.864461e+03 cycle=5213 time=3.004615e-01 dt=5.680770e-05
elapsed=5.865409e+03 cycle=5214 time=3.005184e-01 dt=5.680731e-05
elapsed=5.866388e+03 cycle=5215 time=3.005752e-01 dt=5.680692e-05
elapsed=5.867367e+03 cycle=5216 time=3.006320e-01 dt=5.680653e-05
elapsed=5.868345e+03 cycle=5217 time=3.006888e-01 dt=5.680614e-05
elapsed=5.869455e+03 cycle=5218 time=3.007456e-01 dt=5.680575e-05
elapsed=5.870417e+03 cycle=5219 time=3.008024e-01 dt=5.680536e-05
elapsed=5.871364e+03 cycle=5220 time=3.008592e-01 dt=5.680498e-05
elapsed=5.872330e+03 cycle=5221 time=3.009160e-01 dt=5.680459e-05
elapsed=5.873297e+03 cycle=5222 time=3.009728e-01 dt=5.680421e-05
elapsed=5.874243e+03 cycle=5223 time=3.010296e-01 dt=5.680384e-05
elapsed=5.875211e+03 cycle=5224 time=3.010864e-01 dt=5.680347e-05
elapsed=5.876182e+03 cycle=5225 time=3.011432e-01 dt=5.680309e-05
elapsed=5.877142e+03 cycle=5226 time=3.012000e-01 dt=5.680272e-05
elapsed=5.878252e+03 cycle=5227 time=3.012568e-01 dt=5.680236e-05
elapsed=5.879345e+03 cycle=5228 time=3.013136e-01 dt=5.680202e-05
elapsed=5.880295e+03 cycle=5229 time=3.013704e-01 dt=5.680167e-05
elapsed=5.881258e+03 cycle=5230 time=3.014272e-01 dt=5.680133e-05
elapsed=5.882237e+03 cycle=5231 time=3.014840e-01 dt=5.680098e-05
elapsed=5.883206e+03 cycle=5232 time=3.015408e-01 dt=5.680063e-05
elapsed=5.884171e+03 cycle=5233 time=3.015976e-01 dt=5.680029e-05
elapsed=5.885150e+03 cycle=5234 time=3.016544e-01 dt=5.679994e-05
elapsed=5.886115e+03 cycle=5235 time=3.017112e-01 dt=5.679960e-05
elapsed=5.887099e+03 cycle=5236 time=3.017680e-01 dt=5.679925e-05
elapsed=5.888078e+03 cycle=5237 time=3.018248e-01 dt=5.679889e-05
elapsed=5.889024e+03 cycle=5238 time=3.018816e-01 dt=5.679853e-05
elapsed=5.889989e+03 cycle=5239 time=3.019384e-01 dt=5.679817e-05
elapsed=5.890939e+03 cycle=5240 time=3.019952e-01 dt=5.679781e-05
elapsed=5.892050e+03 cycle=5241 time=3.020520e-01 dt=5.679747e-05
elapsed=5.893033e+03 cycle=5242 time=3.021088e-01 dt=5.679714e-05
elapsed=5.893994e+03 cycle=5243 time=3.021656e-01 dt=5.679682e-05
elapsed=5.894976e+03 cycle=5244 time=3.022224e-01 dt=5.679649e-05
elapsed=5.895942e+03 cycle=5245 time=3.022792e-01 dt=5.679617e-05
elapsed=5.896920e+03 cycle=5246 time=3.023360e-01 dt=5.679584e-05
elapsed=5.897899e+03 cycle=5247 time=3.023928e-01 dt=5.679552e-05
elapsed=5.899009e+03 cycle=5248 time=3.024496e-01 dt=5.679520e-05
elapsed=5.899977e+03 cycle=5249 time=3.025064e-01 dt=5.679485e-05
elapsed=5.900937e+03 cycle=5250 time=3.025632e-01 dt=5.679448e-05
elapsed=5.901888e+03 cycle=5251 time=3.026200e-01 dt=5.679410e-05
elapsed=5.902848e+03 cycle=5252 time=3.026768e-01 dt=5.679373e-05
elapsed=5.903794e+03 cycle=5253 time=3.027336e-01 dt=5.679336e-05
elapsed=5.904905e+03 cycle=5254 time=3.027904e-01 dt=5.679299e-05
elapsed=5.905853e+03 cycle=5255 time=3.028472e-01 dt=5.679262e-05
elapsed=5.906816e+03 cycle=5256 time=3.029039e-01 dt=5.679227e-05
elapsed=5.907784e+03 cycle=5257 time=3.029607e-01 dt=5.679193e-05
elapsed=5.908752e+03 cycle=5258 time=3.030175e-01 dt=5.679158e-05
elapsed=5.909699e+03 cycle=5259 time=3.030743e-01 dt=5.679124e-05
elapsed=5.910791e+03 cycle=5260 time=3.031311e-01 dt=5.679090e-05
elapsed=5.911761e+03 cycle=5261 time=3.031879e-01 dt=5.679056e-05
elapsed=5.912739e+03 cycle=5262 time=3.032447e-01 dt=5.679024e-05
elapsed=5.913849e+03 cycle=5263 time=3.033015e-01 dt=5.678992e-05
elapsed=5.914818e+03 cycle=5264 time=3.033583e-01 dt=5.678960e-05
elapsed=5.915769e+03 cycle=5265 time=3.034151e-01 dt=5.678927e-05
elapsed=5.916714e+03 cycle=5266 time=3.034719e-01 dt=5.678896e-05
elapsed=5.917679e+03 cycle=5267 time=3.035286e-01 dt=5.678866e-05
elapsed=5.918660e+03 cycle=5268 time=3.035854e-01 dt=5.678838e-05
elapsed=5.919626e+03 cycle=5269 time=3.036422e-01 dt=5.678813e-05
elapsed=5.920588e+03 cycle=5270 time=3.036990e-01 dt=5.678787e-05
elapsed=5.921536e+03 cycle=5271 time=3.037558e-01 dt=5.678731e-05
elapsed=5.922501e+03 cycle=5272 time=3.038126e-01 dt=5.678637e-05
elapsed=5.923491e+03 cycle=5273 time=3.038694e-01 dt=5.678542e-05
elapsed=5.924472e+03 cycle=5274 time=3.039262e-01 dt=5.678447e-05
elapsed=5.925439e+03 cycle=5275 time=3.039829e-01 dt=5.678351e-05
elapsed=5.926399e+03 cycle=5276 time=3.040397e-01 dt=5.678255e-05
elapsed=5.927348e+03 cycle=5277 time=3.040965e-01 dt=5.678160e-05
elapsed=5.928329e+03 cycle=5278 time=3.041533e-01 dt=5.678065e-05
elapsed=5.929289e+03 cycle=5279 time=3.042101e-01 dt=5.677969e-05
elapsed=5.930237e+03 cycle=5280 time=3.042668e-01 dt=5.677873e-05
elapsed=5.931216e+03 cycle=5281 time=3.043236e-01 dt=5.677778e-05
elapsed=5.932164e+03 cycle=5282 time=3.043804e-01 dt=5.677683e-05
elapsed=5.933129e+03 cycle=5283 time=3.044372e-01 dt=5.677588e-05
elapsed=5.934076e+03 cycle=5284 time=3.044940e-01 dt=5.677494e-05
elapsed=5.935025e+03 cycle=5285 time=3.045507e-01 dt=5.677399e-05
elapsed=5.935991e+03 cycle=5286 time=3.046075e-01 dt=5.677303e-05
elapsed=5.936936e+03 cycle=5287 time=3.046643e-01 dt=5.677208e-05
elapsed=5.938030e+03 cycle=5288 time=3.047210e-01 dt=5.677113e-05
elapsed=5.938980e+03 cycle=5289 time=3.047778e-01 dt=5.677017e-05
elapsed=5.939947e+03 cycle=5290 time=3.048346e-01 dt=5.676922e-05
elapsed=5.940915e+03 cycle=5291 time=3.048914e-01 dt=5.676827e-05
elapsed=5.941895e+03 cycle=5292 time=3.049481e-01 dt=5.676732e-05
elapsed=5.942843e+03 cycle=5293 time=3.050049e-01 dt=5.676635e-05
elapsed=5.943811e+03 cycle=5294 time=3.050617e-01 dt=5.676538e-05
elapsed=5.944779e+03 cycle=5295 time=3.051184e-01 dt=5.676443e-05
elapsed=5.945871e+03 cycle=5296 time=3.051752e-01 dt=5.676349e-05
elapsed=5.946980e+03 cycle=5297 time=3.052320e-01 dt=5.676257e-05
elapsed=5.947946e+03 cycle=5298 time=3.052887e-01 dt=5.676167e-05
elapsed=5.949039e+03 cycle=5299 time=3.053455e-01 dt=5.676078e-05
elapsed=5.950011e+03 cycle=5300 time=3.054022e-01 dt=5.675989e-05
elapsed=5.950978e+03 cycle=5301 time=3.054590e-01 dt=5.675900e-05
elapsed=5.951946e+03 cycle=5302 time=3.055158e-01 dt=5.675811e-05
elapsed=5.953054e+03 cycle=5303 time=3.055725e-01 dt=5.675723e-05
elapsed=5.954034e+03 cycle=5304 time=3.056293e-01 dt=5.675634e-05
elapsed=5.954994e+03 cycle=5305 time=3.056860e-01 dt=5.675545e-05
elapsed=5.956104e+03 cycle=5306 time=3.057428e-01 dt=5.675455e-05
elapsed=5.957070e+03 cycle=5307 time=3.057995e-01 dt=5.675365e-05
elapsed=5.958037e+03 cycle=5308 time=3.058563e-01 dt=5.675275e-05
elapsed=5.958984e+03 cycle=5309 time=3.059130e-01 dt=5.675185e-05
elapsed=5.959972e+03 cycle=5310 time=3.059698e-01 dt=5.675096e-05
elapsed=5.960937e+03 cycle=5311 time=3.060265e-01 dt=5.675006e-05
elapsed=5.961916e+03 cycle=5312 time=3.060833e-01 dt=5.674917e-05
elapsed=5.962898e+03 cycle=5313 time=3.061400e-01 dt=5.674826e-05
elapsed=5.963878e+03 cycle=5314 time=3.061968e-01 dt=5.674735e-05
elapsed=5.964857e+03 cycle=5315 time=3.062535e-01 dt=5.674644e-05
elapsed=5.965821e+03 cycle=5316 time=3.063103e-01 dt=5.674555e-05
elapsed=5.966914e+03 cycle=5317 time=3.063670e-01 dt=5.674464e-05
elapsed=5.967894e+03 cycle=5318 time=3.064238e-01 dt=5.674374e-05
elapsed=5.968844e+03 cycle=5319 time=3.064805e-01 dt=5.674286e-05
elapsed=5.969790e+03 cycle=5320 time=3.065373e-01 dt=5.674198e-05
elapsed=5.970736e+03 cycle=5321 time=3.065940e-01 dt=5.674110e-05
elapsed=5.971719e+03 cycle=5322 time=3.066508e-01 dt=5.674023e-05
elapsed=5.972667e+03 cycle=5323 time=3.067075e-01 dt=5.673936e-05
elapsed=5.973645e+03 cycle=5324 time=3.067642e-01 dt=5.673849e-05
elapsed=5.974754e+03 cycle=5325 time=3.068210e-01 dt=5.673763e-05
elapsed=5.975719e+03 cycle=5326 time=3.068777e-01 dt=5.673677e-05
elapsed=5.976669e+03 cycle=5327 time=3.069344e-01 dt=5.673591e-05
elapsed=5.977616e+03 cycle=5328 time=3.069912e-01 dt=5.673506e-05
elapsed=5.978595e+03 cycle=5329 time=3.070479e-01 dt=5.673420e-05
elapsed=5.979574e+03 cycle=5330 time=3.071046e-01 dt=5.673334e-05
elapsed=5.980523e+03 cycle=5331 time=3.071614e-01 dt=5.673250e-05
elapsed=5.981474e+03 cycle=5332 time=3.072181e-01 dt=5.673164e-05
elapsed=5.982583e+03 cycle=5333 time=3.072748e-01 dt=5.673078e-05
elapsed=5.983549e+03 cycle=5334 time=3.073316e-01 dt=5.672992e-05
elapsed=5.984659e+03 cycle=5335 time=3.073883e-01 dt=5.672905e-05
elapsed=5.985627e+03 cycle=5336 time=3.074450e-01 dt=5.672819e-05
elapsed=5.986577e+03 cycle=5337 time=3.075018e-01 dt=5.672734e-05
elapsed=5.987543e+03 cycle=5338 time=3.075585e-01 dt=5.672649e-05
elapsed=5.988527e+03 cycle=5339 time=3.076152e-01 dt=5.672565e-05
elapsed=5.989488e+03 cycle=5340 time=3.076719e-01 dt=5.672482e-05
elapsed=5.990450e+03 cycle=5341 time=3.077287e-01 dt=5.672400e-05
elapsed=5.991409e+03 cycle=5342 time=3.077854e-01 dt=5.672318e-05
elapsed=5.992394e+03 cycle=5343 time=3.078421e-01 dt=5.672237e-05
elapsed=5.993371e+03 cycle=5344 time=3.078988e-01 dt=5.672156e-05
elapsed=5.994481e+03 cycle=5345 time=3.079556e-01 dt=5.672076e-05
elapsed=5.995427e+03 cycle=5346 time=3.080123e-01 dt=5.671996e-05
elapsed=5.996372e+03 cycle=5347 time=3.080690e-01 dt=5.671916e-05
elapsed=5.997357e+03 cycle=5348 time=3.081257e-01 dt=5.671836e-05
elapsed=5.998305e+03 cycle=5349 time=3.081824e-01 dt=5.671757e-05
elapsed=5.999271e+03 cycle=5350 time=3.082392e-01 dt=5.671678e-05
elapsed=6.000233e+03 cycle=5351 time=3.082959e-01 dt=5.671600e-05
elapsed=6.001191e+03 cycle=5352 time=3.083526e-01 dt=5.671522e-05
elapsed=6.002138e+03 cycle=5353 time=3.084093e-01 dt=5.671445e-05
elapsed=6.003083e+03 cycle=5354 time=3.084660e-01 dt=5.671368e-05
elapsed=6.004050e+03 cycle=5355 time=3.085227e-01 dt=5.671293e-05
elapsed=6.005022e+03 cycle=5356 time=3.085794e-01 dt=5.671218e-05
elapsed=6.005989e+03 cycle=5357 time=3.086362e-01 dt=5.671143e-05
elapsed=6.006956e+03 cycle=5358 time=3.086929e-01 dt=5.671068e-05
elapsed=6.007921e+03 cycle=5359 time=3.087496e-01 dt=5.670993e-05
elapsed=6.008871e+03 cycle=5360 time=3.088063e-01 dt=5.670918e-05
elapsed=6.009834e+03 cycle=5361 time=3.088630e-01 dt=5.670843e-05
elapsed=6.010813e+03 cycle=5362 time=3.089197e-01 dt=5.670768e-05
elapsed=6.011792e+03 cycle=5363 time=3.089764e-01 dt=5.670693e-05
elapsed=6.012773e+03 cycle=5364 time=3.090331e-01 dt=5.670617e-05
elapsed=6.013867e+03 cycle=5365 time=3.090898e-01 dt=5.670541e-05
elapsed=6.014849e+03 cycle=5366 time=3.091465e-01 dt=5.670466e-05
elapsed=6.015815e+03 cycle=5367 time=3.092032e-01 dt=5.670391e-05
elapsed=6.016783e+03 cycle=5368 time=3.092599e-01 dt=5.670315e-05
elapsed=6.017876e+03 cycle=5369 time=3.093166e-01 dt=5.670241e-05
elapsed=6.018857e+03 cycle=5370 time=3.093733e-01 dt=5.670169e-05
elapsed=6.019807e+03 cycle=5371 time=3.094300e-01 dt=5.670096e-05
elapsed=6.020754e+03 cycle=5372 time=3.094867e-01 dt=5.670024e-05
elapsed=6.021717e+03 cycle=5373 time=3.095434e-01 dt=5.669954e-05
elapsed=6.022701e+03 cycle=5374 time=3.096001e-01 dt=5.669886e-05
elapsed=6.023650e+03 cycle=5375 time=3.096568e-01 dt=5.669818e-05
elapsed=6.024614e+03 cycle=5376 time=3.097135e-01 dt=5.669750e-05
elapsed=6.025581e+03 cycle=5377 time=3.097702e-01 dt=5.669683e-05
elapsed=6.026531e+03 cycle=5378 time=3.098269e-01 dt=5.669614e-05
elapsed=6.027640e+03 cycle=5379 time=3.098836e-01 dt=5.669545e-05
elapsed=6.028603e+03 cycle=5380 time=3.099403e-01 dt=5.669476e-05
elapsed=6.029583e+03 cycle=5381 time=3.099970e-01 dt=5.669407e-05
elapsed=6.048436e+03 cycle=5382 time=3.100537e-01 dt=5.669338e-05
elapsed=6.049402e+03 cycle=5383 time=3.101104e-01 dt=5.669270e-05
elapsed=6.050513e+03 cycle=5384 time=3.101671e-01 dt=5.669202e-05
elapsed=6.051494e+03 cycle=5385 time=3.102238e-01 dt=5.669134e-05
elapsed=6.052586e+03 cycle=5386 time=3.102805e-01 dt=5.669066e-05
elapsed=6.053536e+03 cycle=5387 time=3.103372e-01 dt=5.668998e-05
elapsed=6.054483e+03 cycle=5388 time=3.103939e-01 dt=5.668930e-05
elapsed=6.055447e+03 cycle=5389 time=3.104506e-01 dt=5.668861e-05
elapsed=6.056393e+03 cycle=5390 time=3.105072e-01 dt=5.668793e-05
elapsed=6.057377e+03 cycle=5391 time=3.105639e-01 dt=5.668724e-05
elapsed=6.058342e+03 cycle=5392 time=3.106206e-01 dt=5.668656e-05
elapsed=6.059289e+03 cycle=5393 time=3.106773e-01 dt=5.668587e-05
[Tue Dec 30 07:35:49 EST 2025] Found 11 bin files, deleting 1 oldest...
elapsed=6.060400e+03 cycle=5394 time=3.107340e-01 dt=5.668520e-05
elapsed=6.061347e+03 cycle=5395 time=3.107907e-01 dt=5.668453e-05
[Tue Dec 30 07:35:51 EST 2025] Kept 10 most recent bin files.
elapsed=6.062315e+03 cycle=5396 time=3.108474e-01 dt=5.668387e-05
elapsed=6.063279e+03 cycle=5397 time=3.109040e-01 dt=5.668319e-05
elapsed=6.064246e+03 cycle=5398 time=3.109607e-01 dt=5.668251e-05
elapsed=6.065215e+03 cycle=5399 time=3.110174e-01 dt=5.668182e-05
elapsed=6.066166e+03 cycle=5400 time=3.110741e-01 dt=5.668113e-05
elapsed=6.067112e+03 cycle=5401 time=3.111308e-01 dt=5.668043e-05
elapsed=6.068059e+03 cycle=5402 time=3.111875e-01 dt=5.667974e-05
elapsed=6.069030e+03 cycle=5403 time=3.112441e-01 dt=5.667905e-05
elapsed=6.069994e+03 cycle=5404 time=3.113008e-01 dt=5.667836e-05
elapsed=6.070963e+03 cycle=5405 time=3.113575e-01 dt=5.667768e-05
elapsed=6.071913e+03 cycle=5406 time=3.114142e-01 dt=5.667701e-05
elapsed=6.073023e+03 cycle=5407 time=3.114709e-01 dt=5.667634e-05
elapsed=6.074002e+03 cycle=5408 time=3.115275e-01 dt=5.667566e-05
elapsed=6.074950e+03 cycle=5409 time=3.115842e-01 dt=5.667499e-05
elapsed=6.075900e+03 cycle=5410 time=3.116409e-01 dt=5.667432e-05
elapsed=6.076851e+03 cycle=5411 time=3.116976e-01 dt=5.667365e-05
elapsed=6.077817e+03 cycle=5412 time=3.117542e-01 dt=5.667300e-05
elapsed=6.078778e+03 cycle=5413 time=3.118109e-01 dt=5.667235e-05
elapsed=6.079761e+03 cycle=5414 time=3.118676e-01 dt=5.667171e-05
elapsed=6.080743e+03 cycle=5415 time=3.119242e-01 dt=5.667107e-05
elapsed=6.081690e+03 cycle=5416 time=3.119809e-01 dt=5.667043e-05
elapsed=6.082655e+03 cycle=5417 time=3.120376e-01 dt=5.666979e-05
elapsed=6.083600e+03 cycle=5418 time=3.120943e-01 dt=5.666914e-05
elapsed=6.084710e+03 cycle=5419 time=3.121509e-01 dt=5.666850e-05
elapsed=6.085660e+03 cycle=5420 time=3.122076e-01 dt=5.666786e-05
elapsed=6.086619e+03 cycle=5421 time=3.122643e-01 dt=5.666722e-05
elapsed=6.087585e+03 cycle=5422 time=3.123209e-01 dt=5.666657e-05
elapsed=6.088548e+03 cycle=5423 time=3.123776e-01 dt=5.666593e-05
elapsed=6.089499e+03 cycle=5424 time=3.124343e-01 dt=5.666529e-05
elapsed=6.090449e+03 cycle=5425 time=3.124909e-01 dt=5.666466e-05
elapsed=6.091396e+03 cycle=5426 time=3.125476e-01 dt=5.666402e-05
elapsed=6.092363e+03 cycle=5427 time=3.126043e-01 dt=5.666339e-05
elapsed=6.093346e+03 cycle=5428 time=3.126609e-01 dt=5.666277e-05
elapsed=6.094456e+03 cycle=5429 time=3.127176e-01 dt=5.666215e-05
elapsed=6.095421e+03 cycle=5430 time=3.127742e-01 dt=5.666152e-05
elapsed=6.096385e+03 cycle=5431 time=3.128309e-01 dt=5.666090e-05
elapsed=6.097335e+03 cycle=5432 time=3.128876e-01 dt=5.666028e-05
elapsed=6.098297e+03 cycle=5433 time=3.129442e-01 dt=5.665968e-05
elapsed=6.099265e+03 cycle=5434 time=3.130009e-01 dt=5.665909e-05
elapsed=6.100248e+03 cycle=5435 time=3.130575e-01 dt=5.665849e-05
elapsed=6.101212e+03 cycle=5436 time=3.131142e-01 dt=5.665789e-05
elapsed=6.102161e+03 cycle=5437 time=3.131709e-01 dt=5.665729e-05
elapsed=6.103125e+03 cycle=5438 time=3.132275e-01 dt=5.665669e-05
elapsed=6.104089e+03 cycle=5439 time=3.132842e-01 dt=5.665611e-05
elapsed=6.105069e+03 cycle=5440 time=3.133408e-01 dt=5.665552e-05
elapsed=6.106048e+03 cycle=5441 time=3.133975e-01 dt=5.665493e-05
elapsed=6.107158e+03 cycle=5442 time=3.134541e-01 dt=5.665433e-05
elapsed=6.108123e+03 cycle=5443 time=3.135108e-01 dt=5.665373e-05
elapsed=6.109090e+03 cycle=5444 time=3.135674e-01 dt=5.665314e-05
elapsed=6.110180e+03 cycle=5445 time=3.136241e-01 dt=5.665254e-05
elapsed=6.111144e+03 cycle=5446 time=3.136808e-01 dt=5.665195e-05
elapsed=6.112112e+03 cycle=5447 time=3.137374e-01 dt=5.665137e-05
elapsed=6.113078e+03 cycle=5448 time=3.137941e-01 dt=5.665079e-05
elapsed=6.114061e+03 cycle=5449 time=3.138507e-01 dt=5.665022e-05
elapsed=6.115028e+03 cycle=5450 time=3.139074e-01 dt=5.664966e-05
elapsed=6.115995e+03 cycle=5451 time=3.139640e-01 dt=5.664909e-05
elapsed=6.116960e+03 cycle=5452 time=3.140207e-01 dt=5.664851e-05
elapsed=6.117906e+03 cycle=5453 time=3.140773e-01 dt=5.664795e-05
elapsed=6.118855e+03 cycle=5454 time=3.141340e-01 dt=5.664739e-05
elapsed=6.119815e+03 cycle=5455 time=3.141906e-01 dt=5.664684e-05
elapsed=6.120925e+03 cycle=5456 time=3.142472e-01 dt=5.664628e-05
elapsed=6.121875e+03 cycle=5457 time=3.143039e-01 dt=5.664573e-05
elapsed=6.122849e+03 cycle=5458 time=3.143605e-01 dt=5.664518e-05
elapsed=6.123963e+03 cycle=5459 time=3.144172e-01 dt=5.664464e-05
elapsed=6.124946e+03 cycle=5460 time=3.144738e-01 dt=5.664411e-05
elapsed=6.125893e+03 cycle=5461 time=3.145305e-01 dt=5.664357e-05
elapsed=6.126860e+03 cycle=5462 time=3.145871e-01 dt=5.664303e-05
elapsed=6.127825e+03 cycle=5463 time=3.146438e-01 dt=5.664250e-05
elapsed=6.128811e+03 cycle=5464 time=3.147004e-01 dt=5.664196e-05
elapsed=6.129772e+03 cycle=5465 time=3.147570e-01 dt=5.664142e-05
elapsed=6.130744e+03 cycle=5466 time=3.148137e-01 dt=5.664089e-05
elapsed=6.131712e+03 cycle=5467 time=3.148703e-01 dt=5.664038e-05
elapsed=6.132672e+03 cycle=5468 time=3.149270e-01 dt=5.663989e-05
elapsed=6.133620e+03 cycle=5469 time=3.149836e-01 dt=5.663940e-05
elapsed=6.134732e+03 cycle=5470 time=3.150402e-01 dt=5.663894e-05
elapsed=6.135680e+03 cycle=5471 time=3.150969e-01 dt=5.663848e-05
elapsed=6.136630e+03 cycle=5472 time=3.151535e-01 dt=5.663803e-05
elapsed=6.137593e+03 cycle=5473 time=3.152102e-01 dt=5.663758e-05
elapsed=6.138562e+03 cycle=5474 time=3.152668e-01 dt=5.663712e-05
elapsed=6.139527e+03 cycle=5475 time=3.153234e-01 dt=5.663665e-05
elapsed=6.140489e+03 cycle=5476 time=3.153801e-01 dt=5.663618e-05
elapsed=6.141468e+03 cycle=5477 time=3.154367e-01 dt=5.663571e-05
elapsed=6.142581e+03 cycle=5478 time=3.154933e-01 dt=5.663523e-05
elapsed=6.143692e+03 cycle=5479 time=3.155500e-01 dt=5.663474e-05
elapsed=6.144641e+03 cycle=5480 time=3.156066e-01 dt=5.663428e-05
elapsed=6.145620e+03 cycle=5481 time=3.156632e-01 dt=5.663384e-05
elapsed=6.146587e+03 cycle=5482 time=3.157199e-01 dt=5.663339e-05
elapsed=6.147550e+03 cycle=5483 time=3.157765e-01 dt=5.663295e-05
elapsed=6.148510e+03 cycle=5484 time=3.158331e-01 dt=5.663251e-05
elapsed=6.149474e+03 cycle=5485 time=3.158898e-01 dt=5.663207e-05
elapsed=6.150442e+03 cycle=5486 time=3.159464e-01 dt=5.663163e-05
elapsed=6.151425e+03 cycle=5487 time=3.160030e-01 dt=5.663120e-05
elapsed=6.152373e+03 cycle=5488 time=3.160597e-01 dt=5.663077e-05
elapsed=6.153355e+03 cycle=5489 time=3.161163e-01 dt=5.663034e-05
elapsed=6.154300e+03 cycle=5490 time=3.161729e-01 dt=5.662990e-05
elapsed=6.155266e+03 cycle=5491 time=3.162296e-01 dt=5.662946e-05
elapsed=6.156233e+03 cycle=5492 time=3.162862e-01 dt=5.662902e-05
elapsed=6.157198e+03 cycle=5493 time=3.163428e-01 dt=5.662858e-05
elapsed=6.158180e+03 cycle=5494 time=3.163995e-01 dt=5.662814e-05
elapsed=6.159126e+03 cycle=5495 time=3.164561e-01 dt=5.662771e-05
elapsed=6.160087e+03 cycle=5496 time=3.165127e-01 dt=5.662728e-05
elapsed=6.161067e+03 cycle=5497 time=3.165693e-01 dt=5.662686e-05
elapsed=6.162034e+03 cycle=5498 time=3.166260e-01 dt=5.662644e-05
elapsed=6.162982e+03 cycle=5499 time=3.166826e-01 dt=5.662602e-05
elapsed=6.163943e+03 cycle=5500 time=3.167392e-01 dt=5.662559e-05
elapsed=6.164910e+03 cycle=5501 time=3.167958e-01 dt=5.662517e-05
elapsed=6.165859e+03 cycle=5502 time=3.168525e-01 dt=5.662476e-05
elapsed=6.166826e+03 cycle=5503 time=3.169091e-01 dt=5.662434e-05
elapsed=6.167786e+03 cycle=5504 time=3.169657e-01 dt=5.662393e-05
elapsed=6.168735e+03 cycle=5505 time=3.170223e-01 dt=5.662352e-05
elapsed=6.169845e+03 cycle=5506 time=3.170790e-01 dt=5.662311e-05
elapsed=6.170823e+03 cycle=5507 time=3.171356e-01 dt=5.662269e-05
elapsed=6.171793e+03 cycle=5508 time=3.171922e-01 dt=5.662228e-05
elapsed=6.172772e+03 cycle=5509 time=3.172488e-01 dt=5.662186e-05
elapsed=6.173739e+03 cycle=5510 time=3.173055e-01 dt=5.662147e-05
elapsed=6.174725e+03 cycle=5511 time=3.173621e-01 dt=5.662110e-05
elapsed=6.175836e+03 cycle=5512 time=3.174187e-01 dt=5.662073e-05
elapsed=6.176803e+03 cycle=5513 time=3.174753e-01 dt=5.662034e-05
elapsed=6.177752e+03 cycle=5514 time=3.175319e-01 dt=5.661995e-05
elapsed=6.178714e+03 cycle=5515 time=3.175886e-01 dt=5.661955e-05
elapsed=6.179681e+03 cycle=5516 time=3.176452e-01 dt=5.661916e-05
elapsed=6.180628e+03 cycle=5517 time=3.177018e-01 dt=5.661876e-05
elapsed=6.181596e+03 cycle=5518 time=3.177584e-01 dt=5.661837e-05
elapsed=6.182544e+03 cycle=5519 time=3.178150e-01 dt=5.661799e-05
elapsed=6.183511e+03 cycle=5520 time=3.178717e-01 dt=5.661762e-05
elapsed=6.184490e+03 cycle=5521 time=3.179283e-01 dt=5.661725e-05
elapsed=6.185458e+03 cycle=5522 time=3.179849e-01 dt=5.661689e-05
elapsed=6.186551e+03 cycle=5523 time=3.180415e-01 dt=5.661653e-05
elapsed=6.187501e+03 cycle=5524 time=3.180981e-01 dt=5.661618e-05
elapsed=6.188448e+03 cycle=5525 time=3.181547e-01 dt=5.661583e-05
elapsed=6.189396e+03 cycle=5526 time=3.182114e-01 dt=5.661548e-05
elapsed=6.190363e+03 cycle=5527 time=3.182680e-01 dt=5.661514e-05
elapsed=6.191326e+03 cycle=5528 time=3.183246e-01 dt=5.661480e-05
elapsed=6.192306e+03 cycle=5529 time=3.183812e-01 dt=5.661445e-05
elapsed=6.193290e+03 cycle=5530 time=3.184378e-01 dt=5.661410e-05
elapsed=6.194400e+03 cycle=5531 time=3.184944e-01 dt=5.661375e-05
elapsed=6.195359e+03 cycle=5532 time=3.185510e-01 dt=5.661340e-05
elapsed=6.196308e+03 cycle=5533 time=3.186077e-01 dt=5.661305e-05
elapsed=6.197260e+03 cycle=5534 time=3.186643e-01 dt=5.661269e-05
elapsed=6.198227e+03 cycle=5535 time=3.187209e-01 dt=5.661232e-05
elapsed=6.199193e+03 cycle=5536 time=3.187775e-01 dt=5.661195e-05
elapsed=6.200161e+03 cycle=5537 time=3.188341e-01 dt=5.661160e-05
elapsed=6.201124e+03 cycle=5538 time=3.188907e-01 dt=5.661126e-05
elapsed=6.202111e+03 cycle=5539 time=3.189473e-01 dt=5.661092e-05
elapsed=6.203090e+03 cycle=5540 time=3.190039e-01 dt=5.661057e-05
elapsed=6.204053e+03 cycle=5541 time=3.190605e-01 dt=5.661021e-05
elapsed=6.205014e+03 cycle=5542 time=3.191172e-01 dt=5.660985e-05
elapsed=6.205978e+03 cycle=5543 time=3.191738e-01 dt=5.660949e-05
elapsed=6.206944e+03 cycle=5544 time=3.192304e-01 dt=5.660910e-05
elapsed=6.207905e+03 cycle=5545 time=3.192870e-01 dt=5.660871e-05
elapsed=6.208867e+03 cycle=5546 time=3.193436e-01 dt=5.660832e-05
elapsed=6.209816e+03 cycle=5547 time=3.194002e-01 dt=5.660793e-05
elapsed=6.210777e+03 cycle=5548 time=3.194568e-01 dt=5.660754e-05
elapsed=6.211723e+03 cycle=5549 time=3.195134e-01 dt=5.660714e-05
elapsed=6.212688e+03 cycle=5550 time=3.195700e-01 dt=5.660674e-05
elapsed=6.213657e+03 cycle=5551 time=3.196266e-01 dt=5.660633e-05
elapsed=6.214620e+03 cycle=5552 time=3.196832e-01 dt=5.660590e-05
elapsed=6.215583e+03 cycle=5553 time=3.197398e-01 dt=5.660547e-05
elapsed=6.216550e+03 cycle=5554 time=3.197965e-01 dt=5.660504e-05
elapsed=6.217643e+03 cycle=5555 time=3.198531e-01 dt=5.660460e-05
elapsed=6.218603e+03 cycle=5556 time=3.199097e-01 dt=5.660416e-05
elapsed=6.219567e+03 cycle=5557 time=3.199663e-01 dt=5.660373e-05
elapsed=6.237572e+03 cycle=5558 time=3.200229e-01 dt=5.660329e-05
elapsed=6.238519e+03 cycle=5559 time=3.200795e-01 dt=5.660287e-05
elapsed=6.239501e+03 cycle=5560 time=3.201361e-01 dt=5.660246e-05
elapsed=6.240613e+03 cycle=5561 time=3.201927e-01 dt=5.660205e-05
[Tue Dec 30 07:38:51 EST 2025] Found 11 bin files, deleting 1 oldest...
elapsed=6.241706e+03 cycle=5562 time=3.202493e-01 dt=5.660164e-05
elapsed=6.242667e+03 cycle=5563 time=3.203059e-01 dt=5.660123e-05
[Tue Dec 30 07:38:52 EST 2025] Kept 10 most recent bin files.
elapsed=6.243646e+03 cycle=5564 time=3.203625e-01 dt=5.660082e-05
elapsed=6.244626e+03 cycle=5565 time=3.204191e-01 dt=5.660041e-05
elapsed=6.245573e+03 cycle=5566 time=3.204757e-01 dt=5.660001e-05
elapsed=6.246521e+03 cycle=5567 time=3.205323e-01 dt=5.659961e-05
elapsed=6.247469e+03 cycle=5568 time=3.205889e-01 dt=5.659922e-05
elapsed=6.248435e+03 cycle=5569 time=3.206455e-01 dt=5.659883e-05
elapsed=6.249402e+03 cycle=5570 time=3.207021e-01 dt=5.659844e-05
elapsed=6.250374e+03 cycle=5571 time=3.207587e-01 dt=5.659805e-05
elapsed=6.251341e+03 cycle=5572 time=3.208153e-01 dt=5.659766e-05
elapsed=6.252306e+03 cycle=5573 time=3.208719e-01 dt=5.659727e-05
elapsed=6.253274e+03 cycle=5574 time=3.209285e-01 dt=5.659687e-05
elapsed=6.254241e+03 cycle=5575 time=3.209851e-01 dt=5.659647e-05
elapsed=6.255200e+03 cycle=5576 time=3.210417e-01 dt=5.659606e-05
elapsed=6.256161e+03 cycle=5577 time=3.210983e-01 dt=5.659567e-05
elapsed=6.257124e+03 cycle=5578 time=3.211549e-01 dt=5.659529e-05
elapsed=6.258072e+03 cycle=5579 time=3.212115e-01 dt=5.659490e-05
elapsed=6.259183e+03 cycle=5580 time=3.212680e-01 dt=5.659452e-05
elapsed=6.260146e+03 cycle=5581 time=3.213246e-01 dt=5.659417e-05
elapsed=6.261110e+03 cycle=5582 time=3.213812e-01 dt=5.659382e-05
elapsed=6.262073e+03 cycle=5583 time=3.214378e-01 dt=5.659347e-05
elapsed=6.263035e+03 cycle=5584 time=3.214944e-01 dt=5.659312e-05
elapsed=6.264003e+03 cycle=5585 time=3.215510e-01 dt=5.659277e-05
elapsed=6.264969e+03 cycle=5586 time=3.216076e-01 dt=5.659244e-05
elapsed=6.265920e+03 cycle=5587 time=3.216642e-01 dt=5.659210e-05
elapsed=6.266900e+03 cycle=5588 time=3.217208e-01 dt=5.659175e-05
elapsed=6.267845e+03 cycle=5589 time=3.217774e-01 dt=5.659141e-05
elapsed=6.268809e+03 cycle=5590 time=3.218340e-01 dt=5.659108e-05
elapsed=6.269757e+03 cycle=5591 time=3.218906e-01 dt=5.659074e-05
elapsed=6.270706e+03 cycle=5592 time=3.219472e-01 dt=5.659039e-05
elapsed=6.271653e+03 cycle=5593 time=3.220037e-01 dt=5.659005e-05
elapsed=6.272618e+03 cycle=5594 time=3.220603e-01 dt=5.658972e-05
elapsed=6.273597e+03 cycle=5595 time=3.221169e-01 dt=5.658941e-05
elapsed=6.274577e+03 cycle=5596 time=3.221735e-01 dt=5.658912e-05
elapsed=6.275558e+03 cycle=5597 time=3.222301e-01 dt=5.658883e-05
elapsed=6.276531e+03 cycle=5598 time=3.222867e-01 dt=5.658856e-05
elapsed=6.277495e+03 cycle=5599 time=3.223433e-01 dt=5.658829e-05
elapsed=6.278443e+03 cycle=5600 time=3.223999e-01 dt=5.658802e-05
elapsed=6.279425e+03 cycle=5601 time=3.224565e-01 dt=5.658775e-05
elapsed=6.280387e+03 cycle=5602 time=3.225130e-01 dt=5.658747e-05
elapsed=6.281335e+03 cycle=5603 time=3.225696e-01 dt=5.658720e-05
elapsed=6.282302e+03 cycle=5604 time=3.226262e-01 dt=5.658693e-05
elapsed=6.283398e+03 cycle=5605 time=3.226828e-01 dt=5.658669e-05
elapsed=6.284378e+03 cycle=5606 time=3.227394e-01 dt=5.658645e-05
elapsed=6.285343e+03 cycle=5607 time=3.227960e-01 dt=5.658620e-05
elapsed=6.286322e+03 cycle=5608 time=3.228526e-01 dt=5.658596e-05
elapsed=6.287284e+03 cycle=5609 time=3.229092e-01 dt=5.658572e-05
elapsed=6.288264e+03 cycle=5610 time=3.229657e-01 dt=5.658548e-05
elapsed=6.289224e+03 cycle=5611 time=3.230223e-01 dt=5.658523e-05
elapsed=6.290171e+03 cycle=5612 time=3.230789e-01 dt=5.658499e-05
elapsed=6.291150e+03 cycle=5613 time=3.231355e-01 dt=5.658475e-05
elapsed=6.292262e+03 cycle=5614 time=3.231921e-01 dt=5.658451e-05
elapsed=6.293245e+03 cycle=5615 time=3.232487e-01 dt=5.658428e-05
elapsed=6.294190e+03 cycle=5616 time=3.233053e-01 dt=5.658405e-05
elapsed=6.295302e+03 cycle=5617 time=3.233618e-01 dt=5.658381e-05
elapsed=6.296251e+03 cycle=5618 time=3.234184e-01 dt=5.658357e-05
elapsed=6.297202e+03 cycle=5619 time=3.234750e-01 dt=5.658332e-05
elapsed=6.298296e+03 cycle=5620 time=3.235316e-01 dt=5.658308e-05
elapsed=6.299262e+03 cycle=5621 time=3.235882e-01 dt=5.658283e-05
elapsed=6.300211e+03 cycle=5622 time=3.236448e-01 dt=5.658257e-05
elapsed=6.301196e+03 cycle=5623 time=3.237013e-01 dt=5.658230e-05
elapsed=6.302165e+03 cycle=5624 time=3.237579e-01 dt=5.658204e-05
elapsed=6.303150e+03 cycle=5625 time=3.238145e-01 dt=5.658177e-05
elapsed=6.304098e+03 cycle=5626 time=3.238711e-01 dt=5.658150e-05
elapsed=6.305063e+03 cycle=5627 time=3.239277e-01 dt=5.658123e-05
elapsed=6.306012e+03 cycle=5628 time=3.239842e-01 dt=5.658097e-05
elapsed=6.306958e+03 cycle=5629 time=3.240408e-01 dt=5.658070e-05
elapsed=6.307940e+03 cycle=5630 time=3.240974e-01 dt=5.658046e-05
elapsed=6.308907e+03 cycle=5631 time=3.241540e-01 dt=5.658022e-05
elapsed=6.309888e+03 cycle=5632 time=3.242106e-01 dt=5.657997e-05
elapsed=6.310857e+03 cycle=5633 time=3.242671e-01 dt=5.657973e-05
elapsed=6.311836e+03 cycle=5634 time=3.243237e-01 dt=5.657948e-05
elapsed=6.312800e+03 cycle=5635 time=3.243803e-01 dt=5.657924e-05
elapsed=6.313767e+03 cycle=5636 time=3.244369e-01 dt=5.657901e-05
elapsed=6.314861e+03 cycle=5637 time=3.244935e-01 dt=5.657880e-05
elapsed=6.315840e+03 cycle=5638 time=3.245500e-01 dt=5.657859e-05
elapsed=6.316787e+03 cycle=5639 time=3.246066e-01 dt=5.657837e-05
elapsed=6.317881e+03 cycle=5640 time=3.246632e-01 dt=5.657816e-05
elapsed=6.318847e+03 cycle=5641 time=3.247198e-01 dt=5.657794e-05
elapsed=6.319827e+03 cycle=5642 time=3.247764e-01 dt=5.657774e-05
elapsed=6.320807e+03 cycle=5643 time=3.248329e-01 dt=5.657753e-05
elapsed=6.321758e+03 cycle=5644 time=3.248895e-01 dt=5.657734e-05
elapsed=6.322725e+03 cycle=5645 time=3.249461e-01 dt=5.657714e-05
elapsed=6.323672e+03 cycle=5646 time=3.250027e-01 dt=5.657694e-05
elapsed=6.324655e+03 cycle=5647 time=3.250592e-01 dt=5.657675e-05
elapsed=6.325617e+03 cycle=5648 time=3.251158e-01 dt=5.657655e-05
elapsed=6.326708e+03 cycle=5649 time=3.251724e-01 dt=5.657637e-05
elapsed=6.327655e+03 cycle=5650 time=3.252290e-01 dt=5.657619e-05
elapsed=6.328602e+03 cycle=5651 time=3.252855e-01 dt=5.657601e-05
elapsed=6.329561e+03 cycle=5652 time=3.253421e-01 dt=5.657585e-05
elapsed=6.330653e+03 cycle=5653 time=3.253987e-01 dt=5.657569e-05
elapsed=6.331600e+03 cycle=5654 time=3.254553e-01 dt=5.657553e-05
elapsed=6.332562e+03 cycle=5655 time=3.255118e-01 dt=5.657537e-05
elapsed=6.333525e+03 cycle=5656 time=3.255684e-01 dt=5.657521e-05
elapsed=6.334475e+03 cycle=5657 time=3.256250e-01 dt=5.657505e-05
elapsed=6.335424e+03 cycle=5658 time=3.256816e-01 dt=5.657488e-05
elapsed=6.336391e+03 cycle=5659 time=3.257381e-01 dt=5.657472e-05
elapsed=6.337354e+03 cycle=5660 time=3.257947e-01 dt=5.657456e-05
elapsed=6.338316e+03 cycle=5661 time=3.258513e-01 dt=5.657439e-05
elapsed=6.339410e+03 cycle=5662 time=3.259079e-01 dt=5.657423e-05
elapsed=6.340389e+03 cycle=5663 time=3.259644e-01 dt=5.657406e-05
elapsed=6.341369e+03 cycle=5664 time=3.260210e-01 dt=5.657388e-05
elapsed=6.342335e+03 cycle=5665 time=3.260776e-01 dt=5.657370e-05
elapsed=6.343316e+03 cycle=5666 time=3.261342e-01 dt=5.657352e-05
elapsed=6.344298e+03 cycle=5667 time=3.261907e-01 dt=5.657334e-05
elapsed=6.345416e+03 cycle=5668 time=3.262473e-01 dt=5.657317e-05
elapsed=6.346397e+03 cycle=5669 time=3.263039e-01 dt=5.657300e-05
elapsed=6.347358e+03 cycle=5670 time=3.263605e-01 dt=5.657284e-05
elapsed=6.348338e+03 cycle=5671 time=3.264170e-01 dt=5.657267e-05
elapsed=6.349304e+03 cycle=5672 time=3.264736e-01 dt=5.657251e-05
elapsed=6.350250e+03 cycle=5673 time=3.265302e-01 dt=5.657235e-05
elapsed=6.351345e+03 cycle=5674 time=3.265868e-01 dt=5.657218e-05
elapsed=6.352290e+03 cycle=5675 time=3.266433e-01 dt=5.657202e-05
elapsed=6.353257e+03 cycle=5676 time=3.266999e-01 dt=5.657185e-05
elapsed=6.354220e+03 cycle=5677 time=3.267565e-01 dt=5.657169e-05
elapsed=6.355199e+03 cycle=5678 time=3.268130e-01 dt=5.657152e-05
elapsed=6.356163e+03 cycle=5679 time=3.268696e-01 dt=5.657135e-05
elapsed=6.357108e+03 cycle=5680 time=3.269262e-01 dt=5.657116e-05
elapsed=6.358054e+03 cycle=5681 time=3.269828e-01 dt=5.657099e-05
elapsed=6.359002e+03 cycle=5682 time=3.270393e-01 dt=5.657082e-05
elapsed=6.359965e+03 cycle=5683 time=3.270959e-01 dt=5.657065e-05
elapsed=6.360925e+03 cycle=5684 time=3.271525e-01 dt=5.657048e-05
elapsed=6.361906e+03 cycle=5685 time=3.272090e-01 dt=5.657031e-05
elapsed=6.362998e+03 cycle=5686 time=3.272656e-01 dt=5.657015e-05
elapsed=6.363946e+03 cycle=5687 time=3.273222e-01 dt=5.657001e-05
elapsed=6.365058e+03 cycle=5688 time=3.273787e-01 dt=5.656987e-05
elapsed=6.366043e+03 cycle=5689 time=3.274353e-01 dt=5.656973e-05
elapsed=6.366990e+03 cycle=5690 time=3.274919e-01 dt=5.656960e-05
elapsed=6.367956e+03 cycle=5691 time=3.275485e-01 dt=5.656947e-05
elapsed=6.369049e+03 cycle=5692 time=3.276050e-01 dt=5.656934e-05
elapsed=6.370016e+03 cycle=5693 time=3.276616e-01 dt=5.656920e-05
elapsed=6.371002e+03 cycle=5694 time=3.277182e-01 dt=5.656907e-05
elapsed=6.371949e+03 cycle=5695 time=3.277747e-01 dt=5.656895e-05
elapsed=6.372914e+03 cycle=5696 time=3.278313e-01 dt=5.656881e-05
elapsed=6.373875e+03 cycle=5697 time=3.278879e-01 dt=5.656867e-05
elapsed=6.374843e+03 cycle=5698 time=3.279444e-01 dt=5.656855e-05
elapsed=6.375810e+03 cycle=5699 time=3.280010e-01 dt=5.656844e-05
elapsed=6.376779e+03 cycle=5700 time=3.280576e-01 dt=5.656834e-05
elapsed=6.377889e+03 cycle=5701 time=3.281141e-01 dt=5.656824e-05
elapsed=6.378851e+03 cycle=5702 time=3.281707e-01 dt=5.656814e-05
elapsed=6.379798e+03 cycle=5703 time=3.282273e-01 dt=5.656803e-05
elapsed=6.380765e+03 cycle=5704 time=3.282839e-01 dt=5.656792e-05
elapsed=6.381744e+03 cycle=5705 time=3.283404e-01 dt=5.656781e-05
elapsed=6.382729e+03 cycle=5706 time=3.283970e-01 dt=5.656770e-05
elapsed=6.383678e+03 cycle=5707 time=3.284536e-01 dt=5.656759e-05
elapsed=6.384659e+03 cycle=5708 time=3.285101e-01 dt=5.656748e-05
elapsed=6.385643e+03 cycle=5709 time=3.285667e-01 dt=5.656736e-05
elapsed=6.386610e+03 cycle=5710 time=3.286233e-01 dt=5.656724e-05
elapsed=6.387577e+03 cycle=5711 time=3.286798e-01 dt=5.656711e-05
elapsed=6.388539e+03 cycle=5712 time=3.287364e-01 dt=5.656699e-05
elapsed=6.389500e+03 cycle=5713 time=3.287930e-01 dt=5.656688e-05
elapsed=6.390448e+03 cycle=5714 time=3.288495e-01 dt=5.656677e-05
elapsed=6.391413e+03 cycle=5715 time=3.289061e-01 dt=5.656667e-05
elapsed=6.392397e+03 cycle=5716 time=3.289627e-01 dt=5.656659e-05
elapsed=6.393364e+03 cycle=5717 time=3.290192e-01 dt=5.656651e-05
elapsed=6.394330e+03 cycle=5718 time=3.290758e-01 dt=5.656643e-05
elapsed=6.395314e+03 cycle=5719 time=3.291324e-01 dt=5.656635e-05
elapsed=6.396279e+03 cycle=5720 time=3.291889e-01 dt=5.656627e-05
elapsed=6.397245e+03 cycle=5721 time=3.292455e-01 dt=5.656619e-05
elapsed=6.398207e+03 cycle=5722 time=3.293021e-01 dt=5.656610e-05
elapsed=6.399155e+03 cycle=5723 time=3.293586e-01 dt=5.656601e-05
elapsed=6.400106e+03 cycle=5724 time=3.294152e-01 dt=5.656593e-05
elapsed=6.401086e+03 cycle=5725 time=3.294718e-01 dt=5.656584e-05
elapsed=6.402198e+03 cycle=5726 time=3.295283e-01 dt=5.656576e-05
elapsed=6.403163e+03 cycle=5727 time=3.295849e-01 dt=5.656568e-05
elapsed=6.404144e+03 cycle=5728 time=3.296415e-01 dt=5.656560e-05
elapsed=6.405124e+03 cycle=5729 time=3.296980e-01 dt=5.656555e-05
elapsed=6.406074e+03 cycle=5730 time=3.297546e-01 dt=5.656551e-05
elapsed=6.407037e+03 cycle=5731 time=3.298111e-01 dt=5.656547e-05
elapsed=6.407998e+03 cycle=5732 time=3.298677e-01 dt=5.656543e-05
elapsed=6.408944e+03 cycle=5733 time=3.299243e-01 dt=5.656541e-05
elapsed=6.409910e+03 cycle=5734 time=3.299808e-01 dt=5.656540e-05
[Tue Dec 30 07:41:53 EST 2025] Found 11 bin files, deleting 1 oldest...
[Tue Dec 30 07:41:54 EST 2025] Kept 10 most recent bin files.
elapsed=6.430364e+03 cycle=5735 time=3.300374e-01 dt=5.656540e-05
elapsed=6.431336e+03 cycle=5736 time=3.300940e-01 dt=5.656541e-05
elapsed=6.432315e+03 cycle=5737 time=3.301505e-01 dt=5.656543e-05
elapsed=6.433295e+03 cycle=5738 time=3.302071e-01 dt=5.656546e-05
elapsed=6.434274e+03 cycle=5739 time=3.302637e-01 dt=5.656548e-05
elapsed=6.435224e+03 cycle=5740 time=3.303202e-01 dt=5.656551e-05
elapsed=6.436186e+03 cycle=5741 time=3.303768e-01 dt=5.656555e-05
elapsed=6.437150e+03 cycle=5742 time=3.304334e-01 dt=5.656560e-05
elapsed=6.438114e+03 cycle=5743 time=3.304899e-01 dt=5.656565e-05
elapsed=6.439093e+03 cycle=5744 time=3.305465e-01 dt=5.656570e-05
elapsed=6.440055e+03 cycle=5745 time=3.306031e-01 dt=5.656575e-05
elapsed=6.441039e+03 cycle=5746 time=3.306596e-01 dt=5.656581e-05
elapsed=6.441999e+03 cycle=5747 time=3.307162e-01 dt=5.656589e-05
elapsed=6.443111e+03 cycle=5748 time=3.307728e-01 dt=5.656597e-05
elapsed=6.444081e+03 cycle=5749 time=3.308293e-01 dt=5.656605e-05
elapsed=6.445064e+03 cycle=5750 time=3.308859e-01 dt=5.656612e-05
elapsed=6.446029e+03 cycle=5751 time=3.309425e-01 dt=5.656618e-05
elapsed=6.447142e+03 cycle=5752 time=3.309990e-01 dt=5.656624e-05
elapsed=6.448109e+03 cycle=5753 time=3.310556e-01 dt=5.656630e-05
elapsed=6.449073e+03 cycle=5754 time=3.311122e-01 dt=5.656635e-05
elapsed=6.450057e+03 cycle=5755 time=3.311687e-01 dt=5.656640e-05
elapsed=6.451007e+03 cycle=5756 time=3.312253e-01 dt=5.656646e-05
elapsed=6.451971e+03 cycle=5757 time=3.312819e-01 dt=5.656654e-05
elapsed=6.452933e+03 cycle=5758 time=3.313384e-01 dt=5.656663e-05
elapsed=6.453904e+03 cycle=5759 time=3.313950e-01 dt=5.656670e-05
elapsed=6.454869e+03 cycle=5760 time=3.314516e-01 dt=5.656678e-05
elapsed=6.455980e+03 cycle=5761 time=3.315081e-01 dt=5.656686e-05
elapsed=6.456926e+03 cycle=5762 time=3.315647e-01 dt=5.656695e-05
elapsed=6.457876e+03 cycle=5763 time=3.316213e-01 dt=5.656705e-05
elapsed=6.458822e+03 cycle=5764 time=3.316778e-01 dt=5.656715e-05
elapsed=6.459936e+03 cycle=5765 time=3.317344e-01 dt=5.656727e-05
elapsed=6.460917e+03 cycle=5766 time=3.317910e-01 dt=5.656740e-05
elapsed=6.461866e+03 cycle=5767 time=3.318475e-01 dt=5.656754e-05
elapsed=6.462849e+03 cycle=5768 time=3.319041e-01 dt=5.656767e-05
elapsed=6.463835e+03 cycle=5769 time=3.319607e-01 dt=5.656781e-05
elapsed=6.464802e+03 cycle=5770 time=3.320172e-01 dt=5.656795e-05
elapsed=6.465749e+03 cycle=5771 time=3.320738e-01 dt=5.656810e-05
elapsed=6.466696e+03 cycle=5772 time=3.321304e-01 dt=5.656824e-05
elapsed=6.467644e+03 cycle=5773 time=3.321869e-01 dt=5.656839e-05
elapsed=6.468625e+03 cycle=5774 time=3.322435e-01 dt=5.656854e-05
elapsed=6.469613e+03 cycle=5775 time=3.323001e-01 dt=5.656869e-05
elapsed=6.470593e+03 cycle=5776 time=3.323566e-01 dt=5.656884e-05
elapsed=6.471708e+03 cycle=5777 time=3.324132e-01 dt=5.656897e-05
elapsed=6.472659e+03 cycle=5778 time=3.324698e-01 dt=5.656910e-05
elapsed=6.473621e+03 cycle=5779 time=3.325263e-01 dt=5.656921e-05
elapsed=6.474587e+03 cycle=5780 time=3.325829e-01 dt=5.656931e-05
elapsed=6.475533e+03 cycle=5781 time=3.326395e-01 dt=5.656942e-05
elapsed=6.476497e+03 cycle=5782 time=3.326961e-01 dt=5.656953e-05
elapsed=6.477463e+03 cycle=5783 time=3.327526e-01 dt=5.656965e-05
elapsed=6.478428e+03 cycle=5784 time=3.328092e-01 dt=5.656975e-05
elapsed=6.479526e+03 cycle=5785 time=3.328658e-01 dt=5.656985e-05
elapsed=6.480489e+03 cycle=5786 time=3.329223e-01 dt=5.656995e-05
elapsed=6.481468e+03 cycle=5787 time=3.329789e-01 dt=5.657003e-05
elapsed=6.482430e+03 cycle=5788 time=3.330355e-01 dt=5.657011e-05
elapsed=6.483380e+03 cycle=5789 time=3.330920e-01 dt=5.657019e-05
elapsed=6.484329e+03 cycle=5790 time=3.331486e-01 dt=5.657028e-05
elapsed=6.485289e+03 cycle=5791 time=3.332052e-01 dt=5.657038e-05
elapsed=6.486254e+03 cycle=5792 time=3.332618e-01 dt=5.657048e-05
elapsed=6.487235e+03 cycle=5793 time=3.333183e-01 dt=5.657060e-05
elapsed=6.488198e+03 cycle=5794 time=3.333749e-01 dt=5.657072e-05
elapsed=6.489149e+03 cycle=5795 time=3.334315e-01 dt=5.657084e-05
elapsed=6.490128e+03 cycle=5796 time=3.334880e-01 dt=5.657095e-05
elapsed=6.491100e+03 cycle=5797 time=3.335446e-01 dt=5.657107e-05
elapsed=6.492084e+03 cycle=5798 time=3.336012e-01 dt=5.657120e-05
elapsed=6.493049e+03 cycle=5799 time=3.336578e-01 dt=5.657133e-05
elapsed=6.494009e+03 cycle=5800 time=3.337143e-01 dt=5.657147e-05
elapsed=6.494976e+03 cycle=5801 time=3.337709e-01 dt=5.657161e-05
elapsed=6.496070e+03 cycle=5802 time=3.338275e-01 dt=5.657175e-05
elapsed=6.497038e+03 cycle=5803 time=3.338840e-01 dt=5.657188e-05
elapsed=6.497986e+03 cycle=5804 time=3.339406e-01 dt=5.657201e-05
elapsed=6.498952e+03 cycle=5805 time=3.339972e-01 dt=5.657214e-05
elapsed=6.499919e+03 cycle=5806 time=3.340538e-01 dt=5.657227e-05
elapsed=6.501012e+03 cycle=5807 time=3.341103e-01 dt=5.657240e-05
elapsed=6.501974e+03 cycle=5808 time=3.341669e-01 dt=5.657253e-05
elapsed=6.502923e+03 cycle=5809 time=3.342235e-01 dt=5.657266e-05
elapsed=6.503908e+03 cycle=5810 time=3.342800e-01 dt=5.657279e-05
elapsed=6.504887e+03 cycle=5811 time=3.343366e-01 dt=5.657292e-05
elapsed=6.505834e+03 cycle=5812 time=3.343932e-01 dt=5.657305e-05
elapsed=6.506783e+03 cycle=5813 time=3.344498e-01 dt=5.657318e-05
elapsed=6.507893e+03 cycle=5814 time=3.345063e-01 dt=5.657332e-05
elapsed=6.508861e+03 cycle=5815 time=3.345629e-01 dt=5.657345e-05
elapsed=6.509840e+03 cycle=5816 time=3.346195e-01 dt=5.657359e-05
elapsed=6.510787e+03 cycle=5817 time=3.346761e-01 dt=5.657375e-05
elapsed=6.511766e+03 cycle=5818 time=3.347326e-01 dt=5.657392e-05
elapsed=6.512714e+03 cycle=5819 time=3.347892e-01 dt=5.657409e-05
elapsed=6.513684e+03 cycle=5820 time=3.348458e-01 dt=5.657425e-05
elapsed=6.514665e+03 cycle=5821 time=3.349024e-01 dt=5.657442e-05
elapsed=6.515633e+03 cycle=5822 time=3.349589e-01 dt=5.657459e-05
elapsed=6.516729e+03 cycle=5823 time=3.350155e-01 dt=5.657478e-05
elapsed=6.517697e+03 cycle=5824 time=3.350721e-01 dt=5.657497e-05
elapsed=6.518644e+03 cycle=5825 time=3.351287e-01 dt=5.657516e-05
elapsed=6.519612e+03 cycle=5826 time=3.351852e-01 dt=5.657536e-05
elapsed=6.520559e+03 cycle=5827 time=3.352418e-01 dt=5.657556e-05
elapsed=6.521522e+03 cycle=5828 time=3.352984e-01 dt=5.657576e-05
elapsed=6.522469e+03 cycle=5829 time=3.353550e-01 dt=5.657595e-05
elapsed=6.523438e+03 cycle=5830 time=3.354115e-01 dt=5.657614e-05
elapsed=6.524426e+03 cycle=5831 time=3.354681e-01 dt=5.657634e-05
elapsed=6.525393e+03 cycle=5832 time=3.355247e-01 dt=5.657655e-05
elapsed=6.526372e+03 cycle=5833 time=3.355813e-01 dt=5.657677e-05
elapsed=6.527337e+03 cycle=5834 time=3.356378e-01 dt=5.657699e-05
elapsed=6.528286e+03 cycle=5835 time=3.356944e-01 dt=5.657721e-05
elapsed=6.529266e+03 cycle=5836 time=3.357510e-01 dt=5.657745e-05
elapsed=6.530213e+03 cycle=5837 time=3.358076e-01 dt=5.657770e-05
elapsed=6.531192e+03 cycle=5838 time=3.358641e-01 dt=5.657797e-05
elapsed=6.532142e+03 cycle=5839 time=3.359207e-01 dt=5.657824e-05
elapsed=6.533253e+03 cycle=5840 time=3.359773e-01 dt=5.657851e-05
elapsed=6.534344e+03 cycle=5841 time=3.360339e-01 dt=5.657878e-05
elapsed=6.535311e+03 cycle=5842 time=3.360905e-01 dt=5.657907e-05
elapsed=6.536273e+03 cycle=5843 time=3.361470e-01 dt=5.657938e-05
elapsed=6.537255e+03 cycle=5844 time=3.362036e-01 dt=5.657968e-05
elapsed=6.538218e+03 cycle=5845 time=3.362602e-01 dt=5.657998e-05
elapsed=6.539165e+03 cycle=5846 time=3.363168e-01 dt=5.658028e-05
elapsed=6.540113e+03 cycle=5847 time=3.363734e-01 dt=5.658057e-05
elapsed=6.541084e+03 cycle=5848 time=3.364299e-01 dt=5.658088e-05
elapsed=6.542051e+03 cycle=5849 time=3.364865e-01 dt=5.658121e-05
elapsed=6.543019e+03 cycle=5850 time=3.365431e-01 dt=5.658155e-05
elapsed=6.544000e+03 cycle=5851 time=3.365997e-01 dt=5.658191e-05
elapsed=6.544967e+03 cycle=5852 time=3.366563e-01 dt=5.658227e-05
elapsed=6.545913e+03 cycle=5853 time=3.367128e-01 dt=5.658262e-05
elapsed=6.546894e+03 cycle=5854 time=3.367694e-01 dt=5.658297e-05
elapsed=6.547874e+03 cycle=5855 time=3.368260e-01 dt=5.658333e-05
elapsed=6.548821e+03 cycle=5856 time=3.368826e-01 dt=5.658368e-05
elapsed=6.549787e+03 cycle=5857 time=3.369392e-01 dt=5.658404e-05
elapsed=6.550747e+03 cycle=5858 time=3.369958e-01 dt=5.658439e-05
elapsed=6.551708e+03 cycle=5859 time=3.370523e-01 dt=5.658475e-05
elapsed=6.552655e+03 cycle=5860 time=3.371089e-01 dt=5.658510e-05
elapsed=6.553622e+03 cycle=5861 time=3.371655e-01 dt=5.658546e-05
elapsed=6.554588e+03 cycle=5862 time=3.372221e-01 dt=5.658582e-05
elapsed=6.555536e+03 cycle=5863 time=3.372787e-01 dt=5.658618e-05
elapsed=6.556482e+03 cycle=5864 time=3.373353e-01 dt=5.658655e-05
elapsed=6.557430e+03 cycle=5865 time=3.373919e-01 dt=5.658692e-05
elapsed=6.558411e+03 cycle=5866 time=3.374484e-01 dt=5.658730e-05
elapsed=6.559377e+03 cycle=5867 time=3.375050e-01 dt=5.658769e-05
elapsed=6.560345e+03 cycle=5868 time=3.375616e-01 dt=5.658811e-05
elapsed=6.561315e+03 cycle=5869 time=3.376182e-01 dt=5.658852e-05
elapsed=6.562276e+03 cycle=5870 time=3.376748e-01 dt=5.658893e-05
elapsed=6.563241e+03 cycle=5871 time=3.377314e-01 dt=5.658935e-05
elapsed=6.564210e+03 cycle=5872 time=3.377880e-01 dt=5.658978e-05
elapsed=6.565177e+03 cycle=5873 time=3.378446e-01 dt=5.659022e-05
elapsed=6.566156e+03 cycle=5874 time=3.379012e-01 dt=5.659069e-05
elapsed=6.567119e+03 cycle=5875 time=3.379577e-01 dt=5.659116e-05
elapsed=6.568101e+03 cycle=5876 time=3.380143e-01 dt=5.659164e-05
elapsed=6.569051e+03 cycle=5877 time=3.380709e-01 dt=5.659213e-05
elapsed=6.570033e+03 cycle=5878 time=3.381275e-01 dt=5.659263e-05
elapsed=6.570994e+03 cycle=5879 time=3.381841e-01 dt=5.659312e-05
elapsed=6.571962e+03 cycle=5880 time=3.382407e-01 dt=5.659361e-05
elapsed=6.572926e+03 cycle=5881 time=3.382973e-01 dt=5.659411e-05
elapsed=6.573908e+03 cycle=5882 time=3.383539e-01 dt=5.659460e-05
elapsed=6.574871e+03 cycle=5883 time=3.384105e-01 dt=5.659511e-05
elapsed=6.575964e+03 cycle=5884 time=3.384671e-01 dt=5.659561e-05
elapsed=6.576926e+03 cycle=5885 time=3.385237e-01 dt=5.659612e-05
elapsed=6.577905e+03 cycle=5886 time=3.385803e-01 dt=5.659663e-05
elapsed=6.578886e+03 cycle=5887 time=3.386369e-01 dt=5.659716e-05
elapsed=6.579869e+03 cycle=5888 time=3.386935e-01 dt=5.659770e-05
elapsed=6.580849e+03 cycle=5889 time=3.387501e-01 dt=5.659825e-05
elapsed=6.581810e+03 cycle=5890 time=3.388067e-01 dt=5.659880e-05
elapsed=6.582777e+03 cycle=5891 time=3.388633e-01 dt=5.659935e-05
elapsed=6.583890e+03 cycle=5892 time=3.389199e-01 dt=5.659990e-05
elapsed=6.584871e+03 cycle=5893 time=3.389765e-01 dt=5.660043e-05
elapsed=6.585839e+03 cycle=5894 time=3.390331e-01 dt=5.660097e-05
elapsed=6.586806e+03 cycle=5895 time=3.390897e-01 dt=5.660149e-05
elapsed=6.587915e+03 cycle=5896 time=3.391463e-01 dt=5.660199e-05
elapsed=6.589009e+03 cycle=5897 time=3.392029e-01 dt=5.660249e-05
elapsed=6.590119e+03 cycle=5898 time=3.392595e-01 dt=5.660297e-05
elapsed=6.591102e+03 cycle=5899 time=3.393161e-01 dt=5.660342e-05
elapsed=6.592213e+03 cycle=5900 time=3.393727e-01 dt=5.660388e-05
elapsed=6.593180e+03 cycle=5901 time=3.394293e-01 dt=5.660434e-05
elapsed=6.594144e+03 cycle=5902 time=3.394859e-01 dt=5.660480e-05
elapsed=6.595128e+03 cycle=5903 time=3.395425e-01 dt=5.660525e-05
elapsed=6.596108e+03 cycle=5904 time=3.395991e-01 dt=5.660571e-05
elapsed=6.597074e+03 cycle=5905 time=3.396557e-01 dt=5.660615e-05
elapsed=6.598053e+03 cycle=5906 time=3.397123e-01 dt=5.660661e-05
elapsed=6.599020e+03 cycle=5907 time=3.397689e-01 dt=5.660709e-05
elapsed=6.599981e+03 cycle=5908 time=3.398255e-01 dt=5.660758e-05
elapsed=6.600952e+03 cycle=5909 time=3.398821e-01 dt=5.660807e-05
elapsed=6.601912e+03 cycle=5910 time=3.399387e-01 dt=5.660856e-05
elapsed=6.602880e+03 cycle=5911 time=3.399953e-01 dt=5.660906e-05
elapsed=6.622975e+03 cycle=5912 time=3.400520e-01 dt=5.660955e-05
elapsed=6.623927e+03 cycle=5913 time=3.401086e-01 dt=5.661004e-05
elapsed=6.624894e+03 cycle=5914 time=3.401652e-01 dt=5.661053e-05
elapsed=6.625985e+03 cycle=5915 time=3.402218e-01 dt=5.661102e-05
elapsed=6.626933e+03 cycle=5916 time=3.402784e-01 dt=5.661151e-05
elapsed=6.628026e+03 cycle=5917 time=3.403350e-01 dt=5.661200e-05
elapsed=6.628995e+03 cycle=5918 time=3.403916e-01 dt=5.661248e-05
elapsed=6.629946e+03 cycle=5919 time=3.404482e-01 dt=5.661295e-05
elapsed=6.630916e+03 cycle=5920 time=3.405048e-01 dt=5.661343e-05
elapsed=6.632028e+03 cycle=5921 time=3.405615e-01 dt=5.661390e-05
elapsed=6.632990e+03 cycle=5922 time=3.406181e-01 dt=5.661438e-05
elapsed=6.633939e+03 cycle=5923 time=3.406747e-01 dt=5.661486e-05
elapsed=6.634919e+03 cycle=5924 time=3.407313e-01 dt=5.661535e-05
elapsed=6.635885e+03 cycle=5925 time=3.407879e-01 dt=5.661584e-05
elapsed=6.636834e+03 cycle=5926 time=3.408445e-01 dt=5.661633e-05
elapsed=6.637801e+03 cycle=5927 time=3.409011e-01 dt=5.661682e-05
elapsed=6.638748e+03 cycle=5928 time=3.409578e-01 dt=5.661732e-05
elapsed=6.639715e+03 cycle=5929 time=3.410144e-01 dt=5.661781e-05
elapsed=6.640694e+03 cycle=5930 time=3.410710e-01 dt=5.661830e-05
elapsed=6.641664e+03 cycle=5931 time=3.411276e-01 dt=5.661880e-05
elapsed=6.642628e+03 cycle=5932 time=3.411842e-01 dt=5.661930e-05
elapsed=6.643578e+03 cycle=5933 time=3.412409e-01 dt=5.661980e-05
elapsed=6.644528e+03 cycle=5934 time=3.412975e-01 dt=5.662031e-05
elapsed=6.645478e+03 cycle=5935 time=3.413541e-01 dt=5.662080e-05
elapsed=6.646574e+03 cycle=5936 time=3.414107e-01 dt=5.662129e-05
elapsed=6.647538e+03 cycle=5937 time=3.414673e-01 dt=5.662177e-05
elapsed=6.648499e+03 cycle=5938 time=3.415240e-01 dt=5.662226e-05
elapsed=6.649447e+03 cycle=5939 time=3.415806e-01 dt=5.662276e-05
elapsed=6.650558e+03 cycle=5940 time=3.416372e-01 dt=5.662326e-05
elapsed=6.651668e+03 cycle=5941 time=3.416938e-01 dt=5.662376e-05
elapsed=6.652634e+03 cycle=5942 time=3.417505e-01 dt=5.662426e-05
elapsed=6.653601e+03 cycle=5943 time=3.418071e-01 dt=5.662477e-05
elapsed=6.654551e+03 cycle=5944 time=3.418637e-01 dt=5.662529e-05
elapsed=6.655512e+03 cycle=5945 time=3.419203e-01 dt=5.662579e-05
elapsed=6.656473e+03 cycle=5946 time=3.419770e-01 dt=5.662630e-05
elapsed=6.657434e+03 cycle=5947 time=3.420336e-01 dt=5.662682e-05
elapsed=6.658382e+03 cycle=5948 time=3.420902e-01 dt=5.662734e-05
elapsed=6.659364e+03 cycle=5949 time=3.421468e-01 dt=5.662786e-05
elapsed=6.660344e+03 cycle=5950 time=3.422035e-01 dt=5.662839e-05
elapsed=6.661311e+03 cycle=5951 time=3.422601e-01 dt=5.662891e-05
elapsed=6.662259e+03 cycle=5952 time=3.423167e-01 dt=5.662945e-05
elapsed=6.663238e+03 cycle=5953 time=3.423733e-01 dt=5.662998e-05
elapsed=6.664198e+03 cycle=5954 time=3.424300e-01 dt=5.663051e-05
elapsed=6.665165e+03 cycle=5955 time=3.424866e-01 dt=5.663104e-05
[Tue Dec 30 07:45:55 EST 2025] Found 11 bin files, deleting 1 oldest...
elapsed=6.666275e+03 cycle=5956 time=3.425432e-01 dt=5.663157e-05
[Tue Dec 30 07:45:56 EST 2025] Kept 10 most recent bin files.
elapsed=6.667241e+03 cycle=5957 time=3.425999e-01 dt=5.663210e-05
elapsed=6.668185e+03 cycle=5958 time=3.426565e-01 dt=5.663262e-05
elapsed=6.669151e+03 cycle=5959 time=3.427131e-01 dt=5.663315e-05
elapsed=6.670116e+03 cycle=5960 time=3.427698e-01 dt=5.663372e-05
elapsed=6.671096e+03 cycle=5961 time=3.428264e-01 dt=5.663429e-05
elapsed=6.672044e+03 cycle=5962 time=3.428830e-01 dt=5.663486e-05
elapsed=6.673008e+03 cycle=5963 time=3.429397e-01 dt=5.663544e-05
elapsed=6.673974e+03 cycle=5964 time=3.429963e-01 dt=5.663601e-05
elapsed=6.674942e+03 cycle=5965 time=3.430529e-01 dt=5.663657e-05
elapsed=6.675910e+03 cycle=5966 time=3.431096e-01 dt=5.663711e-05
elapsed=6.676871e+03 cycle=5967 time=3.431662e-01 dt=5.663766e-05
elapsed=6.677818e+03 cycle=5968 time=3.432229e-01 dt=5.663821e-05
elapsed=6.678931e+03 cycle=5969 time=3.432795e-01 dt=5.663875e-05
elapsed=6.679897e+03 cycle=5970 time=3.433361e-01 dt=5.663929e-05
elapsed=6.680864e+03 cycle=5971 time=3.433928e-01 dt=5.663982e-05
elapsed=6.681832e+03 cycle=5972 time=3.434494e-01 dt=5.664036e-05
elapsed=6.682777e+03 cycle=5973 time=3.435061e-01 dt=5.664089e-05
elapsed=6.683743e+03 cycle=5974 time=3.435627e-01 dt=5.664142e-05
elapsed=6.684722e+03 cycle=5975 time=3.436193e-01 dt=5.664195e-05
elapsed=6.685670e+03 cycle=5976 time=3.436760e-01 dt=5.664248e-05
elapsed=6.686651e+03 cycle=5977 time=3.437326e-01 dt=5.664300e-05
elapsed=6.687619e+03 cycle=5978 time=3.437893e-01 dt=5.664353e-05
elapsed=6.688711e+03 cycle=5979 time=3.438459e-01 dt=5.664406e-05
elapsed=6.689690e+03 cycle=5980 time=3.439025e-01 dt=5.664458e-05
elapsed=6.690669e+03 cycle=5981 time=3.439592e-01 dt=5.664512e-05
elapsed=6.691648e+03 cycle=5982 time=3.440158e-01 dt=5.664567e-05
elapsed=6.692597e+03 cycle=5983 time=3.440725e-01 dt=5.664623e-05
elapsed=6.693691e+03 cycle=5984 time=3.441291e-01 dt=5.664679e-05
elapsed=6.694676e+03 cycle=5985 time=3.441858e-01 dt=5.664736e-05
elapsed=6.695768e+03 cycle=5986 time=3.442424e-01 dt=5.664792e-05
elapsed=6.696735e+03 cycle=5987 time=3.442991e-01 dt=5.664846e-05
elapsed=6.697696e+03 cycle=5988 time=3.443557e-01 dt=5.664899e-05
elapsed=6.698662e+03 cycle=5989 time=3.444124e-01 dt=5.664952e-05
elapsed=6.699626e+03 cycle=5990 time=3.444690e-01 dt=5.665004e-05
elapsed=6.700720e+03 cycle=5991 time=3.445257e-01 dt=5.665056e-05
elapsed=6.701688e+03 cycle=5992 time=3.445823e-01 dt=5.665108e-05
elapsed=6.702655e+03 cycle=5993 time=3.446390e-01 dt=5.665162e-05
elapsed=6.703642e+03 cycle=5994 time=3.446956e-01 dt=5.665215e-05
elapsed=6.704615e+03 cycle=5995 time=3.447523e-01 dt=5.665261e-05
elapsed=6.705580e+03 cycle=5996 time=3.448089e-01 dt=5.665176e-05
elapsed=6.706560e+03 cycle=5997 time=3.448656e-01 dt=5.665091e-05
elapsed=6.707529e+03 cycle=5998 time=3.449222e-01 dt=5.665006e-05
elapsed=6.708508e+03 cycle=5999 time=3.449789e-01 dt=5.664921e-05
elapsed=6.709455e+03 cycle=6000 time=3.450355e-01 dt=5.664837e-05
elapsed=6.710403e+03 cycle=6001 time=3.450922e-01 dt=5.664753e-05
elapsed=6.711369e+03 cycle=6002 time=3.451488e-01 dt=5.664668e-05
elapsed=6.712330e+03 cycle=6003 time=3.452055e-01 dt=5.664582e-05
elapsed=6.713278e+03 cycle=6004 time=3.452621e-01 dt=5.664496e-05
elapsed=6.714258e+03 cycle=6005 time=3.453188e-01 dt=5.664409e-05
elapsed=6.715208e+03 cycle=6006 time=3.453754e-01 dt=5.664322e-05
elapsed=6.716159e+03 cycle=6007 time=3.454321e-01 dt=5.664236e-05
elapsed=6.717120e+03 cycle=6008 time=3.454887e-01 dt=5.664149e-05
elapsed=6.718067e+03 cycle=6009 time=3.455453e-01 dt=5.664062e-05
elapsed=6.719157e+03 cycle=6010 time=3.456020e-01 dt=5.663976e-05
elapsed=6.720107e+03 cycle=6011 time=3.456586e-01 dt=5.663889e-05
elapsed=6.721074e+03 cycle=6012 time=3.457153e-01 dt=5.663804e-05
elapsed=6.722056e+03 cycle=6013 time=3.457719e-01 dt=5.663718e-05
elapsed=6.723021e+03 cycle=6014 time=3.458285e-01 dt=5.663632e-05
elapsed=6.723990e+03 cycle=6015 time=3.458852e-01 dt=5.663546e-05
elapsed=6.724970e+03 cycle=6016 time=3.459418e-01 dt=5.663459e-05
elapsed=6.725935e+03 cycle=6017 time=3.459984e-01 dt=5.663373e-05
elapsed=6.726899e+03 cycle=6018 time=3.460551e-01 dt=5.663288e-05
elapsed=6.727865e+03 cycle=6019 time=3.461117e-01 dt=5.663202e-05
elapsed=6.728827e+03 cycle=6020 time=3.461683e-01 dt=5.663119e-05
elapsed=6.729808e+03 cycle=6021 time=3.462250e-01 dt=5.663036e-05
elapsed=6.730774e+03 cycle=6022 time=3.462816e-01 dt=5.662953e-05
elapsed=6.731741e+03 cycle=6023 time=3.463382e-01 dt=5.662871e-05
elapsed=6.732708e+03 cycle=6024 time=3.463949e-01 dt=5.662788e-05
elapsed=6.733685e+03 cycle=6025 time=3.464515e-01 dt=5.662706e-05
elapsed=6.734655e+03 cycle=6026 time=3.465081e-01 dt=5.662623e-05
elapsed=6.735620e+03 cycle=6027 time=3.465647e-01 dt=5.662542e-05
elapsed=6.736604e+03 cycle=6028 time=3.466214e-01 dt=5.662463e-05
elapsed=6.737572e+03 cycle=6029 time=3.466780e-01 dt=5.662384e-05
elapsed=6.738532e+03 cycle=6030 time=3.467346e-01 dt=5.662304e-05
elapsed=6.739512e+03 cycle=6031 time=3.467912e-01 dt=5.662225e-05
elapsed=6.740478e+03 cycle=6032 time=3.468479e-01 dt=5.662146e-05
elapsed=6.741425e+03 cycle=6033 time=3.469045e-01 dt=5.662067e-05
elapsed=6.742385e+03 cycle=6034 time=3.469611e-01 dt=5.661986e-05
elapsed=6.743349e+03 cycle=6035 time=3.470177e-01 dt=5.661903e-05
elapsed=6.744332e+03 cycle=6036 time=3.470743e-01 dt=5.661819e-05
elapsed=6.745278e+03 cycle=6037 time=3.471310e-01 dt=5.661734e-05
elapsed=6.746224e+03 cycle=6038 time=3.471876e-01 dt=5.661647e-05
elapsed=6.747190e+03 cycle=6039 time=3.472442e-01 dt=5.661561e-05
elapsed=6.748171e+03 cycle=6040 time=3.473008e-01 dt=5.661474e-05
elapsed=6.749152e+03 cycle=6041 time=3.473574e-01 dt=5.661388e-05
elapsed=6.750119e+03 cycle=6042 time=3.474140e-01 dt=5.661303e-05
elapsed=6.751212e+03 cycle=6043 time=3.474706e-01 dt=5.661217e-05
elapsed=6.752158e+03 cycle=6044 time=3.475273e-01 dt=5.661132e-05
elapsed=6.753251e+03 cycle=6045 time=3.475839e-01 dt=5.661047e-05
elapsed=6.754202e+03 cycle=6046 time=3.476405e-01 dt=5.660961e-05
elapsed=6.755165e+03 cycle=6047 time=3.476971e-01 dt=5.660876e-05
elapsed=6.756127e+03 cycle=6048 time=3.477537e-01 dt=5.660791e-05
elapsed=6.757106e+03 cycle=6049 time=3.478103e-01 dt=5.660707e-05
elapsed=6.758091e+03 cycle=6050 time=3.478669e-01 dt=5.660622e-05
elapsed=6.759040e+03 cycle=6051 time=3.479235e-01 dt=5.660538e-05
elapsed=6.760003e+03 cycle=6052 time=3.479801e-01 dt=5.660456e-05
elapsed=6.760967e+03 cycle=6053 time=3.480367e-01 dt=5.660373e-05
elapsed=6.761933e+03 cycle=6054 time=3.480933e-01 dt=5.660290e-05
elapsed=6.762879e+03 cycle=6055 time=3.481499e-01 dt=5.660208e-05
elapsed=6.763828e+03 cycle=6056 time=3.482065e-01 dt=5.660126e-05
elapsed=6.764808e+03 cycle=6057 time=3.482631e-01 dt=5.660044e-05
elapsed=6.765756e+03 cycle=6058 time=3.483197e-01 dt=5.659962e-05
elapsed=6.766703e+03 cycle=6059 time=3.483763e-01 dt=5.659881e-05
elapsed=6.767669e+03 cycle=6060 time=3.484329e-01 dt=5.659798e-05
elapsed=6.768630e+03 cycle=6061 time=3.484895e-01 dt=5.659714e-05
elapsed=6.769597e+03 cycle=6062 time=3.485461e-01 dt=5.659630e-05
elapsed=6.770562e+03 cycle=6063 time=3.486027e-01 dt=5.659545e-05
elapsed=6.771533e+03 cycle=6064 time=3.486593e-01 dt=5.659461e-05
elapsed=6.772512e+03 cycle=6065 time=3.487159e-01 dt=5.659376e-05
elapsed=6.773492e+03 cycle=6066 time=3.487725e-01 dt=5.659292e-05
elapsed=6.774440e+03 cycle=6067 time=3.488291e-01 dt=5.659207e-05
elapsed=6.775388e+03 cycle=6068 time=3.488857e-01 dt=5.659122e-05
elapsed=6.776351e+03 cycle=6069 time=3.489423e-01 dt=5.659037e-05
elapsed=6.777312e+03 cycle=6070 time=3.489989e-01 dt=5.658952e-05
elapsed=6.778402e+03 cycle=6071 time=3.490555e-01 dt=5.658868e-05
elapsed=6.779365e+03 cycle=6072 time=3.491121e-01 dt=5.658785e-05
elapsed=6.780333e+03 cycle=6073 time=3.491686e-01 dt=5.658702e-05
elapsed=6.781318e+03 cycle=6074 time=3.492252e-01 dt=5.658620e-05
elapsed=6.782265e+03 cycle=6075 time=3.492818e-01 dt=5.658538e-05
elapsed=6.783225e+03 cycle=6076 time=3.493384e-01 dt=5.658457e-05
elapsed=6.784339e+03 cycle=6077 time=3.493950e-01 dt=5.658376e-05
elapsed=6.785305e+03 cycle=6078 time=3.494516e-01 dt=5.658296e-05
elapsed=6.786268e+03 cycle=6079 time=3.495082e-01 dt=5.658215e-05
elapsed=6.787238e+03 cycle=6080 time=3.495647e-01 dt=5.658134e-05
elapsed=6.788349e+03 cycle=6081 time=3.496213e-01 dt=5.658054e-05
elapsed=6.789311e+03 cycle=6082 time=3.496779e-01 dt=5.657973e-05
elapsed=6.790296e+03 cycle=6083 time=3.497345e-01 dt=5.657893e-05
elapsed=6.791391e+03 cycle=6084 time=3.497911e-01 dt=5.657812e-05
elapsed=6.792339e+03 cycle=6085 time=3.498476e-01 dt=5.657732e-05
elapsed=6.793322e+03 cycle=6086 time=3.499042e-01 dt=5.657651e-05
elapsed=6.794414e+03 cycle=6087 time=3.499608e-01 dt=5.657568e-05
elapsed=6.815616e+03 cycle=6088 time=3.500174e-01 dt=5.657484e-05
elapsed=6.816597e+03 cycle=6089 time=3.500739e-01 dt=5.657402e-05
elapsed=6.817564e+03 cycle=6090 time=3.501305e-01 dt=5.657320e-05
elapsed=6.818513e+03 cycle=6091 time=3.501871e-01 dt=5.657238e-05
elapsed=6.819459e+03 cycle=6092 time=3.502437e-01 dt=5.657157e-05
elapsed=6.820550e+03 cycle=6093 time=3.503002e-01 dt=5.657077e-05
elapsed=6.821512e+03 cycle=6094 time=3.503568e-01 dt=5.656996e-05
elapsed=6.822493e+03 cycle=6095 time=3.504134e-01 dt=5.656916e-05
elapsed=6.823461e+03 cycle=6096 time=3.504699e-01 dt=5.656836e-05
elapsed=6.824406e+03 cycle=6097 time=3.505265e-01 dt=5.656759e-05
elapsed=6.825354e+03 cycle=6098 time=3.505831e-01 dt=5.656682e-05
elapsed=6.826464e+03 cycle=6099 time=3.506396e-01 dt=5.656604e-05
elapsed=6.827446e+03 cycle=6100 time=3.506962e-01 dt=5.656525e-05
elapsed=6.828426e+03 cycle=6101 time=3.507528e-01 dt=5.656445e-05
elapsed=6.829373e+03 cycle=6102 time=3.508093e-01 dt=5.656365e-05
elapsed=6.830334e+03 cycle=6103 time=3.508659e-01 dt=5.656284e-05
elapsed=6.831281e+03 cycle=6104 time=3.509225e-01 dt=5.656203e-05
elapsed=6.832246e+03 cycle=6105 time=3.509790e-01 dt=5.656121e-05
elapsed=6.833197e+03 cycle=6106 time=3.510356e-01 dt=5.656041e-05
elapsed=6.834144e+03 cycle=6107 time=3.510921e-01 dt=5.655960e-05
elapsed=6.835105e+03 cycle=6108 time=3.511487e-01 dt=5.655878e-05
elapsed=6.836066e+03 cycle=6109 time=3.512053e-01 dt=5.655795e-05
elapsed=6.837045e+03 cycle=6110 time=3.512618e-01 dt=5.655712e-05
elapsed=6.837994e+03 cycle=6111 time=3.513184e-01 dt=5.655628e-05
elapsed=6.838955e+03 cycle=6112 time=3.513749e-01 dt=5.655543e-05
elapsed=6.839914e+03 cycle=6113 time=3.514315e-01 dt=5.655457e-05
elapsed=6.840875e+03 cycle=6114 time=3.514880e-01 dt=5.655372e-05
elapsed=6.841845e+03 cycle=6115 time=3.515446e-01 dt=5.655287e-05
elapsed=6.842810e+03 cycle=6116 time=3.516012e-01 dt=5.655202e-05
elapsed=6.843778e+03 cycle=6117 time=3.516577e-01 dt=5.655119e-05
elapsed=6.844888e+03 cycle=6118 time=3.517143e-01 dt=5.655036e-05
elapsed=6.845869e+03 cycle=6119 time=3.517708e-01 dt=5.654954e-05
elapsed=6.846849e+03 cycle=6120 time=3.518274e-01 dt=5.654872e-05
[Tue Dec 30 07:48:56 EST 2025] Found 11 bin files, deleting 1 oldest...
elapsed=6.847812e+03 cycle=6121 time=3.518839e-01 dt=5.654791e-05
elapsed=6.848773e+03 cycle=6122 time=3.519405e-01 dt=5.654709e-05
[Tue Dec 30 07:48:58 EST 2025] Kept 10 most recent bin files.
elapsed=6.849755e+03 cycle=6123 time=3.519970e-01 dt=5.654628e-05
elapsed=6.850723e+03 cycle=6124 time=3.520535e-01 dt=5.654546e-05
elapsed=6.851815e+03 cycle=6125 time=3.521101e-01 dt=5.654464e-05
elapsed=6.852795e+03 cycle=6126 time=3.521666e-01 dt=5.654382e-05
elapsed=6.853761e+03 cycle=6127 time=3.522232e-01 dt=5.654300e-05
elapsed=6.854728e+03 cycle=6128 time=3.522797e-01 dt=5.654216e-05
elapsed=6.855707e+03 cycle=6129 time=3.523363e-01 dt=5.654131e-05
elapsed=6.856675e+03 cycle=6130 time=3.523928e-01 dt=5.654048e-05
elapsed=6.857785e+03 cycle=6131 time=3.524493e-01 dt=5.653964e-05
elapsed=6.858737e+03 cycle=6132 time=3.525059e-01 dt=5.653882e-05
elapsed=6.859848e+03 cycle=6133 time=3.525624e-01 dt=5.653801e-05
elapsed=6.860959e+03 cycle=6134 time=3.526190e-01 dt=5.653719e-05
elapsed=6.861919e+03 cycle=6135 time=3.526755e-01 dt=5.653639e-05
elapsed=6.862866e+03 cycle=6136 time=3.527320e-01 dt=5.653559e-05
elapsed=6.863832e+03 cycle=6137 time=3.527886e-01 dt=5.653479e-05
elapsed=6.864813e+03 cycle=6138 time=3.528451e-01 dt=5.653399e-05
elapsed=6.865780e+03 cycle=6139 time=3.529016e-01 dt=5.653318e-05
elapsed=6.866725e+03 cycle=6140 time=3.529582e-01 dt=5.653235e-05
elapsed=6.867689e+03 cycle=6141 time=3.530147e-01 dt=5.653152e-05
elapsed=6.868638e+03 cycle=6142 time=3.530712e-01 dt=5.653070e-05
elapsed=6.869599e+03 cycle=6143 time=3.531278e-01 dt=5.652990e-05
elapsed=6.870544e+03 cycle=6144 time=3.531843e-01 dt=5.652911e-05
elapsed=6.871524e+03 cycle=6145 time=3.532408e-01 dt=5.652831e-05
elapsed=6.872614e+03 cycle=6146 time=3.532974e-01 dt=5.652752e-05
elapsed=6.873578e+03 cycle=6147 time=3.533539e-01 dt=5.652673e-05
elapsed=6.874558e+03 cycle=6148 time=3.534104e-01 dt=5.652594e-05
elapsed=6.875543e+03 cycle=6149 time=3.534669e-01 dt=5.652515e-05
elapsed=6.876523e+03 cycle=6150 time=3.535235e-01 dt=5.652437e-05
elapsed=6.877496e+03 cycle=6151 time=3.535800e-01 dt=5.652358e-05
elapsed=6.878477e+03 cycle=6152 time=3.536365e-01 dt=5.652280e-05
elapsed=6.879442e+03 cycle=6153 time=3.536930e-01 dt=5.652203e-05
elapsed=6.880406e+03 cycle=6154 time=3.537496e-01 dt=5.652126e-05
elapsed=6.881369e+03 cycle=6155 time=3.538061e-01 dt=5.652050e-05
elapsed=6.882322e+03 cycle=6156 time=3.538626e-01 dt=5.651973e-05
elapsed=6.883415e+03 cycle=6157 time=3.539191e-01 dt=5.651897e-05
elapsed=6.884367e+03 cycle=6158 time=3.539756e-01 dt=5.651821e-05
elapsed=6.885318e+03 cycle=6159 time=3.540322e-01 dt=5.651746e-05
elapsed=6.886297e+03 cycle=6160 time=3.540887e-01 dt=5.651671e-05
elapsed=6.887246e+03 cycle=6161 time=3.541452e-01 dt=5.651596e-05
elapsed=6.888225e+03 cycle=6162 time=3.542017e-01 dt=5.651521e-05
elapsed=6.889207e+03 cycle=6163 time=3.542582e-01 dt=5.651447e-05
elapsed=6.890176e+03 cycle=6164 time=3.543147e-01 dt=5.651373e-05
elapsed=6.891269e+03 cycle=6165 time=3.543712e-01 dt=5.651300e-05
elapsed=6.892379e+03 cycle=6166 time=3.544278e-01 dt=5.651226e-05
elapsed=6.893330e+03 cycle=6167 time=3.544843e-01 dt=5.651152e-05
elapsed=6.894291e+03 cycle=6168 time=3.545408e-01 dt=5.651077e-05
elapsed=6.895240e+03 cycle=6169 time=3.545973e-01 dt=5.651001e-05
elapsed=6.896189e+03 cycle=6170 time=3.546538e-01 dt=5.650925e-05
elapsed=6.897154e+03 cycle=6171 time=3.547103e-01 dt=5.650850e-05
elapsed=6.898102e+03 cycle=6172 time=3.547668e-01 dt=5.650777e-05
elapsed=6.899069e+03 cycle=6173 time=3.548233e-01 dt=5.650704e-05
elapsed=6.900048e+03 cycle=6174 time=3.548798e-01 dt=5.650631e-05
elapsed=6.901013e+03 cycle=6175 time=3.549363e-01 dt=5.650559e-05
elapsed=6.901960e+03 cycle=6176 time=3.549929e-01 dt=5.650486e-05
elapsed=6.902919e+03 cycle=6177 time=3.550494e-01 dt=5.650414e-05
elapsed=6.903883e+03 cycle=6178 time=3.551059e-01 dt=5.650341e-05
elapsed=6.904852e+03 cycle=6179 time=3.551624e-01 dt=5.650268e-05
elapsed=6.905803e+03 cycle=6180 time=3.552189e-01 dt=5.650194e-05
elapsed=6.906765e+03 cycle=6181 time=3.552754e-01 dt=5.650120e-05
elapsed=6.907726e+03 cycle=6182 time=3.553319e-01 dt=5.650046e-05
elapsed=6.908714e+03 cycle=6183 time=3.553884e-01 dt=5.649972e-05
elapsed=6.909825e+03 cycle=6184 time=3.554449e-01 dt=5.649899e-05
elapsed=6.910796e+03 cycle=6185 time=3.555014e-01 dt=5.649826e-05
elapsed=6.911757e+03 cycle=6186 time=3.555579e-01 dt=5.649754e-05
elapsed=6.912723e+03 cycle=6187 time=3.556144e-01 dt=5.649681e-05
elapsed=6.913670e+03 cycle=6188 time=3.556709e-01 dt=5.649609e-05
elapsed=6.914783e+03 cycle=6189 time=3.557274e-01 dt=5.649537e-05
elapsed=6.915747e+03 cycle=6190 time=3.557839e-01 dt=5.649466e-05
elapsed=6.916713e+03 cycle=6191 time=3.558403e-01 dt=5.649395e-05
elapsed=6.917677e+03 cycle=6192 time=3.558968e-01 dt=5.649325e-05
elapsed=6.918625e+03 cycle=6193 time=3.559533e-01 dt=5.649254e-05
elapsed=6.919572e+03 cycle=6194 time=3.560098e-01 dt=5.649184e-05
elapsed=6.920538e+03 cycle=6195 time=3.560663e-01 dt=5.649114e-05
elapsed=6.921500e+03 cycle=6196 time=3.561228e-01 dt=5.649045e-05
elapsed=6.922467e+03 cycle=6197 time=3.561793e-01 dt=5.648977e-05
elapsed=6.923435e+03 cycle=6198 time=3.562358e-01 dt=5.648907e-05
elapsed=6.924414e+03 cycle=6199 time=3.562923e-01 dt=5.648839e-05
elapsed=6.925363e+03 cycle=6200 time=3.563488e-01 dt=5.648772e-05
elapsed=6.926342e+03 cycle=6201 time=3.564053e-01 dt=5.648704e-05
elapsed=6.927309e+03 cycle=6202 time=3.564617e-01 dt=5.648637e-05
elapsed=6.928274e+03 cycle=6203 time=3.565182e-01 dt=5.648570e-05
elapsed=6.929239e+03 cycle=6204 time=3.565747e-01 dt=5.648503e-05
elapsed=6.930350e+03 cycle=6205 time=3.566312e-01 dt=5.648437e-05
elapsed=6.931314e+03 cycle=6206 time=3.566877e-01 dt=5.648370e-05
elapsed=6.932280e+03 cycle=6207 time=3.567442e-01 dt=5.648304e-05
elapsed=6.933243e+03 cycle=6208 time=3.568007e-01 dt=5.648240e-05
elapsed=6.934337e+03 cycle=6209 time=3.568571e-01 dt=5.648177e-05
elapsed=6.935282e+03 cycle=6210 time=3.569136e-01 dt=5.648112e-05
elapsed=6.936230e+03 cycle=6211 time=3.569701e-01 dt=5.648045e-05
elapsed=6.937197e+03 cycle=6212 time=3.570266e-01 dt=5.647980e-05
elapsed=6.938145e+03 cycle=6213 time=3.570831e-01 dt=5.647915e-05
elapsed=6.939107e+03 cycle=6214 time=3.571395e-01 dt=5.647851e-05
elapsed=6.940055e+03 cycle=6215 time=3.571960e-01 dt=5.647788e-05
elapsed=6.941036e+03 cycle=6216 time=3.572525e-01 dt=5.647724e-05
elapsed=6.942007e+03 cycle=6217 time=3.573090e-01 dt=5.647661e-05
elapsed=6.942969e+03 cycle=6218 time=3.573654e-01 dt=5.647598e-05
elapsed=6.944081e+03 cycle=6219 time=3.574219e-01 dt=5.647535e-05
elapsed=6.945046e+03 cycle=6220 time=3.574784e-01 dt=5.647472e-05
elapsed=6.946012e+03 cycle=6221 time=3.575349e-01 dt=5.647409e-05
elapsed=6.946998e+03 cycle=6222 time=3.575913e-01 dt=5.647347e-05
elapsed=6.947965e+03 cycle=6223 time=3.576478e-01 dt=5.647283e-05
elapsed=6.948946e+03 cycle=6224 time=3.577043e-01 dt=5.647219e-05
elapsed=6.949930e+03 cycle=6225 time=3.577608e-01 dt=5.647156e-05
elapsed=6.950896e+03 cycle=6226 time=3.578172e-01 dt=5.647092e-05
elapsed=6.951857e+03 cycle=6227 time=3.578737e-01 dt=5.647030e-05
elapsed=6.952805e+03 cycle=6228 time=3.579302e-01 dt=5.646970e-05
elapsed=6.953752e+03 cycle=6229 time=3.579866e-01 dt=5.646911e-05
elapsed=6.954732e+03 cycle=6230 time=3.580431e-01 dt=5.646852e-05
elapsed=6.955695e+03 cycle=6231 time=3.580996e-01 dt=5.646795e-05
elapsed=6.956665e+03 cycle=6232 time=3.581561e-01 dt=5.646741e-05
elapsed=6.957624e+03 cycle=6233 time=3.582125e-01 dt=5.646686e-05
elapsed=6.958586e+03 cycle=6234 time=3.582690e-01 dt=5.646632e-05
elapsed=6.959697e+03 cycle=6235 time=3.583255e-01 dt=5.646577e-05
elapsed=6.960645e+03 cycle=6236 time=3.583819e-01 dt=5.646521e-05
elapsed=6.961607e+03 cycle=6237 time=3.584384e-01 dt=5.646466e-05
elapsed=6.962699e+03 cycle=6238 time=3.584948e-01 dt=5.646410e-05
elapsed=6.963667e+03 cycle=6239 time=3.585513e-01 dt=5.646355e-05
elapsed=6.964636e+03 cycle=6240 time=3.586078e-01 dt=5.646300e-05
elapsed=6.965584e+03 cycle=6241 time=3.586642e-01 dt=5.646245e-05
elapsed=6.966549e+03 cycle=6242 time=3.587207e-01 dt=5.646190e-05
elapsed=6.967512e+03 cycle=6243 time=3.587772e-01 dt=5.646136e-05
elapsed=6.968624e+03 cycle=6244 time=3.588336e-01 dt=5.646081e-05
elapsed=6.969585e+03 cycle=6245 time=3.588901e-01 dt=5.646026e-05
elapsed=6.970551e+03 cycle=6246 time=3.589465e-01 dt=5.645971e-05
elapsed=6.971496e+03 cycle=6247 time=3.590030e-01 dt=5.645916e-05
elapsed=6.972463e+03 cycle=6248 time=3.590595e-01 dt=5.645861e-05
elapsed=6.973411e+03 cycle=6249 time=3.591159e-01 dt=5.645806e-05
elapsed=6.974373e+03 cycle=6250 time=3.591724e-01 dt=5.645751e-05
elapsed=6.975335e+03 cycle=6251 time=3.592288e-01 dt=5.645696e-05
elapsed=6.976285e+03 cycle=6252 time=3.592853e-01 dt=5.645641e-05
elapsed=6.977394e+03 cycle=6253 time=3.593418e-01 dt=5.645586e-05
elapsed=6.978364e+03 cycle=6254 time=3.593982e-01 dt=5.645530e-05
elapsed=6.979312e+03 cycle=6255 time=3.594547e-01 dt=5.645473e-05
elapsed=6.980294e+03 cycle=6256 time=3.595111e-01 dt=5.645417e-05
elapsed=6.981244e+03 cycle=6257 time=3.595676e-01 dt=5.645360e-05
elapsed=6.982209e+03 cycle=6258 time=3.596240e-01 dt=5.645303e-05
elapsed=6.983188e+03 cycle=6259 time=3.596805e-01 dt=5.645245e-05
elapsed=6.984133e+03 cycle=6260 time=3.597369e-01 dt=5.645189e-05
elapsed=6.985112e+03 cycle=6261 time=3.597934e-01 dt=5.645130e-05
elapsed=6.986092e+03 cycle=6262 time=3.598498e-01 dt=5.645071e-05
elapsed=6.987063e+03 cycle=6263 time=3.599063e-01 dt=5.645012e-05
elapsed=6.988027e+03 cycle=6264 time=3.599627e-01 dt=5.644954e-05
elapsed=7.008573e+03 cycle=6265 time=3.600192e-01 dt=5.644896e-05
elapsed=7.009522e+03 cycle=6266 time=3.600756e-01 dt=5.644838e-05
elapsed=7.010505e+03 cycle=6267 time=3.601321e-01 dt=5.644781e-05
elapsed=7.011452e+03 cycle=6268 time=3.601885e-01 dt=5.644723e-05
elapsed=7.012404e+03 cycle=6269 time=3.602450e-01 dt=5.644666e-05
elapsed=7.013376e+03 cycle=6270 time=3.603014e-01 dt=5.644610e-05
elapsed=7.014358e+03 cycle=6271 time=3.603579e-01 dt=5.644553e-05
elapsed=7.015323e+03 cycle=6272 time=3.604143e-01 dt=5.644497e-05
elapsed=7.016304e+03 cycle=6273 time=3.604708e-01 dt=5.644414e-05
elapsed=7.017251e+03 cycle=6274 time=3.605272e-01 dt=5.644281e-05
elapsed=7.018217e+03 cycle=6275 time=3.605836e-01 dt=5.644148e-05
elapsed=7.019178e+03 cycle=6276 time=3.606401e-01 dt=5.644015e-05
elapsed=7.020145e+03 cycle=6277 time=3.606965e-01 dt=5.643882e-05
elapsed=7.021126e+03 cycle=6278 time=3.607530e-01 dt=5.643749e-05
elapsed=7.022087e+03 cycle=6279 time=3.608094e-01 dt=5.643616e-05
elapsed=7.023034e+03 cycle=6280 time=3.608658e-01 dt=5.643483e-05
elapsed=7.023998e+03 cycle=6281 time=3.609223e-01 dt=5.643350e-05
elapsed=7.024960e+03 cycle=6282 time=3.609787e-01 dt=5.643218e-05
elapsed=7.025906e+03 cycle=6283 time=3.610351e-01 dt=5.643084e-05
elapsed=7.026887e+03 cycle=6284 time=3.610916e-01 dt=5.642950e-05
elapsed=7.027852e+03 cycle=6285 time=3.611480e-01 dt=5.642816e-05
elapsed=7.028823e+03 cycle=6286 time=3.612044e-01 dt=5.642681e-05
[Tue Dec 30 07:51:58 EST 2025] Found 11 bin files, deleting 1 oldest...
elapsed=7.029771e+03 cycle=6287 time=3.612609e-01 dt=5.642544e-05
[Tue Dec 30 07:52:00 EST 2025] Kept 10 most recent bin files.
elapsed=7.030734e+03 cycle=6288 time=3.613173e-01 dt=5.642408e-05
elapsed=7.031717e+03 cycle=6289 time=3.613737e-01 dt=5.642273e-05
elapsed=7.032683e+03 cycle=6290 time=3.614301e-01 dt=5.642138e-05
elapsed=7.033633e+03 cycle=6291 time=3.614866e-01 dt=5.642005e-05
elapsed=7.034581e+03 cycle=6292 time=3.615430e-01 dt=5.641871e-05
elapsed=7.035547e+03 cycle=6293 time=3.615994e-01 dt=5.641740e-05
elapsed=7.036532e+03 cycle=6294 time=3.616558e-01 dt=5.641611e-05
elapsed=7.037499e+03 cycle=6295 time=3.617122e-01 dt=5.641482e-05
elapsed=7.038467e+03 cycle=6296 time=3.617686e-01 dt=5.641354e-05
elapsed=7.039436e+03 cycle=6297 time=3.618251e-01 dt=5.641226e-05
elapsed=7.040403e+03 cycle=6298 time=3.618815e-01 dt=5.641098e-05
elapsed=7.041388e+03 cycle=6299 time=3.619379e-01 dt=5.640970e-05
elapsed=7.042353e+03 cycle=6300 time=3.619943e-01 dt=5.640843e-05
elapsed=7.043335e+03 cycle=6301 time=3.620507e-01 dt=5.640716e-05
elapsed=7.044302e+03 cycle=6302 time=3.621071e-01 dt=5.640589e-05
elapsed=7.045269e+03 cycle=6303 time=3.621635e-01 dt=5.640463e-05
elapsed=7.046248e+03 cycle=6304 time=3.622199e-01 dt=5.640336e-05
elapsed=7.047196e+03 cycle=6305 time=3.622763e-01 dt=5.640210e-05
elapsed=7.048159e+03 cycle=6306 time=3.623327e-01 dt=5.640085e-05
elapsed=7.049127e+03 cycle=6307 time=3.623891e-01 dt=5.639962e-05
elapsed=7.050076e+03 cycle=6308 time=3.624455e-01 dt=5.639838e-05
elapsed=7.051057e+03 cycle=6309 time=3.625019e-01 dt=5.639714e-05
elapsed=7.052007e+03 cycle=6310 time=3.625583e-01 dt=5.639590e-05
elapsed=7.052969e+03 cycle=6311 time=3.626147e-01 dt=5.639465e-05
elapsed=7.053931e+03 cycle=6312 time=3.626711e-01 dt=5.639341e-05
elapsed=7.054891e+03 cycle=6313 time=3.627275e-01 dt=5.639216e-05
elapsed=7.055858e+03 cycle=6314 time=3.627839e-01 dt=5.639089e-05
elapsed=7.056807e+03 cycle=6315 time=3.628403e-01 dt=5.638960e-05
elapsed=7.057787e+03 cycle=6316 time=3.628967e-01 dt=5.638832e-05
elapsed=7.058753e+03 cycle=6317 time=3.629531e-01 dt=5.638705e-05
elapsed=7.059699e+03 cycle=6318 time=3.630094e-01 dt=5.638577e-05
elapsed=7.060679e+03 cycle=6319 time=3.630658e-01 dt=5.638450e-05
elapsed=7.061645e+03 cycle=6320 time=3.631222e-01 dt=5.638322e-05
elapsed=7.062593e+03 cycle=6321 time=3.631786e-01 dt=5.638195e-05
elapsed=7.063542e+03 cycle=6322 time=3.632350e-01 dt=5.638068e-05
elapsed=7.064492e+03 cycle=6323 time=3.632914e-01 dt=5.637942e-05
elapsed=7.065453e+03 cycle=6324 time=3.633477e-01 dt=5.637817e-05
elapsed=7.066567e+03 cycle=6325 time=3.634041e-01 dt=5.637692e-05
elapsed=7.067533e+03 cycle=6326 time=3.634605e-01 dt=5.637566e-05
elapsed=7.068481e+03 cycle=6327 time=3.635169e-01 dt=5.637440e-05
elapsed=7.069460e+03 cycle=6328 time=3.635732e-01 dt=5.637314e-05
elapsed=7.070408e+03 cycle=6329 time=3.636296e-01 dt=5.637188e-05
elapsed=7.071356e+03 cycle=6330 time=3.636860e-01 dt=5.637063e-05
elapsed=7.072321e+03 cycle=6331 time=3.637424e-01 dt=5.636942e-05
elapsed=7.073270e+03 cycle=6332 time=3.637987e-01 dt=5.636822e-05
elapsed=7.074235e+03 cycle=6333 time=3.638551e-01 dt=5.636702e-05
elapsed=7.075216e+03 cycle=6334 time=3.639115e-01 dt=5.636581e-05
elapsed=7.076195e+03 cycle=6335 time=3.639678e-01 dt=5.636461e-05
elapsed=7.077156e+03 cycle=6336 time=3.640242e-01 dt=5.636341e-05
elapsed=7.078104e+03 cycle=6337 time=3.640806e-01 dt=5.636221e-05
elapsed=7.079086e+03 cycle=6338 time=3.641369e-01 dt=5.636101e-05
elapsed=7.080065e+03 cycle=6339 time=3.641933e-01 dt=5.635981e-05
elapsed=7.081025e+03 cycle=6340 time=3.642496e-01 dt=5.635862e-05
elapsed=7.081974e+03 cycle=6341 time=3.643060e-01 dt=5.635744e-05
elapsed=7.082937e+03 cycle=6342 time=3.643624e-01 dt=5.635628e-05
elapsed=7.083884e+03 cycle=6343 time=3.644187e-01 dt=5.635512e-05
elapsed=7.084851e+03 cycle=6344 time=3.644751e-01 dt=5.635396e-05
elapsed=7.085943e+03 cycle=6345 time=3.645314e-01 dt=5.635280e-05
elapsed=7.086889e+03 cycle=6346 time=3.645878e-01 dt=5.635164e-05
elapsed=7.087856e+03 cycle=6347 time=3.646441e-01 dt=5.635048e-05
elapsed=7.088822e+03 cycle=6348 time=3.647005e-01 dt=5.634932e-05
elapsed=7.089771e+03 cycle=6349 time=3.647568e-01 dt=5.634816e-05
elapsed=7.090887e+03 cycle=6350 time=3.648132e-01 dt=5.634701e-05
elapsed=7.091851e+03 cycle=6351 time=3.648695e-01 dt=5.634585e-05
elapsed=7.092837e+03 cycle=6352 time=3.649259e-01 dt=5.634469e-05
elapsed=7.093799e+03 cycle=6353 time=3.649822e-01 dt=5.634352e-05
elapsed=7.094783e+03 cycle=6354 time=3.650386e-01 dt=5.634235e-05
elapsed=7.095772e+03 cycle=6355 time=3.650949e-01 dt=5.634118e-05
elapsed=7.096738e+03 cycle=6356 time=3.651512e-01 dt=5.634003e-05
elapsed=7.097684e+03 cycle=6357 time=3.652076e-01 dt=5.633889e-05
elapsed=7.098664e+03 cycle=6358 time=3.652639e-01 dt=5.633774e-05
elapsed=7.099649e+03 cycle=6359 time=3.653203e-01 dt=5.633658e-05
elapsed=7.100614e+03 cycle=6360 time=3.653766e-01 dt=5.633541e-05
elapsed=7.101580e+03 cycle=6361 time=3.654329e-01 dt=5.633423e-05
elapsed=7.102529e+03 cycle=6362 time=3.654893e-01 dt=5.633305e-05
elapsed=7.103497e+03 cycle=6363 time=3.655456e-01 dt=5.633188e-05
elapsed=7.104463e+03 cycle=6364 time=3.656019e-01 dt=5.633070e-05
elapsed=7.105428e+03 cycle=6365 time=3.656583e-01 dt=5.632952e-05
elapsed=7.106408e+03 cycle=6366 time=3.657146e-01 dt=5.632835e-05
elapsed=7.107373e+03 cycle=6367 time=3.657709e-01 dt=5.632716e-05
elapsed=7.108337e+03 cycle=6368 time=3.658272e-01 dt=5.632598e-05
elapsed=7.109430e+03 cycle=6369 time=3.658836e-01 dt=5.632480e-05
elapsed=7.110392e+03 cycle=6370 time=3.659399e-01 dt=5.632363e-05
elapsed=7.111353e+03 cycle=6371 time=3.659962e-01 dt=5.632247e-05
elapsed=7.112315e+03 cycle=6372 time=3.660525e-01 dt=5.632132e-05
elapsed=7.113426e+03 cycle=6373 time=3.661089e-01 dt=5.632017e-05
elapsed=7.114394e+03 cycle=6374 time=3.661652e-01 dt=5.631901e-05
elapsed=7.115340e+03 cycle=6375 time=3.662215e-01 dt=5.631786e-05
elapsed=7.116302e+03 cycle=6376 time=3.662778e-01 dt=5.631671e-05
elapsed=7.117270e+03 cycle=6377 time=3.663341e-01 dt=5.631556e-05
elapsed=7.118217e+03 cycle=6378 time=3.663905e-01 dt=5.631441e-05
elapsed=7.119184e+03 cycle=6379 time=3.664468e-01 dt=5.631327e-05
elapsed=7.120147e+03 cycle=6380 time=3.665031e-01 dt=5.631215e-05
elapsed=7.121119e+03 cycle=6381 time=3.665594e-01 dt=5.631103e-05
elapsed=7.122088e+03 cycle=6382 time=3.666157e-01 dt=5.630992e-05
elapsed=7.123054e+03 cycle=6383 time=3.666720e-01 dt=5.630883e-05
elapsed=7.124016e+03 cycle=6384 time=3.667283e-01 dt=5.630774e-05
elapsed=7.124980e+03 cycle=6385 time=3.667846e-01 dt=5.630664e-05
elapsed=7.125946e+03 cycle=6386 time=3.668409e-01 dt=5.630554e-05
elapsed=7.126908e+03 cycle=6387 time=3.668972e-01 dt=5.630444e-05
elapsed=7.127869e+03 cycle=6388 time=3.669535e-01 dt=5.630335e-05
elapsed=7.128817e+03 cycle=6389 time=3.670098e-01 dt=5.630227e-05
elapsed=7.129911e+03 cycle=6390 time=3.670662e-01 dt=5.630119e-05
elapsed=7.130855e+03 cycle=6391 time=3.671225e-01 dt=5.630011e-05
elapsed=7.131838e+03 cycle=6392 time=3.671788e-01 dt=5.629904e-05
elapsed=7.132804e+03 cycle=6393 time=3.672351e-01 dt=5.629799e-05
elapsed=7.133756e+03 cycle=6394 time=3.672913e-01 dt=5.629695e-05
elapsed=7.134700e+03 cycle=6395 time=3.673476e-01 dt=5.629592e-05
elapsed=7.135667e+03 cycle=6396 time=3.674039e-01 dt=5.629488e-05
elapsed=7.136636e+03 cycle=6397 time=3.674602e-01 dt=5.629384e-05
elapsed=7.137726e+03 cycle=6398 time=3.675165e-01 dt=5.629279e-05
elapsed=7.138710e+03 cycle=6399 time=3.675728e-01 dt=5.629175e-05
elapsed=7.139690e+03 cycle=6400 time=3.676291e-01 dt=5.629071e-05
elapsed=7.140636e+03 cycle=6401 time=3.676854e-01 dt=5.628969e-05
elapsed=7.141582e+03 cycle=6402 time=3.677417e-01 dt=5.628865e-05
elapsed=7.142529e+03 cycle=6403 time=3.677980e-01 dt=5.628762e-05
elapsed=7.143478e+03 cycle=6404 time=3.678543e-01 dt=5.628662e-05
elapsed=7.144589e+03 cycle=6405 time=3.679106e-01 dt=5.628564e-05
elapsed=7.145569e+03 cycle=6406 time=3.679668e-01 dt=5.628467e-05
elapsed=7.146661e+03 cycle=6407 time=3.680231e-01 dt=5.628372e-05
elapsed=7.147633e+03 cycle=6408 time=3.680794e-01 dt=5.628278e-05
elapsed=7.148599e+03 cycle=6409 time=3.681357e-01 dt=5.628184e-05
elapsed=7.149562e+03 cycle=6410 time=3.681920e-01 dt=5.628089e-05
elapsed=7.150543e+03 cycle=6411 time=3.682483e-01 dt=5.627994e-05
elapsed=7.151510e+03 cycle=6412 time=3.683045e-01 dt=5.627899e-05
elapsed=7.152475e+03 cycle=6413 time=3.683608e-01 dt=5.627803e-05
elapsed=7.153456e+03 cycle=6414 time=3.684171e-01 dt=5.627707e-05
elapsed=7.154445e+03 cycle=6415 time=3.684734e-01 dt=5.627613e-05
elapsed=7.155406e+03 cycle=6416 time=3.685296e-01 dt=5.627519e-05
elapsed=7.156367e+03 cycle=6417 time=3.685859e-01 dt=5.627426e-05
elapsed=7.157328e+03 cycle=6418 time=3.686422e-01 dt=5.627334e-05
elapsed=7.158294e+03 cycle=6419 time=3.686985e-01 dt=5.627241e-05
elapsed=7.159260e+03 cycle=6420 time=3.687547e-01 dt=5.627148e-05
elapsed=7.160207e+03 cycle=6421 time=3.688110e-01 dt=5.627057e-05
elapsed=7.161156e+03 cycle=6422 time=3.688673e-01 dt=5.626965e-05
elapsed=7.162103e+03 cycle=6423 time=3.689236e-01 dt=5.626874e-05
elapsed=7.163052e+03 cycle=6424 time=3.689798e-01 dt=5.626784e-05
elapsed=7.164025e+03 cycle=6425 time=3.690361e-01 dt=5.626695e-05
elapsed=7.164989e+03 cycle=6426 time=3.690924e-01 dt=5.626606e-05
elapsed=7.165970e+03 cycle=6427 time=3.691486e-01 dt=5.626518e-05
elapsed=7.166920e+03 cycle=6428 time=3.692049e-01 dt=5.626432e-05
elapsed=7.167884e+03 cycle=6429 time=3.692612e-01 dt=5.626346e-05
elapsed=7.168866e+03 cycle=6430 time=3.693174e-01 dt=5.626260e-05
elapsed=7.169845e+03 cycle=6431 time=3.693737e-01 dt=5.626174e-05
elapsed=7.170827e+03 cycle=6432 time=3.694299e-01 dt=5.626089e-05
elapsed=7.171776e+03 cycle=6433 time=3.694862e-01 dt=5.626003e-05
elapsed=7.172742e+03 cycle=6434 time=3.695425e-01 dt=5.625918e-05
elapsed=7.173708e+03 cycle=6435 time=3.695987e-01 dt=5.625832e-05
elapsed=7.174689e+03 cycle=6436 time=3.696550e-01 dt=5.625747e-05
elapsed=7.175634e+03 cycle=6437 time=3.697112e-01 dt=5.625661e-05
elapsed=7.176613e+03 cycle=6438 time=3.697675e-01 dt=5.625576e-05
elapsed=7.177581e+03 cycle=6439 time=3.698238e-01 dt=5.625490e-05
elapsed=7.178542e+03 cycle=6440 time=3.698800e-01 dt=5.625404e-05
elapsed=7.179527e+03 cycle=6441 time=3.699363e-01 dt=5.625318e-05
elapsed=7.180620e+03 cycle=6442 time=3.699925e-01 dt=5.625232e-05
elapsed=7.199660e+03 cycle=6443 time=3.700488e-01 dt=5.625146e-05
elapsed=7.200626e+03 cycle=6444 time=3.701050e-01 dt=5.625060e-05
elapsed=7.201576e+03 cycle=6445 time=3.701613e-01 dt=5.624973e-05
elapsed=7.202542e+03 cycle=6446 time=3.702175e-01 dt=5.624885e-05
elapsed=7.203511e+03 cycle=6447 time=3.702738e-01 dt=5.624797e-05
elapsed=7.204471e+03 cycle=6448 time=3.703300e-01 dt=5.624709e-05
elapsed=7.205420e+03 cycle=6449 time=3.703863e-01 dt=5.624622e-05
elapsed=7.206380e+03 cycle=6450 time=3.704425e-01 dt=5.624535e-05
elapsed=7.207346e+03 cycle=6451 time=3.704988e-01 dt=5.624447e-05
elapsed=7.208309e+03 cycle=6452 time=3.705550e-01 dt=5.624360e-05
elapsed=7.209276e+03 cycle=6453 time=3.706112e-01 dt=5.624272e-05
elapsed=7.210237e+03 cycle=6454 time=3.706675e-01 dt=5.624185e-05
[Tue Dec 30 07:55:00 EST 2025] Found 11 bin files, deleting 1 oldest...
elapsed=7.211203e+03 cycle=6455 time=3.707237e-01 dt=5.624097e-05
elapsed=7.212182e+03 cycle=6456 time=3.707800e-01 dt=5.624011e-05
[Tue Dec 30 07:55:02 EST 2025] Kept 10 most recent bin files.
elapsed=7.213292e+03 cycle=6457 time=3.708362e-01 dt=5.623924e-05
elapsed=7.214253e+03 cycle=6458 time=3.708924e-01 dt=5.623836e-05
elapsed=7.215232e+03 cycle=6459 time=3.709487e-01 dt=5.623749e-05
elapsed=7.216212e+03 cycle=6460 time=3.710049e-01 dt=5.623661e-05
elapsed=7.217180e+03 cycle=6461 time=3.710612e-01 dt=5.623572e-05
elapsed=7.218159e+03 cycle=6462 time=3.711174e-01 dt=5.623483e-05
elapsed=7.219107e+03 cycle=6463 time=3.711736e-01 dt=5.623393e-05
elapsed=7.220053e+03 cycle=6464 time=3.712299e-01 dt=5.623303e-05
elapsed=7.221001e+03 cycle=6465 time=3.712861e-01 dt=5.623213e-05
elapsed=7.221964e+03 cycle=6466 time=3.713423e-01 dt=5.623122e-05
elapsed=7.222913e+03 cycle=6467 time=3.713986e-01 dt=5.623033e-05
elapsed=7.223861e+03 cycle=6468 time=3.714548e-01 dt=5.622943e-05
elapsed=7.224841e+03 cycle=6469 time=3.715110e-01 dt=5.622853e-05
elapsed=7.225807e+03 cycle=6470 time=3.715672e-01 dt=5.622763e-05
elapsed=7.226752e+03 cycle=6471 time=3.716235e-01 dt=5.622673e-05
elapsed=7.227714e+03 cycle=6472 time=3.716797e-01 dt=5.622582e-05
elapsed=7.228824e+03 cycle=6473 time=3.717359e-01 dt=5.622491e-05
elapsed=7.229803e+03 cycle=6474 time=3.717922e-01 dt=5.622401e-05
elapsed=7.230749e+03 cycle=6475 time=3.718484e-01 dt=5.622310e-05
elapsed=7.231728e+03 cycle=6476 time=3.719046e-01 dt=5.622220e-05
elapsed=7.232676e+03 cycle=6477 time=3.719608e-01 dt=5.622131e-05
elapsed=7.233656e+03 cycle=6478 time=3.720170e-01 dt=5.622042e-05
elapsed=7.234634e+03 cycle=6479 time=3.720733e-01 dt=5.621954e-05
elapsed=7.235600e+03 cycle=6480 time=3.721295e-01 dt=5.621865e-05
elapsed=7.236547e+03 cycle=6481 time=3.721857e-01 dt=5.621777e-05
elapsed=7.237509e+03 cycle=6482 time=3.722419e-01 dt=5.621689e-05
elapsed=7.238456e+03 cycle=6483 time=3.722981e-01 dt=5.621602e-05
elapsed=7.239551e+03 cycle=6484 time=3.723544e-01 dt=5.621516e-05
elapsed=7.240497e+03 cycle=6485 time=3.724106e-01 dt=5.621430e-05
elapsed=7.241476e+03 cycle=6486 time=3.724668e-01 dt=5.621345e-05
elapsed=7.242443e+03 cycle=6487 time=3.725230e-01 dt=5.621259e-05
elapsed=7.243411e+03 cycle=6488 time=3.725792e-01 dt=5.621173e-05
elapsed=7.244356e+03 cycle=6489 time=3.726354e-01 dt=5.621087e-05
elapsed=7.245339e+03 cycle=6490 time=3.726916e-01 dt=5.621001e-05
elapsed=7.246286e+03 cycle=6491 time=3.727478e-01 dt=5.620915e-05
elapsed=7.247234e+03 cycle=6492 time=3.728040e-01 dt=5.620831e-05
elapsed=7.248201e+03 cycle=6493 time=3.728603e-01 dt=5.620745e-05
elapsed=7.249167e+03 cycle=6494 time=3.729165e-01 dt=5.620659e-05
elapsed=7.250147e+03 cycle=6495 time=3.729727e-01 dt=5.620574e-05
elapsed=7.251095e+03 cycle=6496 time=3.730289e-01 dt=5.620488e-05
elapsed=7.252076e+03 cycle=6497 time=3.730851e-01 dt=5.620403e-05
elapsed=7.253056e+03 cycle=6498 time=3.731413e-01 dt=5.620318e-05
elapsed=7.254023e+03 cycle=6499 time=3.731975e-01 dt=5.620234e-05
elapsed=7.255116e+03 cycle=6500 time=3.732537e-01 dt=5.620151e-05
elapsed=7.256064e+03 cycle=6501 time=3.733099e-01 dt=5.620071e-05
elapsed=7.257046e+03 cycle=6502 time=3.733661e-01 dt=5.619990e-05
elapsed=7.258031e+03 cycle=6503 time=3.734223e-01 dt=5.619912e-05
elapsed=7.258999e+03 cycle=6504 time=3.734785e-01 dt=5.619836e-05
elapsed=7.259984e+03 cycle=6505 time=3.735347e-01 dt=5.619763e-05
elapsed=7.260963e+03 cycle=6506 time=3.735909e-01 dt=5.619690e-05
elapsed=7.261929e+03 cycle=6507 time=3.736471e-01 dt=5.619617e-05
elapsed=7.262893e+03 cycle=6508 time=3.737033e-01 dt=5.619543e-05
elapsed=7.263858e+03 cycle=6509 time=3.737595e-01 dt=5.619470e-05
elapsed=7.264804e+03 cycle=6510 time=3.738157e-01 dt=5.619396e-05
elapsed=7.265915e+03 cycle=6511 time=3.738719e-01 dt=5.619323e-05
elapsed=7.266860e+03 cycle=6512 time=3.739281e-01 dt=5.619251e-05
elapsed=7.267840e+03 cycle=6513 time=3.739843e-01 dt=5.619179e-05
elapsed=7.268819e+03 cycle=6514 time=3.740404e-01 dt=5.619109e-05
elapsed=7.269799e+03 cycle=6515 time=3.740966e-01 dt=5.619039e-05
elapsed=7.270746e+03 cycle=6516 time=3.741528e-01 dt=5.618970e-05
elapsed=7.271714e+03 cycle=6517 time=3.742090e-01 dt=5.618901e-05
elapsed=7.272809e+03 cycle=6518 time=3.742652e-01 dt=5.618831e-05
elapsed=7.273760e+03 cycle=6519 time=3.743214e-01 dt=5.618761e-05
elapsed=7.274739e+03 cycle=6520 time=3.743776e-01 dt=5.618691e-05
elapsed=7.275704e+03 cycle=6521 time=3.744338e-01 dt=5.618621e-05
elapsed=7.276673e+03 cycle=6522 time=3.744900e-01 dt=5.618551e-05
elapsed=7.277640e+03 cycle=6523 time=3.745461e-01 dt=5.618482e-05
elapsed=7.278609e+03 cycle=6524 time=3.746023e-01 dt=5.618414e-05
elapsed=7.279575e+03 cycle=6525 time=3.746585e-01 dt=5.618346e-05
elapsed=7.280541e+03 cycle=6526 time=3.747147e-01 dt=5.618278e-05
elapsed=7.281522e+03 cycle=6527 time=3.747709e-01 dt=5.618209e-05
elapsed=7.282505e+03 cycle=6528 time=3.748271e-01 dt=5.618142e-05
elapsed=7.283468e+03 cycle=6529 time=3.748832e-01 dt=5.618077e-05
elapsed=7.284452e+03 cycle=6530 time=3.749394e-01 dt=5.618011e-05
elapsed=7.285414e+03 cycle=6531 time=3.749956e-01 dt=5.617945e-05
elapsed=7.286382e+03 cycle=6532 time=3.750518e-01 dt=5.617878e-05
elapsed=7.287350e+03 cycle=6533 time=3.751080e-01 dt=5.617812e-05
elapsed=7.288297e+03 cycle=6534 time=3.751641e-01 dt=5.617745e-05
elapsed=7.289257e+03 cycle=6535 time=3.752203e-01 dt=5.617678e-05
elapsed=7.290349e+03 cycle=6536 time=3.752765e-01 dt=5.617612e-05
elapsed=7.291310e+03 cycle=6537 time=3.753327e-01 dt=5.617545e-05
elapsed=7.292277e+03 cycle=6538 time=3.753888e-01 dt=5.617479e-05
elapsed=7.293239e+03 cycle=6539 time=3.754450e-01 dt=5.617412e-05
elapsed=7.294188e+03 cycle=6540 time=3.755012e-01 dt=5.617343e-05
elapsed=7.295160e+03 cycle=6541 time=3.755574e-01 dt=5.617274e-05
elapsed=7.296120e+03 cycle=6542 time=3.756135e-01 dt=5.617206e-05
elapsed=7.297099e+03 cycle=6543 time=3.756697e-01 dt=5.617138e-05
elapsed=7.298048e+03 cycle=6544 time=3.757259e-01 dt=5.617069e-05
elapsed=7.299009e+03 cycle=6545 time=3.757820e-01 dt=5.617001e-05
elapsed=7.299959e+03 cycle=6546 time=3.758382e-01 dt=5.616933e-05
elapsed=7.301069e+03 cycle=6547 time=3.758944e-01 dt=5.616865e-05
elapsed=7.302049e+03 cycle=6548 time=3.759506e-01 dt=5.616797e-05
elapsed=7.303030e+03 cycle=6549 time=3.760067e-01 dt=5.616730e-05
elapsed=7.303993e+03 cycle=6550 time=3.760629e-01 dt=5.616663e-05
elapsed=7.305084e+03 cycle=6551 time=3.761191e-01 dt=5.616597e-05
elapsed=7.306063e+03 cycle=6552 time=3.761752e-01 dt=5.616530e-05
elapsed=7.307027e+03 cycle=6553 time=3.762314e-01 dt=5.616463e-05
elapsed=7.308137e+03 cycle=6554 time=3.762876e-01 dt=5.616395e-05
elapsed=7.309086e+03 cycle=6555 time=3.763437e-01 dt=5.616327e-05
elapsed=7.310053e+03 cycle=6556 time=3.763999e-01 dt=5.616259e-05
elapsed=7.311014e+03 cycle=6557 time=3.764560e-01 dt=5.616191e-05
elapsed=7.311961e+03 cycle=6558 time=3.765122e-01 dt=5.616124e-05
elapsed=7.313070e+03 cycle=6559 time=3.765684e-01 dt=5.616057e-05
elapsed=7.314050e+03 cycle=6560 time=3.766245e-01 dt=5.615991e-05
elapsed=7.314997e+03 cycle=6561 time=3.766807e-01 dt=5.615925e-05
elapsed=7.315977e+03 cycle=6562 time=3.767368e-01 dt=5.615858e-05
elapsed=7.316923e+03 cycle=6563 time=3.767930e-01 dt=5.615792e-05
elapsed=7.317884e+03 cycle=6564 time=3.768492e-01 dt=5.615727e-05
elapsed=7.318850e+03 cycle=6565 time=3.769053e-01 dt=5.615662e-05
elapsed=7.319812e+03 cycle=6566 time=3.769615e-01 dt=5.615598e-05
elapsed=7.320796e+03 cycle=6567 time=3.770176e-01 dt=5.615534e-05
elapsed=7.321744e+03 cycle=6568 time=3.770738e-01 dt=5.615468e-05
elapsed=7.322692e+03 cycle=6569 time=3.771299e-01 dt=5.615403e-05
elapsed=7.323677e+03 cycle=6570 time=3.771861e-01 dt=5.615340e-05
elapsed=7.324658e+03 cycle=6571 time=3.772423e-01 dt=5.615277e-05
elapsed=7.325607e+03 cycle=6572 time=3.772984e-01 dt=5.615215e-05
elapsed=7.326569e+03 cycle=6573 time=3.773546e-01 dt=5.615152e-05
elapsed=7.327549e+03 cycle=6574 time=3.774107e-01 dt=5.615091e-05
elapsed=7.328498e+03 cycle=6575 time=3.774669e-01 dt=5.615030e-05
elapsed=7.329608e+03 cycle=6576 time=3.775230e-01 dt=5.614969e-05
elapsed=7.330570e+03 cycle=6577 time=3.775792e-01 dt=5.614909e-05
elapsed=7.331517e+03 cycle=6578 time=3.776353e-01 dt=5.614848e-05
elapsed=7.332497e+03 cycle=6579 time=3.776915e-01 dt=5.614790e-05
elapsed=7.333458e+03 cycle=6580 time=3.777476e-01 dt=5.614732e-05
elapsed=7.334419e+03 cycle=6581 time=3.778038e-01 dt=5.614676e-05
elapsed=7.335398e+03 cycle=6582 time=3.778599e-01 dt=5.614620e-05
elapsed=7.336364e+03 cycle=6583 time=3.779160e-01 dt=5.614564e-05
elapsed=7.337345e+03 cycle=6584 time=3.779722e-01 dt=5.614507e-05
elapsed=7.338292e+03 cycle=6585 time=3.780283e-01 dt=5.614451e-05
elapsed=7.339242e+03 cycle=6586 time=3.780845e-01 dt=5.614395e-05
elapsed=7.340203e+03 cycle=6587 time=3.781406e-01 dt=5.614340e-05
elapsed=7.341150e+03 cycle=6588 time=3.781968e-01 dt=5.614284e-05
elapsed=7.342129e+03 cycle=6589 time=3.782529e-01 dt=5.614227e-05
elapsed=7.343112e+03 cycle=6590 time=3.783091e-01 dt=5.614170e-05
elapsed=7.344093e+03 cycle=6591 time=3.783652e-01 dt=5.614111e-05
elapsed=7.345059e+03 cycle=6592 time=3.784213e-01 dt=5.614053e-05
elapsed=7.346028e+03 cycle=6593 time=3.784775e-01 dt=5.613995e-05
elapsed=7.346993e+03 cycle=6594 time=3.785336e-01 dt=5.613935e-05
elapsed=7.347961e+03 cycle=6595 time=3.785898e-01 dt=5.613875e-05
elapsed=7.348924e+03 cycle=6596 time=3.786459e-01 dt=5.613815e-05
elapsed=7.349905e+03 cycle=6597 time=3.787020e-01 dt=5.613755e-05
elapsed=7.350850e+03 cycle=6598 time=3.787582e-01 dt=5.613695e-05
elapsed=7.351817e+03 cycle=6599 time=3.788143e-01 dt=5.613634e-05
elapsed=7.352766e+03 cycle=6600 time=3.788704e-01 dt=5.613574e-05
elapsed=7.353730e+03 cycle=6601 time=3.789266e-01 dt=5.613511e-05
elapsed=7.354841e+03 cycle=6602 time=3.789827e-01 dt=5.613447e-05
elapsed=7.355822e+03 cycle=6603 time=3.790388e-01 dt=5.613383e-05
elapsed=7.356801e+03 cycle=6604 time=3.790950e-01 dt=5.613318e-05
elapsed=7.357762e+03 cycle=6605 time=3.791511e-01 dt=5.613254e-05
elapsed=7.358732e+03 cycle=6606 time=3.792072e-01 dt=5.613189e-05
elapsed=7.359712e+03 cycle=6607 time=3.792634e-01 dt=5.613124e-05
elapsed=7.360805e+03 cycle=6608 time=3.793195e-01 dt=5.613059e-05
elapsed=7.361755e+03 cycle=6609 time=3.793756e-01 dt=5.612994e-05
elapsed=7.362740e+03 cycle=6610 time=3.794318e-01 dt=5.612929e-05
elapsed=7.363700e+03 cycle=6611 time=3.794879e-01 dt=5.612864e-05
elapsed=7.364649e+03 cycle=6612 time=3.795440e-01 dt=5.612799e-05
elapsed=7.365611e+03 cycle=6613 time=3.796002e-01 dt=5.612733e-05
elapsed=7.366574e+03 cycle=6614 time=3.796563e-01 dt=5.612666e-05
elapsed=7.367524e+03 cycle=6615 time=3.797124e-01 dt=5.612599e-05
elapsed=7.368487e+03 cycle=6616 time=3.797685e-01 dt=5.612533e-05
elapsed=7.369597e+03 cycle=6617 time=3.798247e-01 dt=5.612466e-05
elapsed=7.370566e+03 cycle=6618 time=3.798808e-01 dt=5.612399e-05
elapsed=7.371531e+03 cycle=6619 time=3.799369e-01 dt=5.612332e-05
elapsed=7.372498e+03 cycle=6620 time=3.799930e-01 dt=5.612266e-05
elapsed=7.392240e+03 cycle=6621 time=3.800492e-01 dt=5.612201e-05
[Tue Dec 30 07:58:02 EST 2025] Found 11 bin files, deleting 1 oldest...
elapsed=7.393191e+03 cycle=6622 time=3.801053e-01 dt=5.612136e-05
elapsed=7.394155e+03 cycle=6623 time=3.801614e-01 dt=5.612070e-05
[Tue Dec 30 07:58:04 EST 2025] Kept 10 most recent bin files.
elapsed=7.395115e+03 cycle=6624 time=3.802175e-01 dt=5.612006e-05
elapsed=7.396093e+03 cycle=6625 time=3.802736e-01 dt=5.611940e-05
elapsed=7.397060e+03 cycle=6626 time=3.803298e-01 dt=5.611874e-05
elapsed=7.398041e+03 cycle=6627 time=3.803859e-01 dt=5.611809e-05
elapsed=7.399007e+03 cycle=6628 time=3.804420e-01 dt=5.611747e-05
elapsed=7.399956e+03 cycle=6629 time=3.804981e-01 dt=5.611684e-05
elapsed=7.400946e+03 cycle=6630 time=3.805542e-01 dt=5.611620e-05
elapsed=7.401928e+03 cycle=6631 time=3.806103e-01 dt=5.611555e-05
elapsed=7.402907e+03 cycle=6632 time=3.806665e-01 dt=5.611490e-05
elapsed=7.403891e+03 cycle=6633 time=3.807226e-01 dt=5.611426e-05
elapsed=7.404856e+03 cycle=6634 time=3.807787e-01 dt=5.611363e-05
elapsed=7.405801e+03 cycle=6635 time=3.808348e-01 dt=5.611300e-05
elapsed=7.406779e+03 cycle=6636 time=3.808909e-01 dt=5.611237e-05
elapsed=7.407728e+03 cycle=6637 time=3.809470e-01 dt=5.611173e-05
elapsed=7.408689e+03 cycle=6638 time=3.810031e-01 dt=5.611109e-05
elapsed=7.409635e+03 cycle=6639 time=3.810593e-01 dt=5.611044e-05
elapsed=7.410596e+03 cycle=6640 time=3.811154e-01 dt=5.610980e-05
elapsed=7.411564e+03 cycle=6641 time=3.811715e-01 dt=5.610916e-05
elapsed=7.412529e+03 cycle=6642 time=3.812276e-01 dt=5.610851e-05
elapsed=7.413511e+03 cycle=6643 time=3.812837e-01 dt=5.610784e-05
elapsed=7.414461e+03 cycle=6644 time=3.813398e-01 dt=5.610715e-05
elapsed=7.415422e+03 cycle=6645 time=3.813959e-01 dt=5.610646e-05
elapsed=7.416402e+03 cycle=6646 time=3.814520e-01 dt=5.610577e-05
elapsed=7.417382e+03 cycle=6647 time=3.815081e-01 dt=5.610510e-05
elapsed=7.418348e+03 cycle=6648 time=3.815642e-01 dt=5.610442e-05
elapsed=7.419321e+03 cycle=6649 time=3.816203e-01 dt=5.610375e-05
elapsed=7.420290e+03 cycle=6650 time=3.816764e-01 dt=5.610307e-05
elapsed=7.421258e+03 cycle=6651 time=3.817325e-01 dt=5.610240e-05
elapsed=7.422203e+03 cycle=6652 time=3.817886e-01 dt=5.610173e-05
elapsed=7.423296e+03 cycle=6653 time=3.818447e-01 dt=5.610105e-05
elapsed=7.424258e+03 cycle=6654 time=3.819008e-01 dt=5.610037e-05
elapsed=7.425228e+03 cycle=6655 time=3.819569e-01 dt=5.609969e-05
elapsed=7.426177e+03 cycle=6656 time=3.820130e-01 dt=5.609900e-05
elapsed=7.427160e+03 cycle=6657 time=3.820691e-01 dt=5.609828e-05
elapsed=7.428141e+03 cycle=6658 time=3.821252e-01 dt=5.609756e-05
elapsed=7.429104e+03 cycle=6659 time=3.821813e-01 dt=5.609683e-05
elapsed=7.430070e+03 cycle=6660 time=3.822374e-01 dt=5.609609e-05
elapsed=7.431016e+03 cycle=6661 time=3.822935e-01 dt=5.609535e-05
elapsed=7.432109e+03 cycle=6662 time=3.823496e-01 dt=5.609462e-05
elapsed=7.433060e+03 cycle=6663 time=3.824057e-01 dt=5.609388e-05
elapsed=7.434006e+03 cycle=6664 time=3.824618e-01 dt=5.609314e-05
elapsed=7.434969e+03 cycle=6665 time=3.825179e-01 dt=5.609241e-05
elapsed=7.435933e+03 cycle=6666 time=3.825740e-01 dt=5.609166e-05
elapsed=7.437025e+03 cycle=6667 time=3.826301e-01 dt=5.609091e-05
elapsed=7.437990e+03 cycle=6668 time=3.826862e-01 dt=5.609013e-05
elapsed=7.438958e+03 cycle=6669 time=3.827423e-01 dt=5.608936e-05
elapsed=7.439938e+03 cycle=6670 time=3.827984e-01 dt=5.608858e-05
elapsed=7.440902e+03 cycle=6671 time=3.828544e-01 dt=5.608780e-05
elapsed=7.441851e+03 cycle=6672 time=3.829105e-01 dt=5.608701e-05
elapsed=7.442817e+03 cycle=6673 time=3.829666e-01 dt=5.608623e-05
elapsed=7.443929e+03 cycle=6674 time=3.830227e-01 dt=5.608546e-05
elapsed=7.444892e+03 cycle=6675 time=3.830788e-01 dt=5.608468e-05
elapsed=7.445863e+03 cycle=6676 time=3.831349e-01 dt=5.608391e-05
elapsed=7.446848e+03 cycle=6677 time=3.831910e-01 dt=5.608315e-05
elapsed=7.447808e+03 cycle=6678 time=3.832470e-01 dt=5.608243e-05
elapsed=7.448789e+03 cycle=6679 time=3.833031e-01 dt=5.608171e-05
elapsed=7.449758e+03 cycle=6680 time=3.833592e-01 dt=5.608100e-05
elapsed=7.450725e+03 cycle=6681 time=3.834153e-01 dt=5.608028e-05
elapsed=7.451687e+03 cycle=6682 time=3.834714e-01 dt=5.607955e-05
elapsed=7.452669e+03 cycle=6683 time=3.835275e-01 dt=5.607881e-05
elapsed=7.453653e+03 cycle=6684 time=3.835835e-01 dt=5.607808e-05
elapsed=7.454746e+03 cycle=6685 time=3.836396e-01 dt=5.607735e-05
elapsed=7.455842e+03 cycle=6686 time=3.836957e-01 dt=5.607662e-05
elapsed=7.456809e+03 cycle=6687 time=3.837518e-01 dt=5.607589e-05
elapsed=7.457789e+03 cycle=6688 time=3.838078e-01 dt=5.607517e-05
elapsed=7.458737e+03 cycle=6689 time=3.838639e-01 dt=5.607445e-05
elapsed=7.459703e+03 cycle=6690 time=3.839200e-01 dt=5.607372e-05
elapsed=7.460669e+03 cycle=6691 time=3.839761e-01 dt=5.607300e-05
elapsed=7.461631e+03 cycle=6692 time=3.840321e-01 dt=5.607227e-05
elapsed=7.462742e+03 cycle=6693 time=3.840882e-01 dt=5.607155e-05
elapsed=7.463709e+03 cycle=6694 time=3.841443e-01 dt=5.607083e-05
elapsed=7.464658e+03 cycle=6695 time=3.842003e-01 dt=5.607011e-05
elapsed=7.465618e+03 cycle=6696 time=3.842564e-01 dt=5.606940e-05
elapsed=7.466599e+03 cycle=6697 time=3.843125e-01 dt=5.606869e-05
elapsed=7.467567e+03 cycle=6698 time=3.843686e-01 dt=5.606798e-05
elapsed=7.468529e+03 cycle=6699 time=3.844246e-01 dt=5.606727e-05
elapsed=7.469477e+03 cycle=6700 time=3.844807e-01 dt=5.606656e-05
elapsed=7.470423e+03 cycle=6701 time=3.845368e-01 dt=5.606584e-05
elapsed=7.471373e+03 cycle=6702 time=3.845928e-01 dt=5.606513e-05
elapsed=7.472338e+03 cycle=6703 time=3.846489e-01 dt=5.606441e-05
elapsed=7.473318e+03 cycle=6704 time=3.847050e-01 dt=5.606369e-05
elapsed=7.474302e+03 cycle=6705 time=3.847610e-01 dt=5.606298e-05
elapsed=7.475269e+03 cycle=6706 time=3.848171e-01 dt=5.606228e-05
elapsed=7.476217e+03 cycle=6707 time=3.848731e-01 dt=5.606160e-05
elapsed=7.477186e+03 cycle=6708 time=3.849292e-01 dt=5.606092e-05
elapsed=7.478283e+03 cycle=6709 time=3.849853e-01 dt=5.606023e-05
elapsed=7.479245e+03 cycle=6710 time=3.850413e-01 dt=5.605954e-05
elapsed=7.480195e+03 cycle=6711 time=3.850974e-01 dt=5.605885e-05
elapsed=7.481162e+03 cycle=6712 time=3.851534e-01 dt=5.605815e-05
elapsed=7.482129e+03 cycle=6713 time=3.852095e-01 dt=5.605744e-05
elapsed=7.483093e+03 cycle=6714 time=3.852656e-01 dt=5.605674e-05
elapsed=7.484058e+03 cycle=6715 time=3.853216e-01 dt=5.605603e-05
elapsed=7.485038e+03 cycle=6716 time=3.853777e-01 dt=5.605532e-05
elapsed=7.486131e+03 cycle=6717 time=3.854337e-01 dt=5.605461e-05
elapsed=7.487117e+03 cycle=6718 time=3.854898e-01 dt=5.605390e-05
elapsed=7.488097e+03 cycle=6719 time=3.855458e-01 dt=5.605318e-05
elapsed=7.489066e+03 cycle=6720 time=3.856019e-01 dt=5.605245e-05
elapsed=7.490047e+03 cycle=6721 time=3.856579e-01 dt=5.605172e-05
elapsed=7.491027e+03 cycle=6722 time=3.857140e-01 dt=5.605100e-05
elapsed=7.491975e+03 cycle=6723 time=3.857700e-01 dt=5.605027e-05
elapsed=7.492922e+03 cycle=6724 time=3.858261e-01 dt=5.604955e-05
elapsed=7.493902e+03 cycle=6725 time=3.858821e-01 dt=5.604882e-05
elapsed=7.494863e+03 cycle=6726 time=3.859382e-01 dt=5.604810e-05
elapsed=7.495954e+03 cycle=6727 time=3.859942e-01 dt=5.604737e-05
elapsed=7.496904e+03 cycle=6728 time=3.860503e-01 dt=5.604664e-05
elapsed=7.497848e+03 cycle=6729 time=3.861063e-01 dt=5.604591e-05
elapsed=7.498816e+03 cycle=6730 time=3.861624e-01 dt=5.604518e-05
elapsed=7.499782e+03 cycle=6731 time=3.862184e-01 dt=5.604442e-05
elapsed=7.500876e+03 cycle=6732 time=3.862745e-01 dt=5.604366e-05
elapsed=7.501823e+03 cycle=6733 time=3.863305e-01 dt=5.604289e-05
elapsed=7.502773e+03 cycle=6734 time=3.863866e-01 dt=5.604213e-05
elapsed=7.503866e+03 cycle=6735 time=3.864426e-01 dt=5.604135e-05
elapsed=7.504977e+03 cycle=6736 time=3.864986e-01 dt=5.604058e-05
elapsed=7.505940e+03 cycle=6737 time=3.865547e-01 dt=5.603980e-05
elapsed=7.506902e+03 cycle=6738 time=3.866107e-01 dt=5.603904e-05
elapsed=7.507868e+03 cycle=6739 time=3.866668e-01 dt=5.603828e-05
elapsed=7.508814e+03 cycle=6740 time=3.867228e-01 dt=5.603753e-05
elapsed=7.509799e+03 cycle=6741 time=3.867788e-01 dt=5.603676e-05
elapsed=7.510778e+03 cycle=6742 time=3.868349e-01 dt=5.603599e-05
elapsed=7.511757e+03 cycle=6743 time=3.868909e-01 dt=5.603522e-05
elapsed=7.512726e+03 cycle=6744 time=3.869469e-01 dt=5.603445e-05
elapsed=7.513707e+03 cycle=6745 time=3.870030e-01 dt=5.603368e-05
elapsed=7.514686e+03 cycle=6746 time=3.870590e-01 dt=5.603292e-05
elapsed=7.515652e+03 cycle=6747 time=3.871150e-01 dt=5.603215e-05
elapsed=7.516744e+03 cycle=6748 time=3.871711e-01 dt=5.603138e-05
elapsed=7.517724e+03 cycle=6749 time=3.872271e-01 dt=5.603061e-05
elapsed=7.518689e+03 cycle=6750 time=3.872831e-01 dt=5.602984e-05
elapsed=7.519634e+03 cycle=6751 time=3.873392e-01 dt=5.602906e-05
elapsed=7.520594e+03 cycle=6752 time=3.873952e-01 dt=5.602828e-05
elapsed=7.521545e+03 cycle=6753 time=3.874512e-01 dt=5.602750e-05
elapsed=7.522637e+03 cycle=6754 time=3.875073e-01 dt=5.602671e-05
elapsed=7.523605e+03 cycle=6755 time=3.875633e-01 dt=5.602592e-05
elapsed=7.524696e+03 cycle=6756 time=3.876193e-01 dt=5.602513e-05
elapsed=7.525807e+03 cycle=6757 time=3.876753e-01 dt=5.602434e-05
elapsed=7.526769e+03 cycle=6758 time=3.877314e-01 dt=5.602355e-05
elapsed=7.527861e+03 cycle=6759 time=3.877874e-01 dt=5.602275e-05
elapsed=7.528828e+03 cycle=6760 time=3.878434e-01 dt=5.602197e-05
elapsed=7.529939e+03 cycle=6761 time=3.878994e-01 dt=5.602119e-05
elapsed=7.530900e+03 cycle=6762 time=3.879554e-01 dt=5.602041e-05
elapsed=7.531845e+03 cycle=6763 time=3.880115e-01 dt=5.601962e-05
elapsed=7.532830e+03 cycle=6764 time=3.880675e-01 dt=5.601884e-05
elapsed=7.533797e+03 cycle=6765 time=3.881235e-01 dt=5.601804e-05
elapsed=7.534761e+03 cycle=6766 time=3.881795e-01 dt=5.601724e-05
elapsed=7.535724e+03 cycle=6767 time=3.882355e-01 dt=5.601646e-05
elapsed=7.536705e+03 cycle=6768 time=3.882916e-01 dt=5.601568e-05
elapsed=7.537666e+03 cycle=6769 time=3.883476e-01 dt=5.601492e-05
elapsed=7.538632e+03 cycle=6770 time=3.884036e-01 dt=5.601415e-05
elapsed=7.539599e+03 cycle=6771 time=3.884596e-01 dt=5.601338e-05
elapsed=7.540567e+03 cycle=6772 time=3.885156e-01 dt=5.601260e-05
elapsed=7.541551e+03 cycle=6773 time=3.885716e-01 dt=5.601182e-05
elapsed=7.542539e+03 cycle=6774 time=3.886276e-01 dt=5.601104e-05
elapsed=7.543487e+03 cycle=6775 time=3.886837e-01 dt=5.601026e-05
elapsed=7.544436e+03 cycle=6776 time=3.887397e-01 dt=5.600949e-05
elapsed=7.545396e+03 cycle=6777 time=3.887957e-01 dt=5.600872e-05
elapsed=7.546341e+03 cycle=6778 time=3.888517e-01 dt=5.600794e-05
elapsed=7.547289e+03 cycle=6779 time=3.889077e-01 dt=5.600717e-05
elapsed=7.548254e+03 cycle=6780 time=3.889637e-01 dt=5.600639e-05
elapsed=7.549201e+03 cycle=6781 time=3.890197e-01 dt=5.600561e-05
elapsed=7.550185e+03 cycle=6782 time=3.890757e-01 dt=5.600481e-05
elapsed=7.551300e+03 cycle=6783 time=3.891317e-01 dt=5.600401e-05
elapsed=7.552250e+03 cycle=6784 time=3.891877e-01 dt=5.600320e-05
elapsed=7.553219e+03 cycle=6785 time=3.892437e-01 dt=5.600237e-05
elapsed=7.554188e+03 cycle=6786 time=3.892997e-01 dt=5.600156e-05
elapsed=7.555136e+03 cycle=6787 time=3.893557e-01 dt=5.600077e-05
elapsed=7.556106e+03 cycle=6788 time=3.894117e-01 dt=5.599999e-05
elapsed=7.557075e+03 cycle=6789 time=3.894677e-01 dt=5.599921e-05
elapsed=7.558045e+03 cycle=6790 time=3.895237e-01 dt=5.599843e-05
elapsed=7.559155e+03 cycle=6791 time=3.895797e-01 dt=5.599765e-05
elapsed=7.560135e+03 cycle=6792 time=3.896357e-01 dt=5.599688e-05
elapsed=7.561083e+03 cycle=6793 time=3.896917e-01 dt=5.599610e-05
elapsed=7.562048e+03 cycle=6794 time=3.897477e-01 dt=5.599531e-05
elapsed=7.563028e+03 cycle=6795 time=3.898037e-01 dt=5.599452e-05
elapsed=7.563978e+03 cycle=6796 time=3.898597e-01 dt=5.599373e-05
elapsed=7.564946e+03 cycle=6797 time=3.899157e-01 dt=5.599294e-05
elapsed=7.565911e+03 cycle=6798 time=3.899717e-01 dt=5.599218e-05
[Tue Dec 30 08:01:04 EST 2025] Found 11 bin files, deleting 1 oldest...
[Tue Dec 30 08:01:06 EST 2025] Kept 10 most recent bin files.
elapsed=7.585685e+03 cycle=6799 time=3.900277e-01 dt=5.599142e-05
elapsed=7.586634e+03 cycle=6800 time=3.900837e-01 dt=5.599065e-05
elapsed=7.587614e+03 cycle=6801 time=3.901397e-01 dt=5.598990e-05
elapsed=7.588577e+03 cycle=6802 time=3.901957e-01 dt=5.598914e-05
elapsed=7.589525e+03 cycle=6803 time=3.902516e-01 dt=5.598839e-05
elapsed=7.590493e+03 cycle=6804 time=3.903076e-01 dt=5.598763e-05
elapsed=7.591473e+03 cycle=6805 time=3.903636e-01 dt=5.598687e-05
elapsed=7.592458e+03 cycle=6806 time=3.904196e-01 dt=5.598612e-05
elapsed=7.593443e+03 cycle=6807 time=3.904756e-01 dt=5.598536e-05
elapsed=7.594425e+03 cycle=6808 time=3.905316e-01 dt=5.598460e-05
elapsed=7.595390e+03 cycle=6809 time=3.905876e-01 dt=5.598384e-05
elapsed=7.596357e+03 cycle=6810 time=3.906435e-01 dt=5.598307e-05
elapsed=7.597328e+03 cycle=6811 time=3.906995e-01 dt=5.598228e-05
elapsed=7.598308e+03 cycle=6812 time=3.907555e-01 dt=5.598151e-05
elapsed=7.599270e+03 cycle=6813 time=3.908115e-01 dt=5.598073e-05
elapsed=7.600233e+03 cycle=6814 time=3.908675e-01 dt=5.597994e-05
elapsed=7.601213e+03 cycle=6815 time=3.909235e-01 dt=5.597915e-05
elapsed=7.602179e+03 cycle=6816 time=3.909794e-01 dt=5.597837e-05
elapsed=7.603126e+03 cycle=6817 time=3.910354e-01 dt=5.597758e-05
elapsed=7.604072e+03 cycle=6818 time=3.910914e-01 dt=5.597680e-05
elapsed=7.605183e+03 cycle=6819 time=3.911474e-01 dt=5.597605e-05
elapsed=7.606148e+03 cycle=6820 time=3.912033e-01 dt=5.597530e-05
elapsed=7.607114e+03 cycle=6821 time=3.912593e-01 dt=5.597456e-05
elapsed=7.608075e+03 cycle=6822 time=3.913153e-01 dt=5.597382e-05
elapsed=7.609024e+03 cycle=6823 time=3.913713e-01 dt=5.597308e-05
elapsed=7.610007e+03 cycle=6824 time=3.914272e-01 dt=5.597235e-05
elapsed=7.610979e+03 cycle=6825 time=3.914832e-01 dt=5.597162e-05
elapsed=7.611941e+03 cycle=6826 time=3.915392e-01 dt=5.597090e-05
elapsed=7.612888e+03 cycle=6827 time=3.915952e-01 dt=5.597017e-05
elapsed=7.613835e+03 cycle=6828 time=3.916511e-01 dt=5.596946e-05
elapsed=7.614799e+03 cycle=6829 time=3.917071e-01 dt=5.596875e-05
elapsed=7.615779e+03 cycle=6830 time=3.917631e-01 dt=5.596806e-05
elapsed=7.616876e+03 cycle=6831 time=3.918190e-01 dt=5.596737e-05
elapsed=7.617837e+03 cycle=6832 time=3.918750e-01 dt=5.596667e-05
elapsed=7.618804e+03 cycle=6833 time=3.919310e-01 dt=5.596598e-05
elapsed=7.619769e+03 cycle=6834 time=3.919869e-01 dt=5.596528e-05
elapsed=7.620715e+03 cycle=6835 time=3.920429e-01 dt=5.596458e-05
elapsed=7.621663e+03 cycle=6836 time=3.920989e-01 dt=5.596387e-05
elapsed=7.622612e+03 cycle=6837 time=3.921548e-01 dt=5.596317e-05
elapsed=7.623592e+03 cycle=6838 time=3.922108e-01 dt=5.596246e-05
elapsed=7.624540e+03 cycle=6839 time=3.922667e-01 dt=5.596173e-05
elapsed=7.625507e+03 cycle=6840 time=3.923227e-01 dt=5.596100e-05
elapsed=7.626488e+03 cycle=6841 time=3.923787e-01 dt=5.596026e-05
elapsed=7.627435e+03 cycle=6842 time=3.924346e-01 dt=5.595953e-05
elapsed=7.628402e+03 cycle=6843 time=3.924906e-01 dt=5.595880e-05
elapsed=7.629383e+03 cycle=6844 time=3.925465e-01 dt=5.595808e-05
elapsed=7.630494e+03 cycle=6845 time=3.926025e-01 dt=5.595737e-05
elapsed=7.631456e+03 cycle=6846 time=3.926585e-01 dt=5.595665e-05
elapsed=7.632439e+03 cycle=6847 time=3.927144e-01 dt=5.595595e-05
elapsed=7.633420e+03 cycle=6848 time=3.927704e-01 dt=5.595526e-05
elapsed=7.634517e+03 cycle=6849 time=3.928263e-01 dt=5.595458e-05
elapsed=7.635479e+03 cycle=6850 time=3.928823e-01 dt=5.595392e-05
elapsed=7.636426e+03 cycle=6851 time=3.929382e-01 dt=5.595325e-05
elapsed=7.637389e+03 cycle=6852 time=3.929942e-01 dt=5.595258e-05
elapsed=7.638357e+03 cycle=6853 time=3.930501e-01 dt=5.595190e-05
elapsed=7.639324e+03 cycle=6854 time=3.931061e-01 dt=5.595123e-05
elapsed=7.640273e+03 cycle=6855 time=3.931620e-01 dt=5.595057e-05
elapsed=7.641257e+03 cycle=6856 time=3.932180e-01 dt=5.594992e-05
elapsed=7.642244e+03 cycle=6857 time=3.932739e-01 dt=5.594927e-05
elapsed=7.643213e+03 cycle=6858 time=3.933299e-01 dt=5.594862e-05
elapsed=7.644199e+03 cycle=6859 time=3.933858e-01 dt=5.594798e-05
elapsed=7.645180e+03 cycle=6860 time=3.934418e-01 dt=5.594735e-05
elapsed=7.646143e+03 cycle=6861 time=3.934977e-01 dt=5.594672e-05
elapsed=7.647109e+03 cycle=6862 time=3.935537e-01 dt=5.594610e-05
elapsed=7.648077e+03 cycle=6863 time=3.936096e-01 dt=5.594547e-05
elapsed=7.649189e+03 cycle=6864 time=3.936656e-01 dt=5.594484e-05
elapsed=7.650136e+03 cycle=6865 time=3.937215e-01 dt=5.594422e-05
elapsed=7.651104e+03 cycle=6866 time=3.937775e-01 dt=5.594361e-05
elapsed=7.652071e+03 cycle=6867 time=3.938334e-01 dt=5.594299e-05
elapsed=7.653163e+03 cycle=6868 time=3.938894e-01 dt=5.594237e-05
elapsed=7.654275e+03 cycle=6869 time=3.939453e-01 dt=5.594172e-05
elapsed=7.655255e+03 cycle=6870 time=3.940012e-01 dt=5.594106e-05
elapsed=7.656221e+03 cycle=6871 time=3.940572e-01 dt=5.594040e-05
elapsed=7.657182e+03 cycle=6872 time=3.941131e-01 dt=5.593973e-05
elapsed=7.658275e+03 cycle=6873 time=3.941691e-01 dt=5.593905e-05
elapsed=7.659243e+03 cycle=6874 time=3.942250e-01 dt=5.593838e-05
elapsed=7.660192e+03 cycle=6875 time=3.942809e-01 dt=5.593771e-05
elapsed=7.661173e+03 cycle=6876 time=3.943369e-01 dt=5.593705e-05
elapsed=7.662139e+03 cycle=6877 time=3.943928e-01 dt=5.593638e-05
elapsed=7.663086e+03 cycle=6878 time=3.944488e-01 dt=5.593571e-05
elapsed=7.664068e+03 cycle=6879 time=3.945047e-01 dt=5.593506e-05
elapsed=7.665017e+03 cycle=6880 time=3.945606e-01 dt=5.593443e-05
elapsed=7.665979e+03 cycle=6881 time=3.946166e-01 dt=5.593381e-05
elapsed=7.666940e+03 cycle=6882 time=3.946725e-01 dt=5.593319e-05
elapsed=7.667923e+03 cycle=6883 time=3.947284e-01 dt=5.593258e-05
elapsed=7.668871e+03 cycle=6884 time=3.947844e-01 dt=5.593197e-05
elapsed=7.669835e+03 cycle=6885 time=3.948403e-01 dt=5.593137e-05
elapsed=7.670950e+03 cycle=6886 time=3.948962e-01 dt=5.593078e-05
elapsed=7.671910e+03 cycle=6887 time=3.949521e-01 dt=5.593020e-05
elapsed=7.672894e+03 cycle=6888 time=3.950081e-01 dt=5.592963e-05
elapsed=7.673857e+03 cycle=6889 time=3.950640e-01 dt=5.592906e-05
elapsed=7.674804e+03 cycle=6890 time=3.951199e-01 dt=5.592848e-05
elapsed=7.675764e+03 cycle=6891 time=3.951759e-01 dt=5.592790e-05
elapsed=7.676714e+03 cycle=6892 time=3.952318e-01 dt=5.592732e-05
elapsed=7.677676e+03 cycle=6893 time=3.952877e-01 dt=5.592675e-05
elapsed=7.678627e+03 cycle=6894 time=3.953436e-01 dt=5.592619e-05
elapsed=7.679575e+03 cycle=6895 time=3.953996e-01 dt=5.592563e-05
elapsed=7.680536e+03 cycle=6896 time=3.954555e-01 dt=5.592507e-05
elapsed=7.681629e+03 cycle=6897 time=3.955114e-01 dt=5.592451e-05
elapsed=7.682600e+03 cycle=6898 time=3.955674e-01 dt=5.592394e-05
elapsed=7.683566e+03 cycle=6899 time=3.956233e-01 dt=5.592339e-05
elapsed=7.684529e+03 cycle=6900 time=3.956792e-01 dt=5.592284e-05
elapsed=7.685477e+03 cycle=6901 time=3.957351e-01 dt=5.592229e-05
elapsed=7.686450e+03 cycle=6902 time=3.957910e-01 dt=5.592174e-05
elapsed=7.687399e+03 cycle=6903 time=3.958470e-01 dt=5.592119e-05
elapsed=7.688364e+03 cycle=6904 time=3.959029e-01 dt=5.592064e-05
elapsed=7.689345e+03 cycle=6905 time=3.959588e-01 dt=5.592009e-05
elapsed=7.690328e+03 cycle=6906 time=3.960147e-01 dt=5.591953e-05
elapsed=7.691295e+03 cycle=6907 time=3.960706e-01 dt=5.591897e-05
elapsed=7.692241e+03 cycle=6908 time=3.961266e-01 dt=5.591840e-05
elapsed=7.693209e+03 cycle=6909 time=3.961825e-01 dt=5.591785e-05
elapsed=7.694157e+03 cycle=6910 time=3.962384e-01 dt=5.591731e-05
elapsed=7.695126e+03 cycle=6911 time=3.962943e-01 dt=5.591677e-05
elapsed=7.696092e+03 cycle=6912 time=3.963502e-01 dt=5.591622e-05
elapsed=7.697053e+03 cycle=6913 time=3.964062e-01 dt=5.591568e-05
elapsed=7.698015e+03 cycle=6914 time=3.964621e-01 dt=5.591512e-05
elapsed=7.698983e+03 cycle=6915 time=3.965180e-01 dt=5.591455e-05
elapsed=7.699948e+03 cycle=6916 time=3.965739e-01 dt=5.591397e-05
elapsed=7.700910e+03 cycle=6917 time=3.966298e-01 dt=5.591338e-05
elapsed=7.701871e+03 cycle=6918 time=3.966857e-01 dt=5.591280e-05
elapsed=7.702852e+03 cycle=6919 time=3.967416e-01 dt=5.591221e-05
elapsed=7.703812e+03 cycle=6920 time=3.967975e-01 dt=5.591162e-05
elapsed=7.704764e+03 cycle=6921 time=3.968535e-01 dt=5.591102e-05
elapsed=7.705710e+03 cycle=6922 time=3.969094e-01 dt=5.591041e-05
elapsed=7.706677e+03 cycle=6923 time=3.969653e-01 dt=5.590979e-05
elapsed=7.707623e+03 cycle=6924 time=3.970212e-01 dt=5.590917e-05
elapsed=7.708590e+03 cycle=6925 time=3.970771e-01 dt=5.590853e-05
elapsed=7.709538e+03 cycle=6926 time=3.971330e-01 dt=5.590788e-05
elapsed=7.710498e+03 cycle=6927 time=3.971889e-01 dt=5.590723e-05
elapsed=7.711463e+03 cycle=6928 time=3.972448e-01 dt=5.590657e-05
elapsed=7.712553e+03 cycle=6929 time=3.973007e-01 dt=5.590590e-05
elapsed=7.713501e+03 cycle=6930 time=3.973566e-01 dt=5.590524e-05
elapsed=7.714480e+03 cycle=6931 time=3.974125e-01 dt=5.590457e-05
elapsed=7.715458e+03 cycle=6932 time=3.974684e-01 dt=5.590393e-05
elapsed=7.716549e+03 cycle=6933 time=3.975244e-01 dt=5.590329e-05
elapsed=7.717659e+03 cycle=6934 time=3.975803e-01 dt=5.590265e-05
elapsed=7.718627e+03 cycle=6935 time=3.976362e-01 dt=5.590201e-05
elapsed=7.719592e+03 cycle=6936 time=3.976921e-01 dt=5.590138e-05
elapsed=7.720562e+03 cycle=6937 time=3.977480e-01 dt=5.590076e-05
elapsed=7.721679e+03 cycle=6938 time=3.978039e-01 dt=5.590014e-05
elapsed=7.722628e+03 cycle=6939 time=3.978598e-01 dt=5.589953e-05
elapsed=7.723611e+03 cycle=6940 time=3.979157e-01 dt=5.589892e-05
elapsed=7.724560e+03 cycle=6941 time=3.979716e-01 dt=5.589832e-05
elapsed=7.725524e+03 cycle=6942 time=3.980275e-01 dt=5.589771e-05
elapsed=7.726472e+03 cycle=6943 time=3.980834e-01 dt=5.589711e-05
elapsed=7.727422e+03 cycle=6944 time=3.981393e-01 dt=5.589650e-05
elapsed=7.728387e+03 cycle=6945 time=3.981951e-01 dt=5.589590e-05
elapsed=7.729371e+03 cycle=6946 time=3.982510e-01 dt=5.589529e-05
elapsed=7.730333e+03 cycle=6947 time=3.983069e-01 dt=5.589468e-05
elapsed=7.731300e+03 cycle=6948 time=3.983628e-01 dt=5.589407e-05
elapsed=7.732250e+03 cycle=6949 time=3.984187e-01 dt=5.589346e-05
elapsed=7.733234e+03 cycle=6950 time=3.984746e-01 dt=5.589284e-05
elapsed=7.734179e+03 cycle=6951 time=3.985305e-01 dt=5.589222e-05
elapsed=7.735145e+03 cycle=6952 time=3.985864e-01 dt=5.589160e-05
elapsed=7.736240e+03 cycle=6953 time=3.986423e-01 dt=5.589098e-05
elapsed=7.737188e+03 cycle=6954 time=3.986982e-01 dt=5.589035e-05
elapsed=7.738168e+03 cycle=6955 time=3.987541e-01 dt=5.588971e-05
elapsed=7.739148e+03 cycle=6956 time=3.988100e-01 dt=5.588906e-05
elapsed=7.740116e+03 cycle=6957 time=3.988659e-01 dt=5.588842e-05
elapsed=7.741065e+03 cycle=6958 time=3.989217e-01 dt=5.588777e-05
elapsed=7.742048e+03 cycle=6959 time=3.989776e-01 dt=5.588713e-05
elapsed=7.743016e+03 cycle=6960 time=3.990335e-01 dt=5.588649e-05
elapsed=7.743978e+03 cycle=6961 time=3.990894e-01 dt=5.588585e-05
elapsed=7.744943e+03 cycle=6962 time=3.991453e-01 dt=5.588521e-05
elapsed=7.745905e+03 cycle=6963 time=3.992012e-01 dt=5.588457e-05
elapsed=7.746885e+03 cycle=6964 time=3.992571e-01 dt=5.588394e-05
elapsed=7.747998e+03 cycle=6965 time=3.993129e-01 dt=5.588332e-05
elapsed=7.748959e+03 cycle=6966 time=3.993688e-01 dt=5.588270e-05
elapsed=7.749938e+03 cycle=6967 time=3.994247e-01 dt=5.588207e-05
elapsed=7.750904e+03 cycle=6968 time=3.994806e-01 dt=5.588142e-05
elapsed=7.751886e+03 cycle=6969 time=3.995365e-01 dt=5.588077e-05
elapsed=7.752867e+03 cycle=6970 time=3.995924e-01 dt=5.588011e-05
elapsed=7.753835e+03 cycle=6971 time=3.996482e-01 dt=5.587944e-05
elapsed=7.754814e+03 cycle=6972 time=3.997041e-01 dt=5.587874e-05
elapsed=7.755778e+03 cycle=6973 time=3.997600e-01 dt=5.587804e-05
elapsed=7.756744e+03 cycle=6974 time=3.998159e-01 dt=5.587734e-05
elapsed=7.757707e+03 cycle=6975 time=3.998718e-01 dt=5.587664e-05
elapsed=7.758669e+03 cycle=6976 time=3.999276e-01 dt=5.587593e-05
elapsed=7.759651e+03 cycle=6977 time=3.999835e-01 dt=5.587521e-05
[Tue Dec 30 08:05:06 EST 2025] Found 11 bin files, deleting 1 oldest...
[Tue Dec 30 08:05:07 EST 2025] Kept 10 most recent bin files.
[Tue Dec 30 08:05:07 EST 2025] Found 2 restart files, deleting 1 oldest...
[Tue Dec 30 08:05:14 EST 2025] Kept only the most recent restart file.
elapsed=7.830693e+03 cycle=6978 time=4.000394e-01 dt=5.587450e-05
elapsed=7.831663e+03 cycle=6979 time=4.000953e-01 dt=5.587379e-05
elapsed=7.832645e+03 cycle=6980 time=4.001511e-01 dt=5.587307e-05
elapsed=7.833596e+03 cycle=6981 time=4.002070e-01 dt=5.587234e-05
elapsed=7.834567e+03 cycle=6982 time=4.002629e-01 dt=5.587161e-05
elapsed=7.835548e+03 cycle=6983 time=4.003187e-01 dt=5.587089e-05
elapsed=7.836530e+03 cycle=6984 time=4.003746e-01 dt=5.587019e-05
elapsed=7.837478e+03 cycle=6985 time=4.004305e-01 dt=5.586948e-05
elapsed=7.838450e+03 cycle=6986 time=4.004864e-01 dt=5.586878e-05
elapsed=7.839434e+03 cycle=6987 time=4.005422e-01 dt=5.586808e-05
elapsed=7.840387e+03 cycle=6988 time=4.005981e-01 dt=5.586738e-05
elapsed=7.841479e+03 cycle=6989 time=4.006540e-01 dt=5.586671e-05
elapsed=7.842425e+03 cycle=6990 time=4.007098e-01 dt=5.586606e-05
elapsed=7.843390e+03 cycle=6991 time=4.007657e-01 dt=5.586542e-05
elapsed=7.844359e+03 cycle=6992 time=4.008216e-01 dt=5.586477e-05
elapsed=7.845338e+03 cycle=6993 time=4.008774e-01 dt=5.586411e-05
elapsed=7.846302e+03 cycle=6994 time=4.009333e-01 dt=5.586345e-05
elapsed=7.847287e+03 cycle=6995 time=4.009892e-01 dt=5.586278e-05
elapsed=7.848248e+03 cycle=6996 time=4.010450e-01 dt=5.586211e-05
elapsed=7.849197e+03 cycle=6997 time=4.011009e-01 dt=5.586143e-05
elapsed=7.850165e+03 cycle=6998 time=4.011567e-01 dt=5.586075e-05
elapsed=7.851276e+03 cycle=6999 time=4.012126e-01 dt=5.586007e-05
elapsed=7.852387e+03 cycle=7000 time=4.012685e-01 dt=5.585941e-05
elapsed=7.853357e+03 cycle=7001 time=4.013243e-01 dt=5.585832e-05
elapsed=7.854322e+03 cycle=7002 time=4.013802e-01 dt=5.585715e-05
elapsed=7.855271e+03 cycle=7003 time=4.014360e-01 dt=5.585598e-05
elapsed=7.856221e+03 cycle=7004 time=4.014919e-01 dt=5.585482e-05
elapsed=7.857183e+03 cycle=7005 time=4.015477e-01 dt=5.585365e-05
elapsed=7.858161e+03 cycle=7006 time=4.016036e-01 dt=5.585248e-05
elapsed=7.859254e+03 cycle=7007 time=4.016595e-01 dt=5.585131e-05
elapsed=7.860202e+03 cycle=7008 time=4.017153e-01 dt=5.585017e-05
elapsed=7.861165e+03 cycle=7009 time=4.017712e-01 dt=5.584904e-05
elapsed=7.862258e+03 cycle=7010 time=4.018270e-01 dt=5.584793e-05
elapsed=7.863208e+03 cycle=7011 time=4.018828e-01 dt=5.584683e-05
elapsed=7.864177e+03 cycle=7012 time=4.019387e-01 dt=5.584573e-05
elapsed=7.865125e+03 cycle=7013 time=4.019945e-01 dt=5.584462e-05
elapsed=7.866069e+03 cycle=7014 time=4.020504e-01 dt=5.584350e-05
elapsed=7.867035e+03 cycle=7015 time=4.021062e-01 dt=5.584239e-05
elapsed=7.868004e+03 cycle=7016 time=4.021621e-01 dt=5.584129e-05
elapsed=7.868953e+03 cycle=7017 time=4.022179e-01 dt=5.584020e-05
elapsed=7.869902e+03 cycle=7018 time=4.022738e-01 dt=5.583911e-05
elapsed=7.870881e+03 cycle=7019 time=4.023296e-01 dt=5.583801e-05
elapsed=7.871843e+03 cycle=7020 time=4.023854e-01 dt=5.583691e-05
elapsed=7.872789e+03 cycle=7021 time=4.024413e-01 dt=5.583581e-05
elapsed=7.873753e+03 cycle=7022 time=4.024971e-01 dt=5.583470e-05
elapsed=7.874723e+03 cycle=7023 time=4.025529e-01 dt=5.583359e-05
elapsed=7.875689e+03 cycle=7024 time=4.026088e-01 dt=5.583249e-05
elapsed=7.876657e+03 cycle=7025 time=4.026646e-01 dt=5.583139e-05
elapsed=7.877608e+03 cycle=7026 time=4.027204e-01 dt=5.583028e-05
elapsed=7.878592e+03 cycle=7027 time=4.027763e-01 dt=5.582918e-05
elapsed=7.879554e+03 cycle=7028 time=4.028321e-01 dt=5.582808e-05
elapsed=7.880503e+03 cycle=7029 time=4.028879e-01 dt=5.582698e-05
elapsed=7.881483e+03 cycle=7030 time=4.029437e-01 dt=5.582587e-05
elapsed=7.882463e+03 cycle=7031 time=4.029996e-01 dt=5.582477e-05
elapsed=7.883575e+03 cycle=7032 time=4.030554e-01 dt=5.582367e-05
elapsed=7.884538e+03 cycle=7033 time=4.031112e-01 dt=5.582256e-05
elapsed=7.885488e+03 cycle=7034 time=4.031670e-01 dt=5.582146e-05
elapsed=7.886455e+03 cycle=7035 time=4.032229e-01 dt=5.582035e-05
elapsed=7.887418e+03 cycle=7036 time=4.032787e-01 dt=5.581923e-05
elapsed=7.888378e+03 cycle=7037 time=4.033345e-01 dt=5.581810e-05
elapsed=7.889360e+03 cycle=7038 time=4.033903e-01 dt=5.581698e-05
elapsed=7.890320e+03 cycle=7039 time=4.034461e-01 dt=5.581585e-05
elapsed=7.891266e+03 cycle=7040 time=4.035020e-01 dt=5.581472e-05
elapsed=7.892360e+03 cycle=7041 time=4.035578e-01 dt=5.581358e-05
elapsed=7.893323e+03 cycle=7042 time=4.036136e-01 dt=5.581245e-05
elapsed=7.894304e+03 cycle=7043 time=4.036694e-01 dt=5.581132e-05
elapsed=7.895264e+03 cycle=7044 time=4.037252e-01 dt=5.581018e-05
elapsed=7.896247e+03 cycle=7045 time=4.037810e-01 dt=5.580902e-05
elapsed=7.897210e+03 cycle=7046 time=4.038368e-01 dt=5.580787e-05
elapsed=7.898164e+03 cycle=7047 time=4.038926e-01 dt=5.580673e-05
elapsed=7.899142e+03 cycle=7048 time=4.039484e-01 dt=5.580558e-05
elapsed=7.900236e+03 cycle=7049 time=4.040043e-01 dt=5.580443e-05
elapsed=7.901221e+03 cycle=7050 time=4.040601e-01 dt=5.580329e-05
elapsed=7.902183e+03 cycle=7051 time=4.041159e-01 dt=5.580214e-05
elapsed=7.903148e+03 cycle=7052 time=4.041717e-01 dt=5.580100e-05
elapsed=7.904132e+03 cycle=7053 time=4.042275e-01 dt=5.579986e-05
elapsed=7.905077e+03 cycle=7054 time=4.042833e-01 dt=5.579872e-05
elapsed=7.906038e+03 cycle=7055 time=4.043391e-01 dt=5.579758e-05
elapsed=7.907001e+03 cycle=7056 time=4.043949e-01 dt=5.579645e-05
elapsed=7.907968e+03 cycle=7057 time=4.044507e-01 dt=5.579532e-05
elapsed=7.908951e+03 cycle=7058 time=4.045064e-01 dt=5.579417e-05
elapsed=7.909930e+03 cycle=7059 time=4.045622e-01 dt=5.579303e-05
elapsed=7.911040e+03 cycle=7060 time=4.046180e-01 dt=5.579187e-05
elapsed=7.912000e+03 cycle=7061 time=4.046738e-01 dt=5.579071e-05
elapsed=7.912981e+03 cycle=7062 time=4.047296e-01 dt=5.578954e-05
elapsed=7.913948e+03 cycle=7063 time=4.047854e-01 dt=5.578837e-05
elapsed=7.914912e+03 cycle=7064 time=4.048412e-01 dt=5.578722e-05
elapsed=7.915862e+03 cycle=7065 time=4.048970e-01 dt=5.578607e-05
elapsed=7.916850e+03 cycle=7066 time=4.049528e-01 dt=5.578492e-05
elapsed=7.917833e+03 cycle=7067 time=4.050086e-01 dt=5.578378e-05
elapsed=7.918794e+03 cycle=7068 time=4.050643e-01 dt=5.578264e-05
elapsed=7.919905e+03 cycle=7069 time=4.051201e-01 dt=5.578150e-05
elapsed=7.920853e+03 cycle=7070 time=4.051759e-01 dt=5.578034e-05
elapsed=7.921833e+03 cycle=7071 time=4.052317e-01 dt=5.577919e-05
elapsed=7.922925e+03 cycle=7072 time=4.052875e-01 dt=5.577804e-05
elapsed=7.923872e+03 cycle=7073 time=4.053432e-01 dt=5.577690e-05
elapsed=7.924851e+03 cycle=7074 time=4.053990e-01 dt=5.577574e-05
elapsed=7.925801e+03 cycle=7075 time=4.054548e-01 dt=5.577457e-05
elapsed=7.926785e+03 cycle=7076 time=4.055106e-01 dt=5.577341e-05
elapsed=7.927734e+03 cycle=7077 time=4.055663e-01 dt=5.577225e-05
elapsed=7.928845e+03 cycle=7078 time=4.056221e-01 dt=5.577109e-05
elapsed=7.929824e+03 cycle=7079 time=4.056779e-01 dt=5.576992e-05
elapsed=7.930915e+03 cycle=7080 time=4.057337e-01 dt=5.576876e-05
elapsed=7.931878e+03 cycle=7081 time=4.057894e-01 dt=5.576759e-05
elapsed=7.932828e+03 cycle=7082 time=4.058452e-01 dt=5.576643e-05
elapsed=7.933809e+03 cycle=7083 time=4.059010e-01 dt=5.576526e-05
elapsed=7.934759e+03 cycle=7084 time=4.059567e-01 dt=5.576410e-05
elapsed=7.935741e+03 cycle=7085 time=4.060125e-01 dt=5.576293e-05
elapsed=7.936701e+03 cycle=7086 time=4.060682e-01 dt=5.576173e-05
elapsed=7.937651e+03 cycle=7087 time=4.061240e-01 dt=5.576053e-05
elapsed=7.938618e+03 cycle=7088 time=4.061798e-01 dt=5.575932e-05
elapsed=7.939586e+03 cycle=7089 time=4.062355e-01 dt=5.575811e-05
elapsed=7.940566e+03 cycle=7090 time=4.062913e-01 dt=5.575691e-05
elapsed=7.941513e+03 cycle=7091 time=4.063470e-01 dt=5.575570e-05
elapsed=7.942478e+03 cycle=7092 time=4.064028e-01 dt=5.575450e-05
elapsed=7.943459e+03 cycle=7093 time=4.064586e-01 dt=5.575330e-05
elapsed=7.944420e+03 cycle=7094 time=4.065143e-01 dt=5.575211e-05
elapsed=7.945382e+03 cycle=7095 time=4.065701e-01 dt=5.575093e-05
elapsed=7.946363e+03 cycle=7096 time=4.066258e-01 dt=5.574975e-05
elapsed=7.947310e+03 cycle=7097 time=4.066816e-01 dt=5.574857e-05
elapsed=7.948275e+03 cycle=7098 time=4.067373e-01 dt=5.574738e-05
elapsed=7.949240e+03 cycle=7099 time=4.067931e-01 dt=5.574619e-05
elapsed=7.950212e+03 cycle=7100 time=4.068488e-01 dt=5.574500e-05
elapsed=7.951172e+03 cycle=7101 time=4.069045e-01 dt=5.574381e-05
elapsed=7.952153e+03 cycle=7102 time=4.069603e-01 dt=5.574262e-05
elapsed=7.953119e+03 cycle=7103 time=4.070160e-01 dt=5.574143e-05
elapsed=7.954100e+03 cycle=7104 time=4.070718e-01 dt=5.574025e-05
elapsed=7.955067e+03 cycle=7105 time=4.071275e-01 dt=5.573907e-05
elapsed=7.956037e+03 cycle=7106 time=4.071833e-01 dt=5.573789e-05
elapsed=7.957000e+03 cycle=7107 time=4.072390e-01 dt=5.573672e-05
elapsed=7.958093e+03 cycle=7108 time=4.072947e-01 dt=5.573553e-05
elapsed=7.959074e+03 cycle=7109 time=4.073505e-01 dt=5.573434e-05
elapsed=7.960023e+03 cycle=7110 time=4.074062e-01 dt=5.573314e-05
elapsed=7.960990e+03 cycle=7111 time=4.074619e-01 dt=5.573195e-05
elapsed=7.961955e+03 cycle=7112 time=4.075177e-01 dt=5.573076e-05
elapsed=7.962902e+03 cycle=7113 time=4.075734e-01 dt=5.572957e-05
elapsed=7.963849e+03 cycle=7114 time=4.076291e-01 dt=5.572836e-05
elapsed=7.964820e+03 cycle=7115 time=4.076849e-01 dt=5.572715e-05
elapsed=7.965771e+03 cycle=7116 time=4.077406e-01 dt=5.572594e-05
elapsed=7.966750e+03 cycle=7117 time=4.077963e-01 dt=5.572471e-05
elapsed=7.967730e+03 cycle=7118 time=4.078520e-01 dt=5.572347e-05
elapsed=7.968698e+03 cycle=7119 time=4.079078e-01 dt=5.572223e-05
elapsed=7.969659e+03 cycle=7120 time=4.079635e-01 dt=5.572099e-05
elapsed=7.970605e+03 cycle=7121 time=4.080192e-01 dt=5.571975e-05
elapsed=7.971697e+03 cycle=7122 time=4.080749e-01 dt=5.571852e-05
elapsed=7.972677e+03 cycle=7123 time=4.081306e-01 dt=5.571729e-05
elapsed=7.973638e+03 cycle=7124 time=4.081864e-01 dt=5.571607e-05
elapsed=7.974730e+03 cycle=7125 time=4.082421e-01 dt=5.571483e-05
elapsed=7.975677e+03 cycle=7126 time=4.082978e-01 dt=5.571359e-05
elapsed=7.976625e+03 cycle=7127 time=4.083535e-01 dt=5.571237e-05
elapsed=7.977590e+03 cycle=7128 time=4.084092e-01 dt=5.571115e-05
elapsed=7.978557e+03 cycle=7129 time=4.084649e-01 dt=5.570993e-05
elapsed=7.979520e+03 cycle=7130 time=4.085206e-01 dt=5.570873e-05
elapsed=7.980468e+03 cycle=7131 time=4.085763e-01 dt=5.570753e-05
elapsed=7.981578e+03 cycle=7132 time=4.086320e-01 dt=5.570633e-05
elapsed=7.982525e+03 cycle=7133 time=4.086878e-01 dt=5.570513e-05
elapsed=7.983475e+03 cycle=7134 time=4.087435e-01 dt=5.570393e-05
elapsed=7.984423e+03 cycle=7135 time=4.087992e-01 dt=5.570275e-05
elapsed=7.985402e+03 cycle=7136 time=4.088549e-01 dt=5.570158e-05
elapsed=7.986369e+03 cycle=7137 time=4.089106e-01 dt=5.570041e-05
elapsed=7.987334e+03 cycle=7138 time=4.089663e-01 dt=5.569924e-05
elapsed=7.988295e+03 cycle=7139 time=4.090220e-01 dt=5.569807e-05
elapsed=7.989243e+03 cycle=7140 time=4.090777e-01 dt=5.569689e-05
elapsed=7.990205e+03 cycle=7141 time=4.091334e-01 dt=5.569571e-05
elapsed=7.991185e+03 cycle=7142 time=4.091891e-01 dt=5.569453e-05
elapsed=7.992134e+03 cycle=7143 time=4.092448e-01 dt=5.569336e-05
elapsed=7.993080e+03 cycle=7144 time=4.093004e-01 dt=5.569221e-05
elapsed=7.994059e+03 cycle=7145 time=4.093561e-01 dt=5.569105e-05
elapsed=7.995021e+03 cycle=7146 time=4.094118e-01 dt=5.568990e-05
elapsed=7.996000e+03 cycle=7147 time=4.094675e-01 dt=5.568874e-05
elapsed=7.996981e+03 cycle=7148 time=4.095232e-01 dt=5.568757e-05
elapsed=7.997954e+03 cycle=7149 time=4.095789e-01 dt=5.568640e-05
elapsed=7.998935e+03 cycle=7150 time=4.096346e-01 dt=5.568523e-05
elapsed=7.999904e+03 cycle=7151 time=4.096903e-01 dt=5.568407e-05
elapsed=8.000852e+03 cycle=7152 time=4.097460e-01 dt=5.568292e-05
elapsed=8.001800e+03 cycle=7153 time=4.098016e-01 dt=5.568176e-05
elapsed=8.002748e+03 cycle=7154 time=4.098573e-01 dt=5.568062e-05
elapsed=8.003714e+03 cycle=7155 time=4.099130e-01 dt=5.567948e-05
elapsed=8.004679e+03 cycle=7156 time=4.099687e-01 dt=5.567836e-05
elapsed=8.022719e+03 cycle=7157 time=4.100244e-01 dt=5.567725e-05
elapsed=8.023697e+03 cycle=7158 time=4.100800e-01 dt=5.567616e-05
elapsed=8.024644e+03 cycle=7159 time=4.101357e-01 dt=5.567507e-05
elapsed=8.025624e+03 cycle=7160 time=4.101914e-01 dt=5.567397e-05
elapsed=8.026587e+03 cycle=7161 time=4.102471e-01 dt=5.567286e-05
elapsed=8.027534e+03 cycle=7162 time=4.103027e-01 dt=5.567175e-05
elapsed=8.028513e+03 cycle=7163 time=4.103584e-01 dt=5.567064e-05
elapsed=8.029493e+03 cycle=7164 time=4.104141e-01 dt=5.566953e-05
elapsed=8.030477e+03 cycle=7165 time=4.104697e-01 dt=5.566841e-05
elapsed=8.031445e+03 cycle=7166 time=4.105254e-01 dt=5.566728e-05
elapsed=8.032416e+03 cycle=7167 time=4.105811e-01 dt=5.566615e-05
elapsed=8.033397e+03 cycle=7168 time=4.106367e-01 dt=5.566502e-05
elapsed=8.034345e+03 cycle=7169 time=4.106924e-01 dt=5.566387e-05
elapsed=8.035328e+03 cycle=7170 time=4.107481e-01 dt=5.566270e-05
elapsed=8.036278e+03 cycle=7171 time=4.108037e-01 dt=5.566154e-05
elapsed=8.037258e+03 cycle=7172 time=4.108594e-01 dt=5.566036e-05
elapsed=8.038219e+03 cycle=7173 time=4.109151e-01 dt=5.565918e-05
elapsed=8.039167e+03 cycle=7174 time=4.109707e-01 dt=5.565800e-05
elapsed=8.040133e+03 cycle=7175 time=4.110264e-01 dt=5.565683e-05
elapsed=8.041094e+03 cycle=7176 time=4.110820e-01 dt=5.565565e-05
elapsed=8.042039e+03 cycle=7177 time=4.111377e-01 dt=5.565446e-05
elapsed=8.043018e+03 cycle=7178 time=4.111933e-01 dt=5.565329e-05
elapsed=8.043997e+03 cycle=7179 time=4.112490e-01 dt=5.565212e-05
elapsed=8.044964e+03 cycle=7180 time=4.113046e-01 dt=5.565095e-05
elapsed=8.045923e+03 cycle=7181 time=4.113603e-01 dt=5.564978e-05
elapsed=8.046904e+03 cycle=7182 time=4.114159e-01 dt=5.564861e-05
elapsed=8.047852e+03 cycle=7183 time=4.114716e-01 dt=5.564745e-05
elapsed=8.048963e+03 cycle=7184 time=4.115272e-01 dt=5.564628e-05
elapsed=8.049948e+03 cycle=7185 time=4.115829e-01 dt=5.564511e-05
elapsed=8.051040e+03 cycle=7186 time=4.116385e-01 dt=5.564393e-05
elapsed=8.052008e+03 cycle=7187 time=4.116942e-01 dt=5.564277e-05
elapsed=8.052988e+03 cycle=7188 time=4.117498e-01 dt=5.564159e-05
elapsed=8.053934e+03 cycle=7189 time=4.118055e-01 dt=5.564041e-05
elapsed=8.054894e+03 cycle=7190 time=4.118611e-01 dt=5.563923e-05
elapsed=8.055985e+03 cycle=7191 time=4.119167e-01 dt=5.563805e-05
elapsed=8.056972e+03 cycle=7192 time=4.119724e-01 dt=5.563686e-05
elapsed=8.057922e+03 cycle=7193 time=4.120280e-01 dt=5.563568e-05
elapsed=8.058889e+03 cycle=7194 time=4.120837e-01 dt=5.563451e-05
elapsed=8.059857e+03 cycle=7195 time=4.121393e-01 dt=5.563336e-05
elapsed=8.060828e+03 cycle=7196 time=4.121949e-01 dt=5.563220e-05
elapsed=8.061777e+03 cycle=7197 time=4.122506e-01 dt=5.563104e-05
elapsed=8.062757e+03 cycle=7198 time=4.123062e-01 dt=5.562988e-05
elapsed=8.063719e+03 cycle=7199 time=4.123618e-01 dt=5.562871e-05
elapsed=8.064709e+03 cycle=7200 time=4.124174e-01 dt=5.562754e-05
[Tue Dec 30 08:09:15 EST 2025] Found 11 bin files, deleting 1 oldest...
elapsed=8.065690e+03 cycle=7201 time=4.124731e-01 dt=5.562638e-05
elapsed=8.066658e+03 cycle=7202 time=4.125287e-01 dt=5.562520e-05
[Tue Dec 30 08:09:16 EST 2025] Kept 10 most recent bin files.
elapsed=8.067626e+03 cycle=7203 time=4.125843e-01 dt=5.562402e-05
elapsed=8.068590e+03 cycle=7204 time=4.126399e-01 dt=5.562285e-05
elapsed=8.069557e+03 cycle=7205 time=4.126956e-01 dt=5.562167e-05
elapsed=8.070518e+03 cycle=7206 time=4.127512e-01 dt=5.562052e-05
elapsed=8.071464e+03 cycle=7207 time=4.128068e-01 dt=5.561938e-05
elapsed=8.072431e+03 cycle=7208 time=4.128624e-01 dt=5.561823e-05
elapsed=8.073410e+03 cycle=7209 time=4.129180e-01 dt=5.561708e-05
elapsed=8.074521e+03 cycle=7210 time=4.129737e-01 dt=5.561592e-05
elapsed=8.075484e+03 cycle=7211 time=4.130293e-01 dt=5.561476e-05
elapsed=8.076453e+03 cycle=7212 time=4.130849e-01 dt=5.561359e-05
elapsed=8.077435e+03 cycle=7213 time=4.131405e-01 dt=5.561241e-05
elapsed=8.078417e+03 cycle=7214 time=4.131961e-01 dt=5.561123e-05
elapsed=8.079506e+03 cycle=7215 time=4.132517e-01 dt=5.561005e-05
elapsed=8.080474e+03 cycle=7216 time=4.133073e-01 dt=5.560887e-05
elapsed=8.081420e+03 cycle=7217 time=4.133630e-01 dt=5.560769e-05
elapsed=8.082511e+03 cycle=7218 time=4.134186e-01 dt=5.560653e-05
elapsed=8.083457e+03 cycle=7219 time=4.134742e-01 dt=5.560539e-05
elapsed=8.084437e+03 cycle=7220 time=4.135298e-01 dt=5.560428e-05
elapsed=8.085403e+03 cycle=7221 time=4.135854e-01 dt=5.560318e-05
elapsed=8.086350e+03 cycle=7222 time=4.136410e-01 dt=5.560207e-05
elapsed=8.087463e+03 cycle=7223 time=4.136966e-01 dt=5.560097e-05
elapsed=8.088423e+03 cycle=7224 time=4.137522e-01 dt=5.559986e-05
elapsed=8.089390e+03 cycle=7225 time=4.138078e-01 dt=5.559876e-05
elapsed=8.090337e+03 cycle=7226 time=4.138634e-01 dt=5.559766e-05
elapsed=8.091287e+03 cycle=7227 time=4.139190e-01 dt=5.559656e-05
elapsed=8.092268e+03 cycle=7228 time=4.139746e-01 dt=5.559546e-05
elapsed=8.093381e+03 cycle=7229 time=4.140302e-01 dt=5.559436e-05
elapsed=8.094362e+03 cycle=7230 time=4.140858e-01 dt=5.559325e-05
elapsed=8.095308e+03 cycle=7231 time=4.141414e-01 dt=5.559214e-05
elapsed=8.096292e+03 cycle=7232 time=4.141970e-01 dt=5.559104e-05
elapsed=8.097271e+03 cycle=7233 time=4.142525e-01 dt=5.558995e-05
elapsed=8.098216e+03 cycle=7234 time=4.143081e-01 dt=5.558886e-05
elapsed=8.099164e+03 cycle=7235 time=4.143637e-01 dt=5.558778e-05
elapsed=8.100257e+03 cycle=7236 time=4.144193e-01 dt=5.558670e-05
elapsed=8.101237e+03 cycle=7237 time=4.144749e-01 dt=5.558563e-05
elapsed=8.102217e+03 cycle=7238 time=4.145305e-01 dt=5.558456e-05
elapsed=8.103199e+03 cycle=7239 time=4.145861e-01 dt=5.558348e-05
elapsed=8.104161e+03 cycle=7240 time=4.146416e-01 dt=5.558241e-05
elapsed=8.105124e+03 cycle=7241 time=4.146972e-01 dt=5.558135e-05
elapsed=8.106214e+03 cycle=7242 time=4.147528e-01 dt=5.558028e-05
elapsed=8.107198e+03 cycle=7243 time=4.148084e-01 dt=5.557922e-05
elapsed=8.108160e+03 cycle=7244 time=4.148640e-01 dt=5.557816e-05
elapsed=8.109122e+03 cycle=7245 time=4.149196e-01 dt=5.557708e-05
elapsed=8.110107e+03 cycle=7246 time=4.149751e-01 dt=5.557598e-05
elapsed=8.111071e+03 cycle=7247 time=4.150307e-01 dt=5.557490e-05
elapsed=8.112051e+03 cycle=7248 time=4.150863e-01 dt=5.557382e-05
elapsed=8.112996e+03 cycle=7249 time=4.151419e-01 dt=5.557274e-05
elapsed=8.114107e+03 cycle=7250 time=4.151974e-01 dt=5.557165e-05
elapsed=8.115073e+03 cycle=7251 time=4.152530e-01 dt=5.557055e-05
elapsed=8.116038e+03 cycle=7252 time=4.153086e-01 dt=5.556945e-05
elapsed=8.117002e+03 cycle=7253 time=4.153641e-01 dt=5.556834e-05
elapsed=8.118095e+03 cycle=7254 time=4.154197e-01 dt=5.556724e-05
elapsed=8.119059e+03 cycle=7255 time=4.154753e-01 dt=5.556614e-05
elapsed=8.120027e+03 cycle=7256 time=4.155308e-01 dt=5.556504e-05
elapsed=8.121121e+03 cycle=7257 time=4.155864e-01 dt=5.556393e-05
elapsed=8.122233e+03 cycle=7258 time=4.156420e-01 dt=5.556284e-05
elapsed=8.123179e+03 cycle=7259 time=4.156975e-01 dt=5.556175e-05
elapsed=8.124127e+03 cycle=7260 time=4.157531e-01 dt=5.556066e-05
elapsed=8.125108e+03 cycle=7261 time=4.158087e-01 dt=5.555957e-05
elapsed=8.126201e+03 cycle=7262 time=4.158642e-01 dt=5.555849e-05
elapsed=8.127150e+03 cycle=7263 time=4.159198e-01 dt=5.555741e-05
elapsed=8.128098e+03 cycle=7264 time=4.159753e-01 dt=5.555634e-05
elapsed=8.129064e+03 cycle=7265 time=4.160309e-01 dt=5.555527e-05
elapsed=8.130048e+03 cycle=7266 time=4.160864e-01 dt=5.555419e-05
elapsed=8.131028e+03 cycle=7267 time=4.161420e-01 dt=5.555310e-05
elapsed=8.131995e+03 cycle=7268 time=4.161975e-01 dt=5.555199e-05
elapsed=8.132957e+03 cycle=7269 time=4.162531e-01 dt=5.555089e-05
elapsed=8.133929e+03 cycle=7270 time=4.163087e-01 dt=5.554980e-05
elapsed=8.134893e+03 cycle=7271 time=4.163642e-01 dt=5.554872e-05
elapsed=8.135842e+03 cycle=7272 time=4.164197e-01 dt=5.554764e-05
elapsed=8.136810e+03 cycle=7273 time=4.164753e-01 dt=5.554657e-05
elapsed=8.137775e+03 cycle=7274 time=4.165308e-01 dt=5.554549e-05
elapsed=8.138735e+03 cycle=7275 time=4.165864e-01 dt=5.554442e-05
elapsed=8.139681e+03 cycle=7276 time=4.166419e-01 dt=5.554333e-05
elapsed=8.140661e+03 cycle=7277 time=4.166975e-01 dt=5.554224e-05
elapsed=8.141624e+03 cycle=7278 time=4.167530e-01 dt=5.554115e-05
elapsed=8.142604e+03 cycle=7279 time=4.168086e-01 dt=5.554005e-05
elapsed=8.143567e+03 cycle=7280 time=4.168641e-01 dt=5.553896e-05
elapsed=8.144534e+03 cycle=7281 time=4.169196e-01 dt=5.553787e-05
elapsed=8.145519e+03 cycle=7282 time=4.169752e-01 dt=5.553679e-05
elapsed=8.146482e+03 cycle=7283 time=4.170307e-01 dt=5.553570e-05
elapsed=8.147445e+03 cycle=7284 time=4.170862e-01 dt=5.553461e-05
elapsed=8.148427e+03 cycle=7285 time=4.171418e-01 dt=5.553351e-05
elapsed=8.149373e+03 cycle=7286 time=4.171973e-01 dt=5.553240e-05
elapsed=8.150322e+03 cycle=7287 time=4.172528e-01 dt=5.553129e-05
elapsed=8.151304e+03 cycle=7288 time=4.173084e-01 dt=5.553019e-05
elapsed=8.152416e+03 cycle=7289 time=4.173639e-01 dt=5.552909e-05
elapsed=8.153365e+03 cycle=7290 time=4.174194e-01 dt=5.552799e-05
elapsed=8.154455e+03 cycle=7291 time=4.174750e-01 dt=5.552689e-05
elapsed=8.155404e+03 cycle=7292 time=4.175305e-01 dt=5.552579e-05
elapsed=8.156367e+03 cycle=7293 time=4.175860e-01 dt=5.552469e-05
elapsed=8.157477e+03 cycle=7294 time=4.176415e-01 dt=5.552359e-05
elapsed=8.158460e+03 cycle=7295 time=4.176971e-01 dt=5.552250e-05
elapsed=8.159427e+03 cycle=7296 time=4.177526e-01 dt=5.552141e-05
elapsed=8.160409e+03 cycle=7297 time=4.178081e-01 dt=5.552032e-05
elapsed=8.161391e+03 cycle=7298 time=4.178636e-01 dt=5.551922e-05
elapsed=8.162341e+03 cycle=7299 time=4.179192e-01 dt=5.551814e-05
elapsed=8.163306e+03 cycle=7300 time=4.179747e-01 dt=5.551705e-05
elapsed=8.164271e+03 cycle=7301 time=4.180302e-01 dt=5.551596e-05
elapsed=8.165220e+03 cycle=7302 time=4.180857e-01 dt=5.551487e-05
elapsed=8.166188e+03 cycle=7303 time=4.181412e-01 dt=5.551378e-05
elapsed=8.167149e+03 cycle=7304 time=4.181967e-01 dt=5.551269e-05
elapsed=8.168129e+03 cycle=7305 time=4.182522e-01 dt=5.551160e-05
elapsed=8.169076e+03 cycle=7306 time=4.183078e-01 dt=5.551051e-05
elapsed=8.170028e+03 cycle=7307 time=4.183633e-01 dt=5.550942e-05
elapsed=8.170975e+03 cycle=7308 time=4.184188e-01 dt=5.550832e-05
elapsed=8.172093e+03 cycle=7309 time=4.184743e-01 dt=5.550723e-05
elapsed=8.173042e+03 cycle=7310 time=4.185298e-01 dt=5.550614e-05
elapsed=8.173991e+03 cycle=7311 time=4.185853e-01 dt=5.550504e-05
elapsed=8.174951e+03 cycle=7312 time=4.186408e-01 dt=5.550394e-05
elapsed=8.175930e+03 cycle=7313 time=4.186963e-01 dt=5.550284e-05
elapsed=8.176917e+03 cycle=7314 time=4.187518e-01 dt=5.550173e-05
elapsed=8.177877e+03 cycle=7315 time=4.188073e-01 dt=5.550062e-05
elapsed=8.178844e+03 cycle=7316 time=4.188628e-01 dt=5.549952e-05
elapsed=8.179789e+03 cycle=7317 time=4.189183e-01 dt=5.549841e-05
elapsed=8.180758e+03 cycle=7318 time=4.189738e-01 dt=5.549729e-05
elapsed=8.181709e+03 cycle=7319 time=4.190293e-01 dt=5.549615e-05
elapsed=8.182689e+03 cycle=7320 time=4.190848e-01 dt=5.549503e-05
elapsed=8.183655e+03 cycle=7321 time=4.191403e-01 dt=5.549390e-05
elapsed=8.184602e+03 cycle=7322 time=4.191958e-01 dt=5.549277e-05
elapsed=8.185581e+03 cycle=7323 time=4.192513e-01 dt=5.549165e-05
elapsed=8.186545e+03 cycle=7324 time=4.193068e-01 dt=5.549053e-05
elapsed=8.187527e+03 cycle=7325 time=4.193623e-01 dt=5.548942e-05
elapsed=8.188509e+03 cycle=7326 time=4.194178e-01 dt=5.548832e-05
elapsed=8.189476e+03 cycle=7327 time=4.194732e-01 dt=5.548723e-05
elapsed=8.190457e+03 cycle=7328 time=4.195287e-01 dt=5.548613e-05
elapsed=8.191419e+03 cycle=7329 time=4.195842e-01 dt=5.548505e-05
elapsed=8.192397e+03 cycle=7330 time=4.196397e-01 dt=5.548397e-05
elapsed=8.193346e+03 cycle=7331 time=4.196952e-01 dt=5.548289e-05
elapsed=8.194294e+03 cycle=7332 time=4.197507e-01 dt=5.548181e-05
elapsed=8.195259e+03 cycle=7333 time=4.198062e-01 dt=5.548074e-05
elapsed=8.196221e+03 cycle=7334 time=4.198616e-01 dt=5.547968e-05
elapsed=8.197188e+03 cycle=7335 time=4.199171e-01 dt=5.547863e-05
elapsed=8.198177e+03 cycle=7336 time=4.199726e-01 dt=5.547757e-05
elapsed=8.218167e+03 cycle=7337 time=4.200281e-01 dt=5.547652e-05
elapsed=8.219150e+03 cycle=7338 time=4.200835e-01 dt=5.547546e-05
elapsed=8.220118e+03 cycle=7339 time=4.201390e-01 dt=5.547441e-05
elapsed=8.221230e+03 cycle=7340 time=4.201945e-01 dt=5.547336e-05
elapsed=8.222198e+03 cycle=7341 time=4.202500e-01 dt=5.547232e-05
elapsed=8.223164e+03 cycle=7342 time=4.203054e-01 dt=5.547130e-05
elapsed=8.224130e+03 cycle=7343 time=4.203609e-01 dt=5.547027e-05
elapsed=8.225096e+03 cycle=7344 time=4.204164e-01 dt=5.546925e-05
elapsed=8.226080e+03 cycle=7345 time=4.204719e-01 dt=5.546821e-05
elapsed=8.227047e+03 cycle=7346 time=4.205273e-01 dt=5.546717e-05
elapsed=8.228158e+03 cycle=7347 time=4.205828e-01 dt=5.546613e-05
elapsed=8.229250e+03 cycle=7348 time=4.206383e-01 dt=5.546508e-05
elapsed=8.230199e+03 cycle=7349 time=4.206937e-01 dt=5.546404e-05
elapsed=8.231163e+03 cycle=7350 time=4.207492e-01 dt=5.546300e-05
elapsed=8.232142e+03 cycle=7351 time=4.208046e-01 dt=5.546195e-05
elapsed=8.233252e+03 cycle=7352 time=4.208601e-01 dt=5.546091e-05
elapsed=8.234231e+03 cycle=7353 time=4.209156e-01 dt=5.545987e-05
elapsed=8.235193e+03 cycle=7354 time=4.209710e-01 dt=5.545882e-05
elapsed=8.236173e+03 cycle=7355 time=4.210265e-01 dt=5.545777e-05
elapsed=8.237138e+03 cycle=7356 time=4.210819e-01 dt=5.545671e-05
elapsed=8.238104e+03 cycle=7357 time=4.211374e-01 dt=5.545565e-05
elapsed=8.239052e+03 cycle=7358 time=4.211929e-01 dt=5.545460e-05
elapsed=8.240019e+03 cycle=7359 time=4.212483e-01 dt=5.545354e-05
elapsed=8.240983e+03 cycle=7360 time=4.213038e-01 dt=5.545249e-05
elapsed=8.241966e+03 cycle=7361 time=4.213592e-01 dt=5.545144e-05
elapsed=8.242933e+03 cycle=7362 time=4.214147e-01 dt=5.545040e-05
elapsed=8.243878e+03 cycle=7363 time=4.214701e-01 dt=5.544935e-05
elapsed=8.244859e+03 cycle=7364 time=4.215256e-01 dt=5.544830e-05
elapsed=8.245973e+03 cycle=7365 time=4.215810e-01 dt=5.544724e-05
elapsed=8.246940e+03 cycle=7366 time=4.216365e-01 dt=5.544617e-05
[Tue Dec 30 08:12:16 EST 2025] Found 11 bin files, deleting 1 oldest...
elapsed=8.247884e+03 cycle=7367 time=4.216919e-01 dt=5.544510e-05
[Tue Dec 30 08:12:18 EST 2025] Kept 10 most recent bin files.
elapsed=8.248998e+03 cycle=7368 time=4.217474e-01 dt=5.544404e-05
elapsed=8.249961e+03 cycle=7369 time=4.218028e-01 dt=5.544298e-05
elapsed=8.250940e+03 cycle=7370 time=4.218582e-01 dt=5.544194e-05
elapsed=8.252056e+03 cycle=7371 time=4.219137e-01 dt=5.544091e-05
elapsed=8.253022e+03 cycle=7372 time=4.219691e-01 dt=5.543988e-05
elapsed=8.254138e+03 cycle=7373 time=4.220246e-01 dt=5.543885e-05
elapsed=8.255235e+03 cycle=7374 time=4.220800e-01 dt=5.543782e-05
elapsed=8.256186e+03 cycle=7375 time=4.221354e-01 dt=5.543680e-05
elapsed=8.257149e+03 cycle=7376 time=4.221909e-01 dt=5.543578e-05
elapsed=8.258128e+03 cycle=7377 time=4.222463e-01 dt=5.543475e-05
elapsed=8.259238e+03 cycle=7378 time=4.223017e-01 dt=5.543372e-05
elapsed=8.260203e+03 cycle=7379 time=4.223572e-01 dt=5.543270e-05
elapsed=8.261168e+03 cycle=7380 time=4.224126e-01 dt=5.543169e-05
elapsed=8.262113e+03 cycle=7381 time=4.224680e-01 dt=5.543067e-05
elapsed=8.263097e+03 cycle=7382 time=4.225235e-01 dt=5.542966e-05
elapsed=8.264059e+03 cycle=7383 time=4.225789e-01 dt=5.542865e-05
elapsed=8.265020e+03 cycle=7384 time=4.226343e-01 dt=5.542763e-05
elapsed=8.265999e+03 cycle=7385 time=4.226898e-01 dt=5.542662e-05
elapsed=8.267093e+03 cycle=7386 time=4.227452e-01 dt=5.542560e-05
elapsed=8.268043e+03 cycle=7387 time=4.228006e-01 dt=5.542458e-05
elapsed=8.269005e+03 cycle=7388 time=4.228560e-01 dt=5.542355e-05
elapsed=8.269977e+03 cycle=7389 time=4.229115e-01 dt=5.542253e-05
elapsed=8.271070e+03 cycle=7390 time=4.229669e-01 dt=5.542151e-05
elapsed=8.272038e+03 cycle=7391 time=4.230223e-01 dt=5.542049e-05
elapsed=8.273149e+03 cycle=7392 time=4.230777e-01 dt=5.541947e-05
elapsed=8.274114e+03 cycle=7393 time=4.231331e-01 dt=5.541845e-05
elapsed=8.275098e+03 cycle=7394 time=4.231886e-01 dt=5.541742e-05
elapsed=8.276078e+03 cycle=7395 time=4.232440e-01 dt=5.541638e-05
elapsed=8.277024e+03 cycle=7396 time=4.232994e-01 dt=5.541534e-05
elapsed=8.277977e+03 cycle=7397 time=4.233548e-01 dt=5.541430e-05
elapsed=8.278926e+03 cycle=7398 time=4.234102e-01 dt=5.541326e-05
elapsed=8.279893e+03 cycle=7399 time=4.234656e-01 dt=5.541221e-05
elapsed=8.280858e+03 cycle=7400 time=4.235211e-01 dt=5.541117e-05
elapsed=8.281807e+03 cycle=7401 time=4.235765e-01 dt=5.541012e-05
elapsed=8.282899e+03 cycle=7402 time=4.236319e-01 dt=5.540908e-05
elapsed=8.283866e+03 cycle=7403 time=4.236873e-01 dt=5.540805e-05
elapsed=8.284830e+03 cycle=7404 time=4.237427e-01 dt=5.540702e-05
elapsed=8.285780e+03 cycle=7405 time=4.237981e-01 dt=5.540598e-05
elapsed=8.286742e+03 cycle=7406 time=4.238535e-01 dt=5.540495e-05
elapsed=8.287706e+03 cycle=7407 time=4.239089e-01 dt=5.540392e-05
elapsed=8.288685e+03 cycle=7408 time=4.239643e-01 dt=5.540288e-05
elapsed=8.289633e+03 cycle=7409 time=4.240197e-01 dt=5.540185e-05
elapsed=8.290743e+03 cycle=7410 time=4.240751e-01 dt=5.540082e-05
elapsed=8.291691e+03 cycle=7411 time=4.241305e-01 dt=5.539979e-05
elapsed=8.292641e+03 cycle=7412 time=4.241859e-01 dt=5.539875e-05
elapsed=8.293587e+03 cycle=7413 time=4.242413e-01 dt=5.539773e-05
elapsed=8.294570e+03 cycle=7414 time=4.242967e-01 dt=5.539670e-05
elapsed=8.295518e+03 cycle=7415 time=4.243521e-01 dt=5.539568e-05
elapsed=8.296468e+03 cycle=7416 time=4.244075e-01 dt=5.539466e-05
elapsed=8.297433e+03 cycle=7417 time=4.244629e-01 dt=5.539365e-05
elapsed=8.298383e+03 cycle=7418 time=4.245183e-01 dt=5.539264e-05
elapsed=8.299366e+03 cycle=7419 time=4.245737e-01 dt=5.539162e-05
elapsed=8.300316e+03 cycle=7420 time=4.246291e-01 dt=5.539061e-05
elapsed=8.301262e+03 cycle=7421 time=4.246845e-01 dt=5.538960e-05
elapsed=8.302226e+03 cycle=7422 time=4.247399e-01 dt=5.538858e-05
elapsed=8.303319e+03 cycle=7423 time=4.247953e-01 dt=5.538756e-05
elapsed=8.304302e+03 cycle=7424 time=4.248506e-01 dt=5.538653e-05
elapsed=8.305264e+03 cycle=7425 time=4.249060e-01 dt=5.538550e-05
elapsed=8.306249e+03 cycle=7426 time=4.249614e-01 dt=5.538448e-05
elapsed=8.307201e+03 cycle=7427 time=4.250168e-01 dt=5.538345e-05
elapsed=8.308162e+03 cycle=7428 time=4.250722e-01 dt=5.538244e-05
elapsed=8.309124e+03 cycle=7429 time=4.251276e-01 dt=5.538142e-05
elapsed=8.310088e+03 cycle=7430 time=4.251829e-01 dt=5.538041e-05
elapsed=8.311055e+03 cycle=7431 time=4.252383e-01 dt=5.537939e-05
elapsed=8.312003e+03 cycle=7432 time=4.252937e-01 dt=5.537837e-05
elapsed=8.312966e+03 cycle=7433 time=4.253491e-01 dt=5.537737e-05
elapsed=8.313946e+03 cycle=7434 time=4.254045e-01 dt=5.537638e-05
elapsed=8.314932e+03 cycle=7435 time=4.254598e-01 dt=5.537541e-05
elapsed=8.315895e+03 cycle=7436 time=4.255152e-01 dt=5.537444e-05
elapsed=8.316859e+03 cycle=7437 time=4.255706e-01 dt=5.537347e-05
elapsed=8.317824e+03 cycle=7438 time=4.256260e-01 dt=5.537248e-05
elapsed=8.318770e+03 cycle=7439 time=4.256813e-01 dt=5.537148e-05
elapsed=8.319748e+03 cycle=7440 time=4.257367e-01 dt=5.537048e-05
elapsed=8.320841e+03 cycle=7441 time=4.257921e-01 dt=5.536948e-05
elapsed=8.321790e+03 cycle=7442 time=4.258474e-01 dt=5.536849e-05
elapsed=8.322752e+03 cycle=7443 time=4.259028e-01 dt=5.536752e-05
elapsed=8.323699e+03 cycle=7444 time=4.259582e-01 dt=5.536655e-05
elapsed=8.324643e+03 cycle=7445 time=4.260135e-01 dt=5.536559e-05
elapsed=8.325611e+03 cycle=7446 time=4.260689e-01 dt=5.536461e-05
elapsed=8.326598e+03 cycle=7447 time=4.261243e-01 dt=5.536365e-05
elapsed=8.327559e+03 cycle=7448 time=4.261796e-01 dt=5.536270e-05
elapsed=8.328509e+03 cycle=7449 time=4.262350e-01 dt=5.536175e-05
elapsed=8.329499e+03 cycle=7450 time=4.262904e-01 dt=5.536080e-05
elapsed=8.330445e+03 cycle=7451 time=4.263457e-01 dt=5.535986e-05
elapsed=8.331392e+03 cycle=7452 time=4.264011e-01 dt=5.535893e-05
elapsed=8.332364e+03 cycle=7453 time=4.264564e-01 dt=5.535800e-05
elapsed=8.333338e+03 cycle=7454 time=4.265118e-01 dt=5.535708e-05
elapsed=8.334284e+03 cycle=7455 time=4.265672e-01 dt=5.535615e-05
elapsed=8.335245e+03 cycle=7456 time=4.266225e-01 dt=5.535523e-05
elapsed=8.336193e+03 cycle=7457 time=4.266779e-01 dt=5.535432e-05
elapsed=8.337304e+03 cycle=7458 time=4.267332e-01 dt=5.535340e-05
elapsed=8.338252e+03 cycle=7459 time=4.267886e-01 dt=5.535248e-05
elapsed=8.339234e+03 cycle=7460 time=4.268439e-01 dt=5.535155e-05
elapsed=8.340217e+03 cycle=7461 time=4.268993e-01 dt=5.535061e-05
elapsed=8.341165e+03 cycle=7462 time=4.269546e-01 dt=5.534968e-05
elapsed=8.342133e+03 cycle=7463 time=4.270100e-01 dt=5.534874e-05
elapsed=8.343225e+03 cycle=7464 time=4.270653e-01 dt=5.534779e-05
elapsed=8.344174e+03 cycle=7465 time=4.271207e-01 dt=5.534687e-05
elapsed=8.345152e+03 cycle=7466 time=4.271760e-01 dt=5.534597e-05
elapsed=8.346132e+03 cycle=7467 time=4.272314e-01 dt=5.534508e-05
elapsed=8.347095e+03 cycle=7468 time=4.272867e-01 dt=5.534418e-05
elapsed=8.348055e+03 cycle=7469 time=4.273421e-01 dt=5.534329e-05
elapsed=8.349034e+03 cycle=7470 time=4.273974e-01 dt=5.534239e-05
elapsed=8.349983e+03 cycle=7471 time=4.274527e-01 dt=5.534150e-05
elapsed=8.350947e+03 cycle=7472 time=4.275081e-01 dt=5.534060e-05
elapsed=8.351907e+03 cycle=7473 time=4.275634e-01 dt=5.533969e-05
elapsed=8.352893e+03 cycle=7474 time=4.276188e-01 dt=5.533876e-05
elapsed=8.353841e+03 cycle=7475 time=4.276741e-01 dt=5.533783e-05
elapsed=8.354787e+03 cycle=7476 time=4.277294e-01 dt=5.533690e-05
elapsed=8.355752e+03 cycle=7477 time=4.277848e-01 dt=5.533599e-05
elapsed=8.356720e+03 cycle=7478 time=4.278401e-01 dt=5.533509e-05
elapsed=8.357810e+03 cycle=7479 time=4.278955e-01 dt=5.533418e-05
elapsed=8.358769e+03 cycle=7480 time=4.279508e-01 dt=5.533328e-05
elapsed=8.359749e+03 cycle=7481 time=4.280061e-01 dt=5.533237e-05
elapsed=8.360729e+03 cycle=7482 time=4.280615e-01 dt=5.533145e-05
elapsed=8.361697e+03 cycle=7483 time=4.281168e-01 dt=5.533053e-05
elapsed=8.362686e+03 cycle=7484 time=4.281721e-01 dt=5.532961e-05
elapsed=8.363652e+03 cycle=7485 time=4.282274e-01 dt=5.532869e-05
elapsed=8.364599e+03 cycle=7486 time=4.282828e-01 dt=5.532777e-05
elapsed=8.365579e+03 cycle=7487 time=4.283381e-01 dt=5.532685e-05
elapsed=8.366689e+03 cycle=7488 time=4.283934e-01 dt=5.532593e-05
elapsed=8.367652e+03 cycle=7489 time=4.284488e-01 dt=5.532500e-05
elapsed=8.368619e+03 cycle=7490 time=4.285041e-01 dt=5.532406e-05
elapsed=8.369590e+03 cycle=7491 time=4.285594e-01 dt=5.532313e-05
elapsed=8.370683e+03 cycle=7492 time=4.286147e-01 dt=5.532219e-05
elapsed=8.371629e+03 cycle=7493 time=4.286700e-01 dt=5.532126e-05
elapsed=8.372591e+03 cycle=7494 time=4.287254e-01 dt=5.532032e-05
elapsed=8.373555e+03 cycle=7495 time=4.287807e-01 dt=5.531938e-05
elapsed=8.374502e+03 cycle=7496 time=4.288360e-01 dt=5.531844e-05
elapsed=8.375464e+03 cycle=7497 time=4.288913e-01 dt=5.531750e-05
elapsed=8.376430e+03 cycle=7498 time=4.289466e-01 dt=5.531657e-05
elapsed=8.377392e+03 cycle=7499 time=4.290020e-01 dt=5.531563e-05
elapsed=8.378341e+03 cycle=7500 time=4.290573e-01 dt=5.531470e-05
elapsed=8.379307e+03 cycle=7501 time=4.291126e-01 dt=5.531377e-05
elapsed=8.380419e+03 cycle=7502 time=4.291679e-01 dt=5.531284e-05
elapsed=8.381514e+03 cycle=7503 time=4.292232e-01 dt=5.531190e-05
elapsed=8.382478e+03 cycle=7504 time=4.292785e-01 dt=5.531096e-05
elapsed=8.383446e+03 cycle=7505 time=4.293338e-01 dt=5.531002e-05
elapsed=8.384410e+03 cycle=7506 time=4.293892e-01 dt=5.530907e-05
elapsed=8.385357e+03 cycle=7507 time=4.294445e-01 dt=5.530812e-05
elapsed=8.386342e+03 cycle=7508 time=4.294998e-01 dt=5.530716e-05
elapsed=8.387291e+03 cycle=7509 time=4.295551e-01 dt=5.530621e-05
elapsed=8.388272e+03 cycle=7510 time=4.296104e-01 dt=5.530525e-05
elapsed=8.389217e+03 cycle=7511 time=4.296657e-01 dt=5.530428e-05
elapsed=8.390184e+03 cycle=7512 time=4.297210e-01 dt=5.530330e-05
elapsed=8.391152e+03 cycle=7513 time=4.297763e-01 dt=5.530233e-05
elapsed=8.392244e+03 cycle=7514 time=4.298316e-01 dt=5.530134e-05
elapsed=8.393205e+03 cycle=7515 time=4.298869e-01 dt=5.530034e-05
elapsed=8.394186e+03 cycle=7516 time=4.299422e-01 dt=5.529934e-05
elapsed=8.395152e+03 cycle=7517 time=4.299975e-01 dt=5.529834e-05
elapsed=8.414710e+03 cycle=7518 time=4.300528e-01 dt=5.529735e-05
elapsed=8.415823e+03 cycle=7519 time=4.301081e-01 dt=5.529638e-05
elapsed=8.416771e+03 cycle=7520 time=4.301634e-01 dt=5.529541e-05
elapsed=8.417883e+03 cycle=7521 time=4.302187e-01 dt=5.529444e-05
elapsed=8.418862e+03 cycle=7522 time=4.302740e-01 dt=5.529347e-05
elapsed=8.419841e+03 cycle=7523 time=4.303293e-01 dt=5.529250e-05
elapsed=8.420825e+03 cycle=7524 time=4.303846e-01 dt=5.529153e-05
elapsed=8.421918e+03 cycle=7525 time=4.304399e-01 dt=5.529057e-05
elapsed=8.422904e+03 cycle=7526 time=4.304951e-01 dt=5.528961e-05
elapsed=8.423851e+03 cycle=7527 time=4.305504e-01 dt=5.528865e-05
elapsed=8.424832e+03 cycle=7528 time=4.306057e-01 dt=5.528770e-05
elapsed=8.425802e+03 cycle=7529 time=4.306610e-01 dt=5.528675e-05
elapsed=8.426789e+03 cycle=7530 time=4.307163e-01 dt=5.528581e-05
elapsed=8.427749e+03 cycle=7531 time=4.307716e-01 dt=5.528486e-05
elapsed=8.428722e+03 cycle=7532 time=4.308269e-01 dt=5.528391e-05
[Tue Dec 30 08:15:18 EST 2025] Found 11 bin files, deleting 1 oldest...
elapsed=8.429671e+03 cycle=7533 time=4.308822e-01 dt=5.528297e-05
[Tue Dec 30 08:15:20 EST 2025] Kept 10 most recent bin files.
elapsed=8.430654e+03 cycle=7534 time=4.309374e-01 dt=5.528203e-05
elapsed=8.431621e+03 cycle=7535 time=4.309927e-01 dt=5.528109e-05
elapsed=8.432567e+03 cycle=7536 time=4.310480e-01 dt=5.528015e-05
elapsed=8.433533e+03 cycle=7537 time=4.311033e-01 dt=5.527921e-05
elapsed=8.434498e+03 cycle=7538 time=4.311586e-01 dt=5.527828e-05
elapsed=8.435479e+03 cycle=7539 time=4.312138e-01 dt=5.527736e-05
elapsed=8.436439e+03 cycle=7540 time=4.312691e-01 dt=5.527643e-05
elapsed=8.437405e+03 cycle=7541 time=4.313244e-01 dt=5.527551e-05
elapsed=8.438365e+03 cycle=7542 time=4.313797e-01 dt=5.527458e-05
elapsed=8.439334e+03 cycle=7543 time=4.314349e-01 dt=5.527365e-05
elapsed=8.440295e+03 cycle=7544 time=4.314902e-01 dt=5.527272e-05
elapsed=8.441406e+03 cycle=7545 time=4.315455e-01 dt=5.527179e-05
elapsed=8.442376e+03 cycle=7546 time=4.316008e-01 dt=5.527086e-05
elapsed=8.443339e+03 cycle=7547 time=4.316560e-01 dt=5.526992e-05
elapsed=8.444306e+03 cycle=7548 time=4.317113e-01 dt=5.526897e-05
elapsed=8.445287e+03 cycle=7549 time=4.317666e-01 dt=5.526803e-05
elapsed=8.446270e+03 cycle=7550 time=4.318218e-01 dt=5.526709e-05
elapsed=8.447238e+03 cycle=7551 time=4.318771e-01 dt=5.526615e-05
elapsed=8.448199e+03 cycle=7552 time=4.319324e-01 dt=5.526519e-05
elapsed=8.449165e+03 cycle=7553 time=4.319876e-01 dt=5.526421e-05
elapsed=8.450144e+03 cycle=7554 time=4.320429e-01 dt=5.526324e-05
elapsed=8.451107e+03 cycle=7555 time=4.320982e-01 dt=5.526226e-05
elapsed=8.452056e+03 cycle=7556 time=4.321534e-01 dt=5.526128e-05
elapsed=8.453024e+03 cycle=7557 time=4.322087e-01 dt=5.526030e-05
elapsed=8.453970e+03 cycle=7558 time=4.322639e-01 dt=5.525932e-05
elapsed=8.455081e+03 cycle=7559 time=4.323192e-01 dt=5.525836e-05
elapsed=8.456191e+03 cycle=7560 time=4.323745e-01 dt=5.525740e-05
elapsed=8.457175e+03 cycle=7561 time=4.324297e-01 dt=5.525645e-05
elapsed=8.458285e+03 cycle=7562 time=4.324850e-01 dt=5.525550e-05
elapsed=8.459252e+03 cycle=7563 time=4.325402e-01 dt=5.525455e-05
elapsed=8.460219e+03 cycle=7564 time=4.325955e-01 dt=5.525361e-05
elapsed=8.461182e+03 cycle=7565 time=4.326507e-01 dt=5.525268e-05
elapsed=8.462144e+03 cycle=7566 time=4.327060e-01 dt=5.525175e-05
elapsed=8.463108e+03 cycle=7567 time=4.327612e-01 dt=5.525083e-05
elapsed=8.464078e+03 cycle=7568 time=4.328165e-01 dt=5.524991e-05
elapsed=8.465039e+03 cycle=7569 time=4.328717e-01 dt=5.524899e-05
elapsed=8.466000e+03 cycle=7570 time=4.329270e-01 dt=5.524808e-05
elapsed=8.466980e+03 cycle=7571 time=4.329822e-01 dt=5.524715e-05
elapsed=8.467946e+03 cycle=7572 time=4.330375e-01 dt=5.524622e-05
elapsed=8.468913e+03 cycle=7573 time=4.330927e-01 dt=5.524528e-05
elapsed=8.469879e+03 cycle=7574 time=4.331480e-01 dt=5.524435e-05
elapsed=8.470828e+03 cycle=7575 time=4.332032e-01 dt=5.524343e-05
elapsed=8.471807e+03 cycle=7576 time=4.332585e-01 dt=5.524252e-05
elapsed=8.472756e+03 cycle=7577 time=4.333137e-01 dt=5.524159e-05
elapsed=8.473705e+03 cycle=7578 time=4.333690e-01 dt=5.524066e-05
elapsed=8.474687e+03 cycle=7579 time=4.334242e-01 dt=5.523973e-05
elapsed=8.475780e+03 cycle=7580 time=4.334794e-01 dt=5.523880e-05
elapsed=8.476891e+03 cycle=7581 time=4.335347e-01 dt=5.523788e-05
elapsed=8.477858e+03 cycle=7582 time=4.335899e-01 dt=5.523697e-05
elapsed=8.478808e+03 cycle=7583 time=4.336451e-01 dt=5.523605e-05
elapsed=8.479755e+03 cycle=7584 time=4.337004e-01 dt=5.523513e-05
elapsed=8.480740e+03 cycle=7585 time=4.337556e-01 dt=5.523421e-05
elapsed=8.481690e+03 cycle=7586 time=4.338109e-01 dt=5.523329e-05
elapsed=8.482802e+03 cycle=7587 time=4.338661e-01 dt=5.523236e-05
elapsed=8.483767e+03 cycle=7588 time=4.339213e-01 dt=5.523142e-05
elapsed=8.484729e+03 cycle=7589 time=4.339766e-01 dt=5.523048e-05
elapsed=8.485712e+03 cycle=7590 time=4.340318e-01 dt=5.522953e-05
elapsed=8.486699e+03 cycle=7591 time=4.340870e-01 dt=5.522858e-05
elapsed=8.487664e+03 cycle=7592 time=4.341422e-01 dt=5.522763e-05
elapsed=8.488609e+03 cycle=7593 time=4.341975e-01 dt=5.522668e-05
elapsed=8.489555e+03 cycle=7594 time=4.342527e-01 dt=5.522575e-05
elapsed=8.490520e+03 cycle=7595 time=4.343079e-01 dt=5.522483e-05
elapsed=8.491467e+03 cycle=7596 time=4.343631e-01 dt=5.522392e-05
elapsed=8.492415e+03 cycle=7597 time=4.344184e-01 dt=5.522299e-05
elapsed=8.493368e+03 cycle=7598 time=4.344736e-01 dt=5.522207e-05
elapsed=8.494314e+03 cycle=7599 time=4.345288e-01 dt=5.522114e-05
elapsed=8.495279e+03 cycle=7600 time=4.345840e-01 dt=5.522021e-05
elapsed=8.496374e+03 cycle=7601 time=4.346393e-01 dt=5.521927e-05
elapsed=8.497326e+03 cycle=7602 time=4.346945e-01 dt=5.521833e-05
elapsed=8.498294e+03 cycle=7603 time=4.347497e-01 dt=5.521738e-05
elapsed=8.499259e+03 cycle=7604 time=4.348049e-01 dt=5.521643e-05
elapsed=8.500208e+03 cycle=7605 time=4.348601e-01 dt=5.521549e-05
elapsed=8.501158e+03 cycle=7606 time=4.349153e-01 dt=5.521455e-05
elapsed=8.502122e+03 cycle=7607 time=4.349706e-01 dt=5.521362e-05
elapsed=8.503101e+03 cycle=7608 time=4.350258e-01 dt=5.521270e-05
elapsed=8.504066e+03 cycle=7609 time=4.350810e-01 dt=5.521178e-05
elapsed=8.505032e+03 cycle=7610 time=4.351362e-01 dt=5.521087e-05
elapsed=8.506011e+03 cycle=7611 time=4.351914e-01 dt=5.520996e-05
elapsed=8.506978e+03 cycle=7612 time=4.352466e-01 dt=5.520907e-05
elapsed=8.507926e+03 cycle=7613 time=4.353018e-01 dt=5.520817e-05
elapsed=8.509018e+03 cycle=7614 time=4.353570e-01 dt=5.520729e-05
elapsed=8.509999e+03 cycle=7615 time=4.354122e-01 dt=5.520641e-05
elapsed=8.510948e+03 cycle=7616 time=4.354674e-01 dt=5.520552e-05
elapsed=8.511899e+03 cycle=7617 time=4.355227e-01 dt=5.520464e-05
elapsed=8.512860e+03 cycle=7618 time=4.355779e-01 dt=5.520376e-05
elapsed=8.513845e+03 cycle=7619 time=4.356331e-01 dt=5.520288e-05
elapsed=8.514807e+03 cycle=7620 time=4.356883e-01 dt=5.520201e-05
elapsed=8.515774e+03 cycle=7621 time=4.357435e-01 dt=5.520116e-05
elapsed=8.516885e+03 cycle=7622 time=4.357987e-01 dt=5.520034e-05
elapsed=8.517845e+03 cycle=7623 time=4.358539e-01 dt=5.519954e-05
elapsed=8.518808e+03 cycle=7624 time=4.359091e-01 dt=5.519874e-05
elapsed=8.519787e+03 cycle=7625 time=4.359643e-01 dt=5.519793e-05
elapsed=8.520754e+03 cycle=7626 time=4.360195e-01 dt=5.519711e-05
elapsed=8.521846e+03 cycle=7627 time=4.360747e-01 dt=5.519629e-05
elapsed=8.522811e+03 cycle=7628 time=4.361299e-01 dt=5.519546e-05
elapsed=8.523758e+03 cycle=7629 time=4.361851e-01 dt=5.519463e-05
elapsed=8.524724e+03 cycle=7630 time=4.362402e-01 dt=5.519380e-05
elapsed=8.525704e+03 cycle=7631 time=4.362954e-01 dt=5.519299e-05
elapsed=8.526814e+03 cycle=7632 time=4.363506e-01 dt=5.519217e-05
elapsed=8.527776e+03 cycle=7633 time=4.364058e-01 dt=5.519137e-05
elapsed=8.528867e+03 cycle=7634 time=4.364610e-01 dt=5.519059e-05
elapsed=8.529820e+03 cycle=7635 time=4.365162e-01 dt=5.518979e-05
elapsed=8.530804e+03 cycle=7636 time=4.365714e-01 dt=5.518899e-05
elapsed=8.531766e+03 cycle=7637 time=4.366266e-01 dt=5.518820e-05
elapsed=8.532876e+03 cycle=7638 time=4.366818e-01 dt=5.518740e-05
elapsed=8.533844e+03 cycle=7639 time=4.367370e-01 dt=5.518660e-05
elapsed=8.534809e+03 cycle=7640 time=4.367921e-01 dt=5.518581e-05
elapsed=8.535757e+03 cycle=7641 time=4.368473e-01 dt=5.518501e-05
elapsed=8.536727e+03 cycle=7642 time=4.369025e-01 dt=5.518421e-05
elapsed=8.537710e+03 cycle=7643 time=4.369577e-01 dt=5.518342e-05
elapsed=8.538675e+03 cycle=7644 time=4.370129e-01 dt=5.518261e-05
elapsed=8.539654e+03 cycle=7645 time=4.370681e-01 dt=5.518180e-05
elapsed=8.540622e+03 cycle=7646 time=4.371233e-01 dt=5.518100e-05
elapsed=8.541738e+03 cycle=7647 time=4.371784e-01 dt=5.518022e-05
elapsed=8.542684e+03 cycle=7648 time=4.372336e-01 dt=5.517944e-05
elapsed=8.543795e+03 cycle=7649 time=4.372888e-01 dt=5.517867e-05
elapsed=8.544888e+03 cycle=7650 time=4.373440e-01 dt=5.517790e-05
elapsed=8.545836e+03 cycle=7651 time=4.373991e-01 dt=5.517713e-05
elapsed=8.546815e+03 cycle=7652 time=4.374543e-01 dt=5.517637e-05
elapsed=8.547781e+03 cycle=7653 time=4.375095e-01 dt=5.517564e-05
elapsed=8.548873e+03 cycle=7654 time=4.375647e-01 dt=5.517491e-05
elapsed=8.549839e+03 cycle=7655 time=4.376199e-01 dt=5.517417e-05
elapsed=8.550819e+03 cycle=7656 time=4.376750e-01 dt=5.517344e-05
elapsed=8.551767e+03 cycle=7657 time=4.377302e-01 dt=5.517270e-05
elapsed=8.552749e+03 cycle=7658 time=4.377854e-01 dt=5.517196e-05
elapsed=8.553859e+03 cycle=7659 time=4.378405e-01 dt=5.517122e-05
elapsed=8.554820e+03 cycle=7660 time=4.378957e-01 dt=5.517048e-05
elapsed=8.555783e+03 cycle=7661 time=4.379509e-01 dt=5.516974e-05
elapsed=8.556762e+03 cycle=7662 time=4.380061e-01 dt=5.516900e-05
elapsed=8.557731e+03 cycle=7663 time=4.380612e-01 dt=5.516826e-05
elapsed=8.558710e+03 cycle=7664 time=4.381164e-01 dt=5.516754e-05
elapsed=8.559689e+03 cycle=7665 time=4.381716e-01 dt=5.516683e-05
elapsed=8.560800e+03 cycle=7666 time=4.382267e-01 dt=5.516612e-05
elapsed=8.561766e+03 cycle=7667 time=4.382819e-01 dt=5.516541e-05
elapsed=8.562729e+03 cycle=7668 time=4.383371e-01 dt=5.516470e-05
elapsed=8.563691e+03 cycle=7669 time=4.383922e-01 dt=5.516399e-05
elapsed=8.564801e+03 cycle=7670 time=4.384474e-01 dt=5.516328e-05
elapsed=8.565784e+03 cycle=7671 time=4.385026e-01 dt=5.516257e-05
elapsed=8.566894e+03 cycle=7672 time=4.385577e-01 dt=5.516186e-05
elapsed=8.567842e+03 cycle=7673 time=4.386129e-01 dt=5.516116e-05
elapsed=8.568953e+03 cycle=7674 time=4.386680e-01 dt=5.516048e-05
elapsed=8.569915e+03 cycle=7675 time=4.387232e-01 dt=5.515983e-05
elapsed=8.570881e+03 cycle=7676 time=4.387784e-01 dt=5.515918e-05
elapsed=8.571849e+03 cycle=7677 time=4.388335e-01 dt=5.515856e-05
elapsed=8.572829e+03 cycle=7678 time=4.388887e-01 dt=5.515796e-05
elapsed=8.573808e+03 cycle=7679 time=4.389438e-01 dt=5.515738e-05
elapsed=8.574755e+03 cycle=7680 time=4.389990e-01 dt=5.515680e-05
elapsed=8.575722e+03 cycle=7681 time=4.390541e-01 dt=5.515622e-05
elapsed=8.576671e+03 cycle=7682 time=4.391093e-01 dt=5.515564e-05
elapsed=8.577618e+03 cycle=7683 time=4.391645e-01 dt=5.515506e-05
elapsed=8.578729e+03 cycle=7684 time=4.392196e-01 dt=5.515449e-05
elapsed=8.579823e+03 cycle=7685 time=4.392748e-01 dt=5.515392e-05
elapsed=8.580804e+03 cycle=7686 time=4.393299e-01 dt=5.515333e-05
elapsed=8.581771e+03 cycle=7687 time=4.393851e-01 dt=5.515273e-05
elapsed=8.582720e+03 cycle=7688 time=4.394402e-01 dt=5.515213e-05
elapsed=8.583682e+03 cycle=7689 time=4.394954e-01 dt=5.515153e-05
elapsed=8.584644e+03 cycle=7690 time=4.395505e-01 dt=5.515094e-05
elapsed=8.585753e+03 cycle=7691 time=4.396057e-01 dt=5.515034e-05
elapsed=8.586714e+03 cycle=7692 time=4.396608e-01 dt=5.514974e-05
elapsed=8.587662e+03 cycle=7693 time=4.397160e-01 dt=5.514915e-05
elapsed=8.588611e+03 cycle=7694 time=4.397711e-01 dt=5.514856e-05
elapsed=8.589572e+03 cycle=7695 time=4.398263e-01 dt=5.514797e-05
elapsed=8.590537e+03 cycle=7696 time=4.398814e-01 dt=5.514739e-05
elapsed=8.591484e+03 cycle=7697 time=4.399366e-01 dt=5.514681e-05
elapsed=8.592444e+03 cycle=7698 time=4.399917e-01 dt=5.514623e-05
[Tue Dec 30 08:18:20 EST 2025] Found 11 bin files, deleting 1 oldest...
[Tue Dec 30 08:18:22 EST 2025] Kept 10 most recent bin files.
elapsed=8.612850e+03 cycle=7699 time=4.400469e-01 dt=5.514565e-05
elapsed=8.613815e+03 cycle=7700 time=4.401020e-01 dt=5.514507e-05
elapsed=8.614765e+03 cycle=7701 time=4.401572e-01 dt=5.514451e-05
elapsed=8.615713e+03 cycle=7702 time=4.402123e-01 dt=5.514396e-05
elapsed=8.616694e+03 cycle=7703 time=4.402674e-01 dt=5.514341e-05
elapsed=8.617661e+03 cycle=7704 time=4.403226e-01 dt=5.514285e-05
elapsed=8.618627e+03 cycle=7705 time=4.403777e-01 dt=5.514229e-05
elapsed=8.619608e+03 cycle=7706 time=4.404329e-01 dt=5.514174e-05
elapsed=8.620554e+03 cycle=7707 time=4.404880e-01 dt=5.514118e-05
elapsed=8.621647e+03 cycle=7708 time=4.405432e-01 dt=5.514063e-05
elapsed=8.622612e+03 cycle=7709 time=4.405983e-01 dt=5.514009e-05
elapsed=8.623722e+03 cycle=7710 time=4.406534e-01 dt=5.513956e-05
elapsed=8.624687e+03 cycle=7711 time=4.407086e-01 dt=5.513903e-05
elapsed=8.625633e+03 cycle=7712 time=4.407637e-01 dt=5.513851e-05
elapsed=8.626580e+03 cycle=7713 time=4.408189e-01 dt=5.513799e-05
elapsed=8.627542e+03 cycle=7714 time=4.408740e-01 dt=5.513748e-05
elapsed=8.628503e+03 cycle=7715 time=4.409291e-01 dt=5.513697e-05
elapsed=8.629451e+03 cycle=7716 time=4.409843e-01 dt=5.513646e-05
elapsed=8.630399e+03 cycle=7717 time=4.410394e-01 dt=5.513596e-05
elapsed=8.631366e+03 cycle=7718 time=4.410945e-01 dt=5.513545e-05
elapsed=8.632313e+03 cycle=7719 time=4.411497e-01 dt=5.513493e-05
elapsed=8.633297e+03 cycle=7720 time=4.412048e-01 dt=5.513441e-05
elapsed=8.634258e+03 cycle=7721 time=4.412599e-01 dt=5.513389e-05
elapsed=8.635225e+03 cycle=7722 time=4.413151e-01 dt=5.513336e-05
elapsed=8.636188e+03 cycle=7723 time=4.413702e-01 dt=5.513284e-05
elapsed=8.637153e+03 cycle=7724 time=4.414253e-01 dt=5.513233e-05
elapsed=8.638113e+03 cycle=7725 time=4.414805e-01 dt=5.513181e-05
elapsed=8.639093e+03 cycle=7726 time=4.415356e-01 dt=5.513130e-05
elapsed=8.640185e+03 cycle=7727 time=4.415907e-01 dt=5.513079e-05
elapsed=8.641156e+03 cycle=7728 time=4.416459e-01 dt=5.513027e-05
elapsed=8.642117e+03 cycle=7729 time=4.417010e-01 dt=5.512975e-05
elapsed=8.643088e+03 cycle=7730 time=4.417561e-01 dt=5.512924e-05
elapsed=8.644075e+03 cycle=7731 time=4.418113e-01 dt=5.512873e-05
elapsed=8.645041e+03 cycle=7732 time=4.418664e-01 dt=5.512822e-05
elapsed=8.646028e+03 cycle=7733 time=4.419215e-01 dt=5.512771e-05
elapsed=8.647013e+03 cycle=7734 time=4.419766e-01 dt=5.512720e-05
elapsed=8.647962e+03 cycle=7735 time=4.420318e-01 dt=5.512668e-05
elapsed=8.649053e+03 cycle=7736 time=4.420869e-01 dt=5.512617e-05
elapsed=8.650002e+03 cycle=7737 time=4.421420e-01 dt=5.512567e-05
elapsed=8.650968e+03 cycle=7738 time=4.421972e-01 dt=5.512517e-05
elapsed=8.651935e+03 cycle=7739 time=4.422523e-01 dt=5.512469e-05
elapsed=8.652898e+03 cycle=7740 time=4.423074e-01 dt=5.512422e-05
elapsed=8.653846e+03 cycle=7741 time=4.423625e-01 dt=5.512374e-05
elapsed=8.654825e+03 cycle=7742 time=4.424177e-01 dt=5.512328e-05
elapsed=8.655773e+03 cycle=7743 time=4.424728e-01 dt=5.512282e-05
elapsed=8.656741e+03 cycle=7744 time=4.425279e-01 dt=5.512236e-05
elapsed=8.657707e+03 cycle=7745 time=4.425830e-01 dt=5.512191e-05
elapsed=8.658688e+03 cycle=7746 time=4.426381e-01 dt=5.512147e-05
elapsed=8.659660e+03 cycle=7747 time=4.426933e-01 dt=5.512104e-05
elapsed=8.660623e+03 cycle=7748 time=4.427484e-01 dt=5.512061e-05
elapsed=8.661606e+03 cycle=7749 time=4.428035e-01 dt=5.512019e-05
elapsed=8.662571e+03 cycle=7750 time=4.428586e-01 dt=5.511978e-05
elapsed=8.663540e+03 cycle=7751 time=4.429137e-01 dt=5.511937e-05
elapsed=8.664501e+03 cycle=7752 time=4.429689e-01 dt=5.511896e-05
elapsed=8.665468e+03 cycle=7753 time=4.430240e-01 dt=5.511856e-05
elapsed=8.666415e+03 cycle=7754 time=4.430791e-01 dt=5.511817e-05
elapsed=8.667394e+03 cycle=7755 time=4.431342e-01 dt=5.511777e-05
elapsed=8.668506e+03 cycle=7756 time=4.431893e-01 dt=5.511737e-05
elapsed=8.669456e+03 cycle=7757 time=4.432445e-01 dt=5.511698e-05
elapsed=8.670420e+03 cycle=7758 time=4.432996e-01 dt=5.511659e-05
elapsed=8.671531e+03 cycle=7759 time=4.433547e-01 dt=5.511621e-05
elapsed=8.672621e+03 cycle=7760 time=4.434098e-01 dt=5.511584e-05
elapsed=8.673571e+03 cycle=7761 time=4.434649e-01 dt=5.511546e-05
elapsed=8.674518e+03 cycle=7762 time=4.435200e-01 dt=5.511508e-05
elapsed=8.675496e+03 cycle=7763 time=4.435752e-01 dt=5.511471e-05
elapsed=8.676459e+03 cycle=7764 time=4.436303e-01 dt=5.511433e-05
elapsed=8.677409e+03 cycle=7765 time=4.436854e-01 dt=5.511396e-05
elapsed=8.678375e+03 cycle=7766 time=4.437405e-01 dt=5.511359e-05
elapsed=8.679342e+03 cycle=7767 time=4.437956e-01 dt=5.511323e-05
elapsed=8.680306e+03 cycle=7768 time=4.438507e-01 dt=5.511287e-05
elapsed=8.681418e+03 cycle=7769 time=4.439058e-01 dt=5.511252e-05
elapsed=8.682364e+03 cycle=7770 time=4.439609e-01 dt=5.511218e-05
elapsed=8.683345e+03 cycle=7771 time=4.440161e-01 dt=5.511184e-05
elapsed=8.684304e+03 cycle=7772 time=4.440712e-01 dt=5.511152e-05
elapsed=8.685418e+03 cycle=7773 time=4.441263e-01 dt=5.511120e-05
elapsed=8.686380e+03 cycle=7774 time=4.441814e-01 dt=5.511089e-05
elapsed=8.687330e+03 cycle=7775 time=4.442365e-01 dt=5.511057e-05
elapsed=8.688438e+03 cycle=7776 time=4.442916e-01 dt=5.511025e-05
elapsed=8.689417e+03 cycle=7777 time=4.443467e-01 dt=5.510992e-05
elapsed=8.690364e+03 cycle=7778 time=4.444018e-01 dt=5.510960e-05
elapsed=8.691481e+03 cycle=7779 time=4.444569e-01 dt=5.510927e-05
elapsed=8.692448e+03 cycle=7780 time=4.445121e-01 dt=5.510895e-05
elapsed=8.693396e+03 cycle=7781 time=4.445672e-01 dt=5.510863e-05
elapsed=8.694365e+03 cycle=7782 time=4.446223e-01 dt=5.510831e-05
elapsed=8.695331e+03 cycle=7783 time=4.446774e-01 dt=5.510799e-05
elapsed=8.696297e+03 cycle=7784 time=4.447325e-01 dt=5.510767e-05
elapsed=8.697278e+03 cycle=7785 time=4.447876e-01 dt=5.510736e-05
elapsed=8.698246e+03 cycle=7786 time=4.448427e-01 dt=5.510705e-05
elapsed=8.699229e+03 cycle=7787 time=4.448978e-01 dt=5.510674e-05
elapsed=8.700176e+03 cycle=7788 time=4.449529e-01 dt=5.510643e-05
elapsed=8.701156e+03 cycle=7789 time=4.450080e-01 dt=5.510613e-05
elapsed=8.702118e+03 cycle=7790 time=4.450631e-01 dt=5.510582e-05
elapsed=8.703213e+03 cycle=7791 time=4.451182e-01 dt=5.510551e-05
elapsed=8.704175e+03 cycle=7792 time=4.451733e-01 dt=5.510519e-05
elapsed=8.705140e+03 cycle=7793 time=4.452284e-01 dt=5.510487e-05
elapsed=8.706088e+03 cycle=7794 time=4.452836e-01 dt=5.510455e-05
elapsed=8.707057e+03 cycle=7795 time=4.453387e-01 dt=5.510422e-05
elapsed=8.708024e+03 cycle=7796 time=4.453938e-01 dt=5.510389e-05
elapsed=8.709005e+03 cycle=7797 time=4.454489e-01 dt=5.510355e-05
elapsed=8.709953e+03 cycle=7798 time=4.455040e-01 dt=5.510322e-05
elapsed=8.710933e+03 cycle=7799 time=4.455591e-01 dt=5.510289e-05
elapsed=8.711880e+03 cycle=7800 time=4.456142e-01 dt=5.510256e-05
elapsed=8.712841e+03 cycle=7801 time=4.456693e-01 dt=5.510223e-05
elapsed=8.713809e+03 cycle=7802 time=4.457244e-01 dt=5.510190e-05
elapsed=8.714900e+03 cycle=7803 time=4.457795e-01 dt=5.510157e-05
elapsed=8.715866e+03 cycle=7804 time=4.458346e-01 dt=5.510124e-05
elapsed=8.716847e+03 cycle=7805 time=4.458897e-01 dt=5.510092e-05
elapsed=8.717827e+03 cycle=7806 time=4.459448e-01 dt=5.510060e-05
elapsed=8.718778e+03 cycle=7807 time=4.459999e-01 dt=5.510029e-05
elapsed=8.719725e+03 cycle=7808 time=4.460550e-01 dt=5.509999e-05
elapsed=8.720672e+03 cycle=7809 time=4.461101e-01 dt=5.509970e-05
elapsed=8.721639e+03 cycle=7810 time=4.461652e-01 dt=5.509941e-05
elapsed=8.722624e+03 cycle=7811 time=4.462203e-01 dt=5.509913e-05
elapsed=8.723570e+03 cycle=7812 time=4.462754e-01 dt=5.509884e-05
elapsed=8.724662e+03 cycle=7813 time=4.463305e-01 dt=5.509854e-05
elapsed=8.725773e+03 cycle=7814 time=4.463856e-01 dt=5.509825e-05
elapsed=8.726737e+03 cycle=7815 time=4.464407e-01 dt=5.509796e-05
elapsed=8.727700e+03 cycle=7816 time=4.464958e-01 dt=5.509767e-05
elapsed=8.728648e+03 cycle=7817 time=4.465509e-01 dt=5.509738e-05
elapsed=8.729595e+03 cycle=7818 time=4.466060e-01 dt=5.509708e-05
elapsed=8.730560e+03 cycle=7819 time=4.466611e-01 dt=5.509681e-05
elapsed=8.731544e+03 cycle=7820 time=4.467162e-01 dt=5.509653e-05
elapsed=8.732494e+03 cycle=7821 time=4.467713e-01 dt=5.509626e-05
elapsed=8.733456e+03 cycle=7822 time=4.468264e-01 dt=5.509599e-05
elapsed=8.734441e+03 cycle=7823 time=4.468815e-01 dt=5.509573e-05
elapsed=8.735407e+03 cycle=7824 time=4.469366e-01 dt=5.509546e-05
elapsed=8.736519e+03 cycle=7825 time=4.469916e-01 dt=5.509520e-05
elapsed=8.737630e+03 cycle=7826 time=4.470467e-01 dt=5.509496e-05
elapsed=8.738610e+03 cycle=7827 time=4.471018e-01 dt=5.509473e-05
elapsed=8.739592e+03 cycle=7828 time=4.471569e-01 dt=5.509450e-05
elapsed=8.740541e+03 cycle=7829 time=4.472120e-01 dt=5.509426e-05
elapsed=8.741633e+03 cycle=7830 time=4.472671e-01 dt=5.509402e-05
elapsed=8.742614e+03 cycle=7831 time=4.473222e-01 dt=5.509380e-05
elapsed=8.743560e+03 cycle=7832 time=4.473773e-01 dt=5.509358e-05
elapsed=8.744671e+03 cycle=7833 time=4.474324e-01 dt=5.509336e-05
elapsed=8.745637e+03 cycle=7834 time=4.474875e-01 dt=5.509315e-05
elapsed=8.746599e+03 cycle=7835 time=4.475426e-01 dt=5.509293e-05
elapsed=8.747548e+03 cycle=7836 time=4.475977e-01 dt=5.509271e-05
elapsed=8.748529e+03 cycle=7837 time=4.476528e-01 dt=5.509249e-05
elapsed=8.749497e+03 cycle=7838 time=4.477079e-01 dt=5.509226e-05
elapsed=8.750478e+03 cycle=7839 time=4.477630e-01 dt=5.509205e-05
elapsed=8.751459e+03 cycle=7840 time=4.478180e-01 dt=5.509186e-05
elapsed=8.752426e+03 cycle=7841 time=4.478731e-01 dt=5.509167e-05
elapsed=8.753387e+03 cycle=7842 time=4.479282e-01 dt=5.509149e-05
elapsed=8.754352e+03 cycle=7843 time=4.479833e-01 dt=5.509132e-05
elapsed=8.755446e+03 cycle=7844 time=4.480384e-01 dt=5.509115e-05
elapsed=8.756396e+03 cycle=7845 time=4.480935e-01 dt=5.509098e-05
elapsed=8.757365e+03 cycle=7846 time=4.481486e-01 dt=5.509080e-05
elapsed=8.758330e+03 cycle=7847 time=4.482037e-01 dt=5.509064e-05
elapsed=8.759292e+03 cycle=7848 time=4.482588e-01 dt=5.509049e-05
elapsed=8.760241e+03 cycle=7849 time=4.483139e-01 dt=5.509033e-05
elapsed=8.761189e+03 cycle=7850 time=4.483690e-01 dt=5.509018e-05
elapsed=8.762283e+03 cycle=7851 time=4.484241e-01 dt=5.509002e-05
elapsed=8.763266e+03 cycle=7852 time=4.484791e-01 dt=5.508989e-05
elapsed=8.764232e+03 cycle=7853 time=4.485342e-01 dt=5.508976e-05
elapsed=8.765179e+03 cycle=7854 time=4.485893e-01 dt=5.508964e-05
elapsed=8.766159e+03 cycle=7855 time=4.486444e-01 dt=5.508952e-05
elapsed=8.767120e+03 cycle=7856 time=4.486995e-01 dt=5.508941e-05
elapsed=8.768098e+03 cycle=7857 time=4.487546e-01 dt=5.508932e-05
elapsed=8.769210e+03 cycle=7858 time=4.488097e-01 dt=5.508924e-05
elapsed=8.770180e+03 cycle=7859 time=4.488648e-01 dt=5.508918e-05
elapsed=8.771127e+03 cycle=7860 time=4.489199e-01 dt=5.508911e-05
elapsed=8.772094e+03 cycle=7861 time=4.489749e-01 dt=5.508905e-05
elapsed=8.773055e+03 cycle=7862 time=4.490300e-01 dt=5.508898e-05
elapsed=8.774033e+03 cycle=7863 time=4.490851e-01 dt=5.508892e-05
elapsed=8.775018e+03 cycle=7864 time=4.491402e-01 dt=5.508885e-05
elapsed=8.775981e+03 cycle=7865 time=4.491953e-01 dt=5.508879e-05
elapsed=8.776931e+03 cycle=7866 time=4.492504e-01 dt=5.508873e-05
elapsed=8.777900e+03 cycle=7867 time=4.493055e-01 dt=5.508866e-05
elapsed=8.778879e+03 cycle=7868 time=4.493606e-01 dt=5.508859e-05
elapsed=8.779846e+03 cycle=7869 time=4.494157e-01 dt=5.508853e-05
elapsed=8.780956e+03 cycle=7870 time=4.494707e-01 dt=5.508846e-05
elapsed=8.781922e+03 cycle=7871 time=4.495258e-01 dt=5.508841e-05
elapsed=8.782892e+03 cycle=7872 time=4.495809e-01 dt=5.508837e-05
elapsed=8.783858e+03 cycle=7873 time=4.496360e-01 dt=5.508833e-05
elapsed=8.784804e+03 cycle=7874 time=4.496911e-01 dt=5.508831e-05
elapsed=8.785770e+03 cycle=7875 time=4.497462e-01 dt=5.508828e-05
elapsed=8.786734e+03 cycle=7876 time=4.498013e-01 dt=5.508826e-05
elapsed=8.787702e+03 cycle=7877 time=4.498564e-01 dt=5.508826e-05
elapsed=8.788654e+03 cycle=7878 time=4.499115e-01 dt=5.508828e-05
elapsed=8.789766e+03 cycle=7879 time=4.499665e-01 dt=5.508831e-05
elapsed=8.808163e+03 cycle=7880 time=4.500216e-01 dt=5.508834e-05
elapsed=8.809112e+03 cycle=7881 time=4.500767e-01 dt=5.508836e-05
elapsed=8.810096e+03 cycle=7882 time=4.501318e-01 dt=5.508839e-05
elapsed=8.811075e+03 cycle=7883 time=4.501869e-01 dt=5.508842e-05
elapsed=8.812167e+03 cycle=7884 time=4.502420e-01 dt=5.508847e-05
elapsed=8.813146e+03 cycle=7885 time=4.502971e-01 dt=5.508853e-05
elapsed=8.814112e+03 cycle=7886 time=4.503522e-01 dt=5.508858e-05
elapsed=8.815076e+03 cycle=7887 time=4.504072e-01 dt=5.508865e-05
elapsed=8.816055e+03 cycle=7888 time=4.504623e-01 dt=5.508873e-05
elapsed=8.817165e+03 cycle=7889 time=4.505174e-01 dt=5.508881e-05
elapsed=8.818131e+03 cycle=7890 time=4.505725e-01 dt=5.508888e-05
elapsed=8.819114e+03 cycle=7891 time=4.506276e-01 dt=5.508894e-05
elapsed=8.820075e+03 cycle=7892 time=4.506827e-01 dt=5.508901e-05
elapsed=8.821040e+03 cycle=7893 time=4.507378e-01 dt=5.508909e-05
elapsed=8.821990e+03 cycle=7894 time=4.507929e-01 dt=5.508916e-05
elapsed=8.823099e+03 cycle=7895 time=4.508480e-01 dt=5.508924e-05
elapsed=8.824079e+03 cycle=7896 time=4.509030e-01 dt=5.508934e-05
elapsed=8.825046e+03 cycle=7897 time=4.509581e-01 dt=5.508944e-05
elapsed=8.826025e+03 cycle=7898 time=4.510132e-01 dt=5.508954e-05
elapsed=8.826990e+03 cycle=7899 time=4.510683e-01 dt=5.508965e-05
elapsed=8.827940e+03 cycle=7900 time=4.511234e-01 dt=5.508976e-05
elapsed=8.828907e+03 cycle=7901 time=4.511785e-01 dt=5.508987e-05
elapsed=8.829875e+03 cycle=7902 time=4.512336e-01 dt=5.508998e-05
elapsed=8.830824e+03 cycle=7903 time=4.512887e-01 dt=5.509009e-05
elapsed=8.831775e+03 cycle=7904 time=4.513438e-01 dt=5.509020e-05
elapsed=8.832739e+03 cycle=7905 time=4.513989e-01 dt=5.509032e-05
elapsed=8.833700e+03 cycle=7906 time=4.514539e-01 dt=5.509043e-05
elapsed=8.834664e+03 cycle=7907 time=4.515090e-01 dt=5.509055e-05
elapsed=8.835631e+03 cycle=7908 time=4.515641e-01 dt=5.509066e-05
elapsed=8.836581e+03 cycle=7909 time=4.516192e-01 dt=5.509077e-05
elapsed=8.837531e+03 cycle=7910 time=4.516743e-01 dt=5.509087e-05
elapsed=8.838479e+03 cycle=7911 time=4.517294e-01 dt=5.509099e-05
elapsed=8.839448e+03 cycle=7912 time=4.517845e-01 dt=5.509111e-05
elapsed=8.840541e+03 cycle=7913 time=4.518396e-01 dt=5.509125e-05
elapsed=8.841502e+03 cycle=7914 time=4.518947e-01 dt=5.509140e-05
elapsed=8.842616e+03 cycle=7915 time=4.519498e-01 dt=5.509154e-05
elapsed=8.843584e+03 cycle=7916 time=4.520049e-01 dt=5.509169e-05
elapsed=8.844552e+03 cycle=7917 time=4.520599e-01 dt=5.509184e-05
elapsed=8.845502e+03 cycle=7918 time=4.521150e-01 dt=5.509198e-05
elapsed=8.846450e+03 cycle=7919 time=4.521701e-01 dt=5.509214e-05
elapsed=8.847561e+03 cycle=7920 time=4.522252e-01 dt=5.509231e-05
elapsed=8.848527e+03 cycle=7921 time=4.522803e-01 dt=5.509250e-05
elapsed=8.849475e+03 cycle=7922 time=4.523354e-01 dt=5.509271e-05
elapsed=8.850568e+03 cycle=7923 time=4.523905e-01 dt=5.509290e-05
elapsed=8.851514e+03 cycle=7924 time=4.524456e-01 dt=5.509310e-05
elapsed=8.852476e+03 cycle=7925 time=4.525007e-01 dt=5.509328e-05
[Tue Dec 30 08:22:22 EST 2025] Found 11 bin files, deleting 1 oldest...
elapsed=8.853437e+03 cycle=7926 time=4.525558e-01 dt=5.509347e-05
elapsed=8.854416e+03 cycle=7927 time=4.526109e-01 dt=5.509366e-05
[Tue Dec 30 08:22:24 EST 2025] Kept 10 most recent bin files.
elapsed=8.855399e+03 cycle=7928 time=4.526660e-01 dt=5.509385e-05
elapsed=8.856362e+03 cycle=7929 time=4.527211e-01 dt=5.509403e-05
elapsed=8.857328e+03 cycle=7930 time=4.527762e-01 dt=5.509421e-05
elapsed=8.858288e+03 cycle=7931 time=4.528312e-01 dt=5.509438e-05
elapsed=8.859269e+03 cycle=7932 time=4.528863e-01 dt=5.509455e-05
elapsed=8.860231e+03 cycle=7933 time=4.529414e-01 dt=5.509473e-05
elapsed=8.861192e+03 cycle=7934 time=4.529965e-01 dt=5.509490e-05
elapsed=8.862140e+03 cycle=7935 time=4.530516e-01 dt=5.509507e-05
elapsed=8.863099e+03 cycle=7936 time=4.531067e-01 dt=5.509524e-05
elapsed=8.864067e+03 cycle=7937 time=4.531618e-01 dt=5.509541e-05
elapsed=8.865160e+03 cycle=7938 time=4.532169e-01 dt=5.509559e-05
elapsed=8.866129e+03 cycle=7939 time=4.532720e-01 dt=5.509578e-05
elapsed=8.867076e+03 cycle=7940 time=4.533271e-01 dt=5.509596e-05
elapsed=8.868046e+03 cycle=7941 time=4.533822e-01 dt=5.509615e-05
elapsed=8.869010e+03 cycle=7942 time=4.534373e-01 dt=5.509633e-05
elapsed=8.869991e+03 cycle=7943 time=4.534924e-01 dt=5.509651e-05
elapsed=8.870951e+03 cycle=7944 time=4.535475e-01 dt=5.509669e-05
elapsed=8.871919e+03 cycle=7945 time=4.536026e-01 dt=5.509687e-05
elapsed=8.872899e+03 cycle=7946 time=4.536577e-01 dt=5.509705e-05
elapsed=8.873848e+03 cycle=7947 time=4.537128e-01 dt=5.509722e-05
elapsed=8.874829e+03 cycle=7948 time=4.537679e-01 dt=5.509738e-05
elapsed=8.875811e+03 cycle=7949 time=4.538230e-01 dt=5.509753e-05
elapsed=8.876777e+03 cycle=7950 time=4.538781e-01 dt=5.509769e-05
elapsed=8.877889e+03 cycle=7951 time=4.539332e-01 dt=5.509786e-05
elapsed=8.878836e+03 cycle=7952 time=4.539883e-01 dt=5.509803e-05
elapsed=8.879805e+03 cycle=7953 time=4.540434e-01 dt=5.509820e-05
elapsed=8.880754e+03 cycle=7954 time=4.540985e-01 dt=5.509838e-05
elapsed=8.881736e+03 cycle=7955 time=4.541536e-01 dt=5.509858e-05
elapsed=8.882715e+03 cycle=7956 time=4.542087e-01 dt=5.509879e-05
elapsed=8.883680e+03 cycle=7957 time=4.542638e-01 dt=5.509901e-05
elapsed=8.884627e+03 cycle=7958 time=4.543189e-01 dt=5.509923e-05
elapsed=8.885721e+03 cycle=7959 time=4.543740e-01 dt=5.509945e-05
elapsed=8.886704e+03 cycle=7960 time=4.544291e-01 dt=5.509966e-05
elapsed=8.887671e+03 cycle=7961 time=4.544842e-01 dt=5.509988e-05
elapsed=8.888650e+03 cycle=7962 time=4.545393e-01 dt=5.510009e-05
elapsed=8.889631e+03 cycle=7963 time=4.545944e-01 dt=5.510030e-05
elapsed=8.890725e+03 cycle=7964 time=4.546495e-01 dt=5.510052e-05
elapsed=8.891705e+03 cycle=7965 time=4.547046e-01 dt=5.510073e-05
elapsed=8.892669e+03 cycle=7966 time=4.547597e-01 dt=5.510094e-05
elapsed=8.893647e+03 cycle=7967 time=4.548148e-01 dt=5.510115e-05
elapsed=8.894593e+03 cycle=7968 time=4.548699e-01 dt=5.510136e-05
elapsed=8.895555e+03 cycle=7969 time=4.549250e-01 dt=5.510157e-05
elapsed=8.896518e+03 cycle=7970 time=4.549801e-01 dt=5.510178e-05
elapsed=8.897498e+03 cycle=7971 time=4.550352e-01 dt=5.510198e-05
elapsed=8.898462e+03 cycle=7972 time=4.550903e-01 dt=5.510217e-05
elapsed=8.899574e+03 cycle=7973 time=4.551454e-01 dt=5.510237e-05
elapsed=8.900520e+03 cycle=7974 time=4.552005e-01 dt=5.510258e-05
elapsed=8.901501e+03 cycle=7975 time=4.552556e-01 dt=5.510278e-05
elapsed=8.902461e+03 cycle=7976 time=4.553107e-01 dt=5.510299e-05
elapsed=8.903422e+03 cycle=7977 time=4.553658e-01 dt=5.510319e-05
elapsed=8.904371e+03 cycle=7978 time=4.554209e-01 dt=5.510339e-05
elapsed=8.905319e+03 cycle=7979 time=4.554760e-01 dt=5.510361e-05
elapsed=8.906286e+03 cycle=7980 time=4.555311e-01 dt=5.510383e-05
elapsed=8.907381e+03 cycle=7981 time=4.555862e-01 dt=5.510405e-05
elapsed=8.908491e+03 cycle=7982 time=4.556413e-01 dt=5.510427e-05
elapsed=8.909453e+03 cycle=7983 time=4.556964e-01 dt=5.510451e-05
elapsed=8.910402e+03 cycle=7984 time=4.557515e-01 dt=5.510474e-05
elapsed=8.911368e+03 cycle=7985 time=4.558066e-01 dt=5.510497e-05
elapsed=8.912336e+03 cycle=7986 time=4.558617e-01 dt=5.510521e-05
elapsed=8.913303e+03 cycle=7987 time=4.559168e-01 dt=5.510545e-05
elapsed=8.914286e+03 cycle=7988 time=4.559719e-01 dt=5.510569e-05
elapsed=8.915232e+03 cycle=7989 time=4.560270e-01 dt=5.510594e-05
elapsed=8.916178e+03 cycle=7990 time=4.560821e-01 dt=5.510619e-05
elapsed=8.917143e+03 cycle=7991 time=4.561372e-01 dt=5.510644e-05
elapsed=8.918091e+03 cycle=7992 time=4.561924e-01 dt=5.510669e-05
elapsed=8.919052e+03 cycle=7993 time=4.562475e-01 dt=5.510694e-05
elapsed=8.920163e+03 cycle=7994 time=4.563026e-01 dt=5.510719e-05
elapsed=8.921109e+03 cycle=7995 time=4.563577e-01 dt=5.510748e-05
elapsed=8.922057e+03 cycle=7996 time=4.564128e-01 dt=5.510777e-05
elapsed=8.923037e+03 cycle=7997 time=4.564679e-01 dt=5.510804e-05
elapsed=8.923987e+03 cycle=7998 time=4.565230e-01 dt=5.510833e-05
elapsed=8.924966e+03 cycle=7999 time=4.565781e-01 dt=5.510861e-05
elapsed=8.925914e+03 cycle=8000 time=4.566332e-01 dt=5.510889e-05
elapsed=8.926860e+03 cycle=8001 time=4.566883e-01 dt=5.510917e-05
elapsed=8.927826e+03 cycle=8002 time=4.567434e-01 dt=5.510946e-05
elapsed=8.928790e+03 cycle=8003 time=4.567985e-01 dt=5.510975e-05
elapsed=8.929753e+03 cycle=8004 time=4.568537e-01 dt=5.511004e-05
elapsed=8.930701e+03 cycle=8005 time=4.569088e-01 dt=5.511033e-05
elapsed=8.931648e+03 cycle=8006 time=4.569639e-01 dt=5.511062e-05
elapsed=8.932628e+03 cycle=8007 time=4.570190e-01 dt=5.511090e-05
elapsed=8.933593e+03 cycle=8008 time=4.570741e-01 dt=5.511119e-05
elapsed=8.934542e+03 cycle=8009 time=4.571292e-01 dt=5.511148e-05
elapsed=8.935503e+03 cycle=8010 time=4.571843e-01 dt=5.511175e-05
elapsed=8.936452e+03 cycle=8011 time=4.572394e-01 dt=5.511200e-05
elapsed=8.937401e+03 cycle=8012 time=4.572945e-01 dt=5.511225e-05
elapsed=8.938362e+03 cycle=8013 time=4.573497e-01 dt=5.511249e-05
elapsed=8.939323e+03 cycle=8014 time=4.574048e-01 dt=5.511273e-05
elapsed=8.940284e+03 cycle=8015 time=4.574599e-01 dt=5.511297e-05
elapsed=8.941244e+03 cycle=8016 time=4.575150e-01 dt=5.511321e-05
elapsed=8.942205e+03 cycle=8017 time=4.575701e-01 dt=5.511345e-05
elapsed=8.943168e+03 cycle=8018 time=4.576252e-01 dt=5.511369e-05
elapsed=8.944133e+03 cycle=8019 time=4.576803e-01 dt=5.511392e-05
elapsed=8.945083e+03 cycle=8020 time=4.577354e-01 dt=5.511416e-05
elapsed=8.946064e+03 cycle=8021 time=4.577906e-01 dt=5.511441e-05
elapsed=8.947160e+03 cycle=8022 time=4.578457e-01 dt=5.511464e-05
elapsed=8.948127e+03 cycle=8023 time=4.579008e-01 dt=5.511486e-05
elapsed=8.949237e+03 cycle=8024 time=4.579559e-01 dt=5.511509e-05
elapsed=8.950206e+03 cycle=8025 time=4.580110e-01 dt=5.511533e-05
elapsed=8.951154e+03 cycle=8026 time=4.580661e-01 dt=5.511556e-05
elapsed=8.952120e+03 cycle=8027 time=4.581212e-01 dt=5.511579e-05
elapsed=8.953099e+03 cycle=8028 time=4.581764e-01 dt=5.511601e-05
elapsed=8.954059e+03 cycle=8029 time=4.582315e-01 dt=5.511625e-05
elapsed=8.955029e+03 cycle=8030 time=4.582866e-01 dt=5.511652e-05
elapsed=8.956014e+03 cycle=8031 time=4.583417e-01 dt=5.511678e-05
elapsed=8.956982e+03 cycle=8032 time=4.583968e-01 dt=5.511705e-05
elapsed=8.957944e+03 cycle=8033 time=4.584519e-01 dt=5.511732e-05
elapsed=8.958910e+03 cycle=8034 time=4.585071e-01 dt=5.511760e-05
elapsed=8.959879e+03 cycle=8035 time=4.585622e-01 dt=5.511787e-05
elapsed=8.960842e+03 cycle=8036 time=4.586173e-01 dt=5.511815e-05
elapsed=8.961791e+03 cycle=8037 time=4.586724e-01 dt=5.511844e-05
elapsed=8.962758e+03 cycle=8038 time=4.587275e-01 dt=5.511872e-05
elapsed=8.963723e+03 cycle=8039 time=4.587827e-01 dt=5.511901e-05
elapsed=8.964669e+03 cycle=8040 time=4.588378e-01 dt=5.511930e-05
elapsed=8.965633e+03 cycle=8041 time=4.588929e-01 dt=5.511959e-05
elapsed=8.966598e+03 cycle=8042 time=4.589480e-01 dt=5.511988e-05
elapsed=8.967567e+03 cycle=8043 time=4.590031e-01 dt=5.512017e-05
elapsed=8.968547e+03 cycle=8044 time=4.590583e-01 dt=5.512045e-05
elapsed=8.969512e+03 cycle=8045 time=4.591134e-01 dt=5.512073e-05
elapsed=8.970494e+03 cycle=8046 time=4.591685e-01 dt=5.512101e-05
elapsed=8.971459e+03 cycle=8047 time=4.592236e-01 dt=5.512129e-05
elapsed=8.972408e+03 cycle=8048 time=4.592787e-01 dt=5.512157e-05
elapsed=8.973356e+03 cycle=8049 time=4.593339e-01 dt=5.512185e-05
elapsed=8.974473e+03 cycle=8050 time=4.593890e-01 dt=5.512213e-05
elapsed=8.975419e+03 cycle=8051 time=4.594441e-01 dt=5.512240e-05
elapsed=8.976382e+03 cycle=8052 time=4.594992e-01 dt=5.512268e-05
elapsed=8.977344e+03 cycle=8053 time=4.595543e-01 dt=5.512296e-05
elapsed=8.978309e+03 cycle=8054 time=4.596095e-01 dt=5.512324e-05
elapsed=8.979269e+03 cycle=8055 time=4.596646e-01 dt=5.512351e-05
elapsed=8.980215e+03 cycle=8056 time=4.597197e-01 dt=5.512379e-05
elapsed=8.981325e+03 cycle=8057 time=4.597748e-01 dt=5.512407e-05
elapsed=8.982291e+03 cycle=8058 time=4.598300e-01 dt=5.512435e-05
elapsed=8.983274e+03 cycle=8059 time=4.598851e-01 dt=5.512463e-05
elapsed=8.984385e+03 cycle=8060 time=4.599402e-01 dt=5.512493e-05
elapsed=8.985478e+03 cycle=8061 time=4.599953e-01 dt=5.512523e-05
elapsed=9.006172e+03 cycle=8062 time=4.600505e-01 dt=5.512552e-05
elapsed=9.007134e+03 cycle=8063 time=4.601056e-01 dt=5.512582e-05
elapsed=9.008118e+03 cycle=8064 time=4.601607e-01 dt=5.512612e-05
elapsed=9.009213e+03 cycle=8065 time=4.602158e-01 dt=5.512642e-05
elapsed=9.010176e+03 cycle=8066 time=4.602710e-01 dt=5.512674e-05
elapsed=9.011155e+03 cycle=8067 time=4.603261e-01 dt=5.512707e-05
elapsed=9.012117e+03 cycle=8068 time=4.603812e-01 dt=5.512740e-05
elapsed=9.013230e+03 cycle=8069 time=4.604363e-01 dt=5.512773e-05
elapsed=9.014177e+03 cycle=8070 time=4.604915e-01 dt=5.512807e-05
elapsed=9.015139e+03 cycle=8071 time=4.605466e-01 dt=5.512840e-05
elapsed=9.016118e+03 cycle=8072 time=4.606017e-01 dt=5.512873e-05
elapsed=9.017065e+03 cycle=8073 time=4.606569e-01 dt=5.512906e-05
elapsed=9.018030e+03 cycle=8074 time=4.607120e-01 dt=5.512940e-05
elapsed=9.018995e+03 cycle=8075 time=4.607671e-01 dt=5.512975e-05
elapsed=9.019955e+03 cycle=8076 time=4.608222e-01 dt=5.513011e-05
elapsed=9.020922e+03 cycle=8077 time=4.608774e-01 dt=5.513049e-05
elapsed=9.021888e+03 cycle=8078 time=4.609325e-01 dt=5.513086e-05
elapsed=9.022869e+03 cycle=8079 time=4.609876e-01 dt=5.513124e-05
elapsed=9.023830e+03 cycle=8080 time=4.610428e-01 dt=5.513162e-05
elapsed=9.024774e+03 cycle=8081 time=4.610979e-01 dt=5.513201e-05
elapsed=9.025742e+03 cycle=8082 time=4.611530e-01 dt=5.513239e-05
elapsed=9.026704e+03 cycle=8083 time=4.612082e-01 dt=5.513278e-05
elapsed=9.027683e+03 cycle=8084 time=4.612633e-01 dt=5.513317e-05
elapsed=9.028647e+03 cycle=8085 time=4.613184e-01 dt=5.513356e-05
elapsed=9.029610e+03 cycle=8086 time=4.613736e-01 dt=5.513394e-05
elapsed=9.030558e+03 cycle=8087 time=4.614287e-01 dt=5.513434e-05
elapsed=9.031529e+03 cycle=8088 time=4.614838e-01 dt=5.513475e-05
elapsed=9.032479e+03 cycle=8089 time=4.615390e-01 dt=5.513516e-05
elapsed=9.033429e+03 cycle=8090 time=4.615941e-01 dt=5.513557e-05
elapsed=9.034390e+03 cycle=8091 time=4.616492e-01 dt=5.513596e-05
[Tue Dec 30 08:25:24 EST 2025] Found 11 bin files, deleting 1 oldest...
elapsed=9.035352e+03 cycle=8092 time=4.617044e-01 dt=5.513636e-05
elapsed=9.036319e+03 cycle=8093 time=4.617595e-01 dt=5.513675e-05
[Tue Dec 30 08:25:26 EST 2025] Kept 10 most recent bin files.
elapsed=9.037266e+03 cycle=8094 time=4.618146e-01 dt=5.513715e-05
elapsed=9.038227e+03 cycle=8095 time=4.618698e-01 dt=5.513756e-05
elapsed=9.039194e+03 cycle=8096 time=4.619249e-01 dt=5.513798e-05
elapsed=9.040288e+03 cycle=8097 time=4.619801e-01 dt=5.513841e-05
elapsed=9.041238e+03 cycle=8098 time=4.620352e-01 dt=5.513884e-05
elapsed=9.042206e+03 cycle=8099 time=4.620903e-01 dt=5.513927e-05
elapsed=9.043175e+03 cycle=8100 time=4.621455e-01 dt=5.513969e-05
elapsed=9.044142e+03 cycle=8101 time=4.622006e-01 dt=5.514012e-05
elapsed=9.045105e+03 cycle=8102 time=4.622558e-01 dt=5.514055e-05
elapsed=9.046084e+03 cycle=8103 time=4.623109e-01 dt=5.514098e-05
elapsed=9.047046e+03 cycle=8104 time=4.623660e-01 dt=5.514141e-05
elapsed=9.048009e+03 cycle=8105 time=4.624212e-01 dt=5.514184e-05
elapsed=9.048972e+03 cycle=8106 time=4.624763e-01 dt=5.514227e-05
elapsed=9.049938e+03 cycle=8107 time=4.625315e-01 dt=5.514271e-05
elapsed=9.050906e+03 cycle=8108 time=4.625866e-01 dt=5.514315e-05
elapsed=9.051865e+03 cycle=8109 time=4.626418e-01 dt=5.514358e-05
elapsed=9.052846e+03 cycle=8110 time=4.626969e-01 dt=5.514403e-05
elapsed=9.053814e+03 cycle=8111 time=4.627520e-01 dt=5.514448e-05
elapsed=9.054776e+03 cycle=8112 time=4.628072e-01 dt=5.514492e-05
elapsed=9.055728e+03 cycle=8113 time=4.628623e-01 dt=5.514535e-05
elapsed=9.056676e+03 cycle=8114 time=4.629175e-01 dt=5.514579e-05
elapsed=9.057657e+03 cycle=8115 time=4.629726e-01 dt=5.514622e-05
elapsed=9.058620e+03 cycle=8116 time=4.630278e-01 dt=5.514667e-05
elapsed=9.059587e+03 cycle=8117 time=4.630829e-01 dt=5.514713e-05
elapsed=9.060550e+03 cycle=8118 time=4.631381e-01 dt=5.514758e-05
elapsed=9.061499e+03 cycle=8119 time=4.631932e-01 dt=5.514803e-05
elapsed=9.062450e+03 cycle=8120 time=4.632484e-01 dt=5.514848e-05
elapsed=9.063411e+03 cycle=8121 time=4.633035e-01 dt=5.514892e-05
elapsed=9.064379e+03 cycle=8122 time=4.633587e-01 dt=5.514936e-05
elapsed=9.065346e+03 cycle=8123 time=4.634138e-01 dt=5.514980e-05
elapsed=9.066294e+03 cycle=8124 time=4.634690e-01 dt=5.515024e-05
elapsed=9.067260e+03 cycle=8125 time=4.635241e-01 dt=5.515068e-05
elapsed=9.068373e+03 cycle=8126 time=4.635793e-01 dt=5.515111e-05
elapsed=9.069334e+03 cycle=8127 time=4.636344e-01 dt=5.515154e-05
elapsed=9.070298e+03 cycle=8128 time=4.636896e-01 dt=5.515197e-05
elapsed=9.071247e+03 cycle=8129 time=4.637447e-01 dt=5.515240e-05
elapsed=9.072219e+03 cycle=8130 time=4.637999e-01 dt=5.515282e-05
elapsed=9.073185e+03 cycle=8131 time=4.638550e-01 dt=5.515325e-05
elapsed=9.074165e+03 cycle=8132 time=4.639102e-01 dt=5.515368e-05
elapsed=9.075129e+03 cycle=8133 time=4.639653e-01 dt=5.515410e-05
elapsed=9.076076e+03 cycle=8134 time=4.640205e-01 dt=5.515453e-05
elapsed=9.077038e+03 cycle=8135 time=4.640756e-01 dt=5.515497e-05
elapsed=9.078017e+03 cycle=8136 time=4.641308e-01 dt=5.515542e-05
elapsed=9.078963e+03 cycle=8137 time=4.641859e-01 dt=5.515587e-05
elapsed=9.079927e+03 cycle=8138 time=4.642411e-01 dt=5.515632e-05
elapsed=9.080877e+03 cycle=8139 time=4.642963e-01 dt=5.515678e-05
elapsed=9.081862e+03 cycle=8140 time=4.643514e-01 dt=5.515723e-05
elapsed=9.082808e+03 cycle=8141 time=4.644066e-01 dt=5.515769e-05
elapsed=9.083753e+03 cycle=8142 time=4.644617e-01 dt=5.515816e-05
elapsed=9.084720e+03 cycle=8143 time=4.645169e-01 dt=5.515863e-05
elapsed=9.085687e+03 cycle=8144 time=4.645720e-01 dt=5.515910e-05
elapsed=9.086670e+03 cycle=8145 time=4.646272e-01 dt=5.515958e-05
elapsed=9.087631e+03 cycle=8146 time=4.646824e-01 dt=5.516004e-05
elapsed=9.088579e+03 cycle=8147 time=4.647375e-01 dt=5.516050e-05
elapsed=9.089543e+03 cycle=8148 time=4.647927e-01 dt=5.516097e-05
elapsed=9.090510e+03 cycle=8149 time=4.648478e-01 dt=5.516143e-05
elapsed=9.091459e+03 cycle=8150 time=4.649030e-01 dt=5.516190e-05
elapsed=9.092569e+03 cycle=8151 time=4.649582e-01 dt=5.516237e-05
elapsed=9.093549e+03 cycle=8152 time=4.650133e-01 dt=5.516284e-05
elapsed=9.094511e+03 cycle=8153 time=4.650685e-01 dt=5.516329e-05
elapsed=9.095461e+03 cycle=8154 time=4.651237e-01 dt=5.516374e-05
elapsed=9.096409e+03 cycle=8155 time=4.651788e-01 dt=5.516420e-05
elapsed=9.097360e+03 cycle=8156 time=4.652340e-01 dt=5.516465e-05
elapsed=9.098308e+03 cycle=8157 time=4.652891e-01 dt=5.516510e-05
elapsed=9.099256e+03 cycle=8158 time=4.653443e-01 dt=5.516555e-05
elapsed=9.100235e+03 cycle=8159 time=4.653995e-01 dt=5.516602e-05
elapsed=9.101200e+03 cycle=8160 time=4.654546e-01 dt=5.516648e-05
elapsed=9.102181e+03 cycle=8161 time=4.655098e-01 dt=5.516695e-05
elapsed=9.103147e+03 cycle=8162 time=4.655650e-01 dt=5.516741e-05
elapsed=9.104126e+03 cycle=8163 time=4.656201e-01 dt=5.516787e-05
elapsed=9.105107e+03 cycle=8164 time=4.656753e-01 dt=5.516833e-05
elapsed=9.106059e+03 cycle=8165 time=4.657305e-01 dt=5.516879e-05
elapsed=9.107026e+03 cycle=8166 time=4.657856e-01 dt=5.516926e-05
elapsed=9.107993e+03 cycle=8167 time=4.658408e-01 dt=5.516973e-05
elapsed=9.108978e+03 cycle=8168 time=4.658960e-01 dt=5.517021e-05
elapsed=9.109939e+03 cycle=8169 time=4.659512e-01 dt=5.517069e-05
elapsed=9.110903e+03 cycle=8170 time=4.660063e-01 dt=5.517117e-05
elapsed=9.111883e+03 cycle=8171 time=4.660615e-01 dt=5.517165e-05
elapsed=9.112847e+03 cycle=8172 time=4.661167e-01 dt=5.517213e-05
elapsed=9.113940e+03 cycle=8173 time=4.661718e-01 dt=5.517262e-05
elapsed=9.114909e+03 cycle=8174 time=4.662270e-01 dt=5.517313e-05
elapsed=9.116019e+03 cycle=8175 time=4.662822e-01 dt=5.517362e-05
elapsed=9.117113e+03 cycle=8176 time=4.663374e-01 dt=5.517412e-05
elapsed=9.118077e+03 cycle=8177 time=4.663925e-01 dt=5.517463e-05
elapsed=9.119058e+03 cycle=8178 time=4.664477e-01 dt=5.517514e-05
elapsed=9.120008e+03 cycle=8179 time=4.665029e-01 dt=5.517564e-05
elapsed=9.120974e+03 cycle=8180 time=4.665581e-01 dt=5.517615e-05
elapsed=9.121922e+03 cycle=8181 time=4.666132e-01 dt=5.517666e-05
elapsed=9.123016e+03 cycle=8182 time=4.666684e-01 dt=5.517719e-05
elapsed=9.123981e+03 cycle=8183 time=4.667236e-01 dt=5.517775e-05
elapsed=9.124946e+03 cycle=8184 time=4.667788e-01 dt=5.517831e-05
elapsed=9.125913e+03 cycle=8185 time=4.668339e-01 dt=5.517887e-05
elapsed=9.126874e+03 cycle=8186 time=4.668891e-01 dt=5.517942e-05
elapsed=9.127841e+03 cycle=8187 time=4.669443e-01 dt=5.517999e-05
elapsed=9.128786e+03 cycle=8188 time=4.669995e-01 dt=5.518058e-05
elapsed=9.129734e+03 cycle=8189 time=4.670547e-01 dt=5.518116e-05
elapsed=9.130700e+03 cycle=8190 time=4.671098e-01 dt=5.518173e-05
elapsed=9.131648e+03 cycle=8191 time=4.671650e-01 dt=5.518231e-05
elapsed=9.132609e+03 cycle=8192 time=4.672202e-01 dt=5.518288e-05
elapsed=9.133573e+03 cycle=8193 time=4.672754e-01 dt=5.518345e-05
elapsed=9.134537e+03 cycle=8194 time=4.673306e-01 dt=5.518402e-05
elapsed=9.135517e+03 cycle=8195 time=4.673858e-01 dt=5.518459e-05
elapsed=9.136497e+03 cycle=8196 time=4.674409e-01 dt=5.518516e-05
elapsed=9.137447e+03 cycle=8197 time=4.674961e-01 dt=5.518573e-05
elapsed=9.138411e+03 cycle=8198 time=4.675513e-01 dt=5.518631e-05
elapsed=9.139393e+03 cycle=8199 time=4.676065e-01 dt=5.518688e-05
elapsed=9.140340e+03 cycle=8200 time=4.676617e-01 dt=5.518745e-05
elapsed=9.141453e+03 cycle=8201 time=4.677169e-01 dt=5.518803e-05
elapsed=9.142402e+03 cycle=8202 time=4.677721e-01 dt=5.518862e-05
elapsed=9.143350e+03 cycle=8203 time=4.678273e-01 dt=5.518920e-05
elapsed=9.144317e+03 cycle=8204 time=4.678824e-01 dt=5.518979e-05
elapsed=9.145295e+03 cycle=8205 time=4.679376e-01 dt=5.519039e-05
elapsed=9.146257e+03 cycle=8206 time=4.679928e-01 dt=5.519100e-05
elapsed=9.147217e+03 cycle=8207 time=4.680480e-01 dt=5.519161e-05
elapsed=9.148328e+03 cycle=8208 time=4.681032e-01 dt=5.519223e-05
elapsed=9.149295e+03 cycle=8209 time=4.681584e-01 dt=5.519285e-05
elapsed=9.150388e+03 cycle=8210 time=4.682136e-01 dt=5.519346e-05
elapsed=9.151352e+03 cycle=8211 time=4.682688e-01 dt=5.519409e-05
elapsed=9.152320e+03 cycle=8212 time=4.683240e-01 dt=5.519474e-05
elapsed=9.153300e+03 cycle=8213 time=4.683792e-01 dt=5.519539e-05
elapsed=9.154266e+03 cycle=8214 time=4.684344e-01 dt=5.519605e-05
elapsed=9.155229e+03 cycle=8215 time=4.684896e-01 dt=5.519671e-05
elapsed=9.156209e+03 cycle=8216 time=4.685448e-01 dt=5.519737e-05
elapsed=9.157175e+03 cycle=8217 time=4.686000e-01 dt=5.519803e-05
elapsed=9.158135e+03 cycle=8218 time=4.686552e-01 dt=5.519869e-05
elapsed=9.159082e+03 cycle=8219 time=4.687104e-01 dt=5.519934e-05
elapsed=9.160049e+03 cycle=8220 time=4.687656e-01 dt=5.519998e-05
elapsed=9.161159e+03 cycle=8221 time=4.688208e-01 dt=5.520062e-05
elapsed=9.162119e+03 cycle=8222 time=4.688760e-01 dt=5.520126e-05
elapsed=9.163072e+03 cycle=8223 time=4.689312e-01 dt=5.520191e-05
elapsed=9.164035e+03 cycle=8224 time=4.689864e-01 dt=5.520256e-05
elapsed=9.164997e+03 cycle=8225 time=4.690416e-01 dt=5.520321e-05
elapsed=9.165945e+03 cycle=8226 time=4.690968e-01 dt=5.520386e-05
elapsed=9.166908e+03 cycle=8227 time=4.691520e-01 dt=5.520452e-05
elapsed=9.167856e+03 cycle=8228 time=4.692072e-01 dt=5.520518e-05
elapsed=9.168805e+03 cycle=8229 time=4.692624e-01 dt=5.520585e-05
elapsed=9.169771e+03 cycle=8230 time=4.693176e-01 dt=5.520652e-05
elapsed=9.170736e+03 cycle=8231 time=4.693728e-01 dt=5.520721e-05
elapsed=9.171698e+03 cycle=8232 time=4.694280e-01 dt=5.520790e-05
elapsed=9.172648e+03 cycle=8233 time=4.694832e-01 dt=5.520860e-05
elapsed=9.173629e+03 cycle=8234 time=4.695384e-01 dt=5.520930e-05
elapsed=9.174595e+03 cycle=8235 time=4.695936e-01 dt=5.521000e-05
elapsed=9.175542e+03 cycle=8236 time=4.696488e-01 dt=5.521069e-05
elapsed=9.176523e+03 cycle=8237 time=4.697040e-01 dt=5.521139e-05
elapsed=9.177505e+03 cycle=8238 time=4.697593e-01 dt=5.521208e-05
elapsed=9.178454e+03 cycle=8239 time=4.698145e-01 dt=5.521278e-05
elapsed=9.179547e+03 cycle=8240 time=4.698697e-01 dt=5.521347e-05
elapsed=9.180513e+03 cycle=8241 time=4.699249e-01 dt=5.521417e-05
elapsed=9.181462e+03 cycle=8242 time=4.699801e-01 dt=5.521487e-05
elapsed=9.201400e+03 cycle=8243 time=4.700353e-01 dt=5.521557e-05
elapsed=9.202492e+03 cycle=8244 time=4.700905e-01 dt=5.521626e-05
elapsed=9.203471e+03 cycle=8245 time=4.701458e-01 dt=5.521698e-05
elapsed=9.204452e+03 cycle=8246 time=4.702010e-01 dt=5.521770e-05
elapsed=9.205412e+03 cycle=8247 time=4.702562e-01 dt=5.521843e-05
elapsed=9.206380e+03 cycle=8248 time=4.703114e-01 dt=5.521917e-05
elapsed=9.207328e+03 cycle=8249 time=4.703666e-01 dt=5.521991e-05
elapsed=9.208308e+03 cycle=8250 time=4.704218e-01 dt=5.522066e-05
elapsed=9.209274e+03 cycle=8251 time=4.704771e-01 dt=5.522144e-05
elapsed=9.210256e+03 cycle=8252 time=4.705323e-01 dt=5.522223e-05
elapsed=9.211238e+03 cycle=8253 time=4.705875e-01 dt=5.522302e-05
elapsed=9.212219e+03 cycle=8254 time=4.706427e-01 dt=5.522382e-05
elapsed=9.213167e+03 cycle=8255 time=4.706980e-01 dt=5.522462e-05
elapsed=9.214116e+03 cycle=8256 time=4.707532e-01 dt=5.522542e-05
elapsed=9.215066e+03 cycle=8257 time=4.708084e-01 dt=5.522622e-05
elapsed=9.216016e+03 cycle=8258 time=4.708636e-01 dt=5.522703e-05
[Tue Dec 30 08:28:26 EST 2025] Found 11 bin files, deleting 1 oldest...
elapsed=9.217127e+03 cycle=8259 time=4.709189e-01 dt=5.522785e-05
elapsed=9.218093e+03 cycle=8260 time=4.709741e-01 dt=5.522867e-05
[Tue Dec 30 08:28:27 EST 2025] Kept 10 most recent bin files.
elapsed=9.219054e+03 cycle=8261 time=4.710293e-01 dt=5.522948e-05
elapsed=9.220018e+03 cycle=8262 time=4.710845e-01 dt=5.523028e-05
elapsed=9.220980e+03 cycle=8263 time=4.711398e-01 dt=5.523111e-05
elapsed=9.221946e+03 cycle=8264 time=4.711950e-01 dt=5.523194e-05
elapsed=9.222917e+03 cycle=8265 time=4.712502e-01 dt=5.523278e-05
elapsed=9.223896e+03 cycle=8266 time=4.713055e-01 dt=5.523362e-05
elapsed=9.224844e+03 cycle=8267 time=4.713607e-01 dt=5.523447e-05
elapsed=9.225794e+03 cycle=8268 time=4.714159e-01 dt=5.523531e-05
elapsed=9.226905e+03 cycle=8269 time=4.714712e-01 dt=5.523616e-05
elapsed=9.227884e+03 cycle=8270 time=4.715264e-01 dt=5.523701e-05
elapsed=9.228832e+03 cycle=8271 time=4.715816e-01 dt=5.523786e-05
elapsed=9.229924e+03 cycle=8272 time=4.716369e-01 dt=5.523871e-05
elapsed=9.230902e+03 cycle=8273 time=4.716921e-01 dt=5.523956e-05
elapsed=9.231869e+03 cycle=8274 time=4.717474e-01 dt=5.524041e-05
elapsed=9.232857e+03 cycle=8275 time=4.718026e-01 dt=5.524126e-05
elapsed=9.233825e+03 cycle=8276 time=4.718578e-01 dt=5.524210e-05
elapsed=9.234796e+03 cycle=8277 time=4.719131e-01 dt=5.524295e-05
elapsed=9.235776e+03 cycle=8278 time=4.719683e-01 dt=5.524380e-05
elapsed=9.236743e+03 cycle=8279 time=4.720236e-01 dt=5.524468e-05
elapsed=9.237695e+03 cycle=8280 time=4.720788e-01 dt=5.524556e-05
elapsed=9.238674e+03 cycle=8281 time=4.721341e-01 dt=5.524645e-05
elapsed=9.239654e+03 cycle=8282 time=4.721893e-01 dt=5.524736e-05
elapsed=9.240642e+03 cycle=8283 time=4.722446e-01 dt=5.524826e-05
elapsed=9.241611e+03 cycle=8284 time=4.722998e-01 dt=5.524916e-05
elapsed=9.242558e+03 cycle=8285 time=4.723551e-01 dt=5.525006e-05
elapsed=9.243538e+03 cycle=8286 time=4.724103e-01 dt=5.525097e-05
elapsed=9.244487e+03 cycle=8287 time=4.724656e-01 dt=5.525188e-05
elapsed=9.245452e+03 cycle=8288 time=4.725208e-01 dt=5.525280e-05
elapsed=9.246418e+03 cycle=8289 time=4.725761e-01 dt=5.525370e-05
elapsed=9.247385e+03 cycle=8290 time=4.726313e-01 dt=5.525461e-05
elapsed=9.248347e+03 cycle=8291 time=4.726866e-01 dt=5.525551e-05
elapsed=9.249457e+03 cycle=8292 time=4.727418e-01 dt=5.525641e-05
elapsed=9.250568e+03 cycle=8293 time=4.727971e-01 dt=5.525731e-05
elapsed=9.251538e+03 cycle=8294 time=4.728523e-01 dt=5.525820e-05
elapsed=9.252517e+03 cycle=8295 time=4.729076e-01 dt=5.525908e-05
elapsed=9.253484e+03 cycle=8296 time=4.729629e-01 dt=5.525997e-05
elapsed=9.254455e+03 cycle=8297 time=4.730181e-01 dt=5.526085e-05
elapsed=9.255402e+03 cycle=8298 time=4.730734e-01 dt=5.526174e-05
elapsed=9.256369e+03 cycle=8299 time=4.731286e-01 dt=5.526263e-05
elapsed=9.257337e+03 cycle=8300 time=4.731839e-01 dt=5.526352e-05
elapsed=9.258305e+03 cycle=8301 time=4.732392e-01 dt=5.526439e-05
elapsed=9.259264e+03 cycle=8302 time=4.732944e-01 dt=5.526525e-05
elapsed=9.260235e+03 cycle=8303 time=4.733497e-01 dt=5.526611e-05
elapsed=9.261198e+03 cycle=8304 time=4.734050e-01 dt=5.526696e-05
elapsed=9.262180e+03 cycle=8305 time=4.734602e-01 dt=5.526782e-05
elapsed=9.263295e+03 cycle=8306 time=4.735155e-01 dt=5.526869e-05
elapsed=9.264245e+03 cycle=8307 time=4.735708e-01 dt=5.526955e-05
elapsed=9.265355e+03 cycle=8308 time=4.736260e-01 dt=5.527042e-05
elapsed=9.266334e+03 cycle=8309 time=4.736813e-01 dt=5.527128e-05
elapsed=9.267294e+03 cycle=8310 time=4.737366e-01 dt=5.527215e-05
elapsed=9.268273e+03 cycle=8311 time=4.737918e-01 dt=5.527304e-05
elapsed=9.269234e+03 cycle=8312 time=4.738471e-01 dt=5.527392e-05
elapsed=9.270215e+03 cycle=8313 time=4.739024e-01 dt=5.527480e-05
elapsed=9.271180e+03 cycle=8314 time=4.739577e-01 dt=5.527568e-05
elapsed=9.272148e+03 cycle=8315 time=4.740129e-01 dt=5.527656e-05
elapsed=9.273098e+03 cycle=8316 time=4.740682e-01 dt=5.527744e-05
elapsed=9.274209e+03 cycle=8317 time=4.741235e-01 dt=5.527831e-05
elapsed=9.275170e+03 cycle=8318 time=4.741788e-01 dt=5.527919e-05
elapsed=9.276150e+03 cycle=8319 time=4.742341e-01 dt=5.528007e-05
elapsed=9.277130e+03 cycle=8320 time=4.742893e-01 dt=5.528095e-05
elapsed=9.278225e+03 cycle=8321 time=4.743446e-01 dt=5.528182e-05
elapsed=9.279193e+03 cycle=8322 time=4.743999e-01 dt=5.528269e-05
elapsed=9.280162e+03 cycle=8323 time=4.744552e-01 dt=5.528356e-05
elapsed=9.281254e+03 cycle=8324 time=4.745105e-01 dt=5.528442e-05
elapsed=9.282235e+03 cycle=8325 time=4.745658e-01 dt=5.528527e-05
elapsed=9.283181e+03 cycle=8326 time=4.746210e-01 dt=5.528613e-05
elapsed=9.284151e+03 cycle=8327 time=4.746763e-01 dt=5.528699e-05
elapsed=9.285116e+03 cycle=8328 time=4.747316e-01 dt=5.528783e-05
elapsed=9.286095e+03 cycle=8329 time=4.747869e-01 dt=5.528865e-05
elapsed=9.287186e+03 cycle=8330 time=4.748422e-01 dt=5.528947e-05
elapsed=9.288150e+03 cycle=8331 time=4.748975e-01 dt=5.529031e-05
elapsed=9.289267e+03 cycle=8332 time=4.749528e-01 dt=5.529115e-05
elapsed=9.290248e+03 cycle=8333 time=4.750081e-01 dt=5.529201e-05
elapsed=9.291212e+03 cycle=8334 time=4.750633e-01 dt=5.529288e-05
elapsed=9.292157e+03 cycle=8335 time=4.751186e-01 dt=5.529375e-05
elapsed=9.293105e+03 cycle=8336 time=4.751739e-01 dt=5.529462e-05
elapsed=9.294070e+03 cycle=8337 time=4.752292e-01 dt=5.529550e-05
elapsed=9.295020e+03 cycle=8338 time=4.752845e-01 dt=5.529638e-05
elapsed=9.295966e+03 cycle=8339 time=4.753398e-01 dt=5.529727e-05
elapsed=9.296951e+03 cycle=8340 time=4.753951e-01 dt=5.529816e-05
elapsed=9.297920e+03 cycle=8341 time=4.754504e-01 dt=5.529905e-05
elapsed=9.299014e+03 cycle=8342 time=4.755057e-01 dt=5.529995e-05
elapsed=9.299980e+03 cycle=8343 time=4.755610e-01 dt=5.530086e-05
elapsed=9.300949e+03 cycle=8344 time=4.756163e-01 dt=5.530178e-05
elapsed=9.302061e+03 cycle=8345 time=4.756716e-01 dt=5.530269e-05
elapsed=9.303008e+03 cycle=8346 time=4.757269e-01 dt=5.530360e-05
elapsed=9.303973e+03 cycle=8347 time=4.757822e-01 dt=5.530452e-05
elapsed=9.304922e+03 cycle=8348 time=4.758375e-01 dt=5.530546e-05
elapsed=9.305871e+03 cycle=8349 time=4.758928e-01 dt=5.530638e-05
elapsed=9.306838e+03 cycle=8350 time=4.759481e-01 dt=5.530729e-05
elapsed=9.307802e+03 cycle=8351 time=4.760035e-01 dt=5.530817e-05
elapsed=9.308753e+03 cycle=8352 time=4.760588e-01 dt=5.530904e-05
elapsed=9.309866e+03 cycle=8353 time=4.761141e-01 dt=5.530992e-05
elapsed=9.310833e+03 cycle=8354 time=4.761694e-01 dt=5.531079e-05
elapsed=9.311783e+03 cycle=8355 time=4.762247e-01 dt=5.531168e-05
elapsed=9.312731e+03 cycle=8356 time=4.762800e-01 dt=5.531258e-05
elapsed=9.313680e+03 cycle=8357 time=4.763353e-01 dt=5.531347e-05
elapsed=9.314643e+03 cycle=8358 time=4.763906e-01 dt=5.531437e-05
elapsed=9.315754e+03 cycle=8359 time=4.764459e-01 dt=5.531527e-05
elapsed=9.316846e+03 cycle=8360 time=4.765013e-01 dt=5.531619e-05
elapsed=9.317813e+03 cycle=8361 time=4.765566e-01 dt=5.531712e-05
elapsed=9.318774e+03 cycle=8362 time=4.766119e-01 dt=5.531805e-05
elapsed=9.319735e+03 cycle=8363 time=4.766672e-01 dt=5.531898e-05
elapsed=9.320714e+03 cycle=8364 time=4.767225e-01 dt=5.531992e-05
elapsed=9.321679e+03 cycle=8365 time=4.767778e-01 dt=5.532087e-05
elapsed=9.322625e+03 cycle=8366 time=4.768332e-01 dt=5.532182e-05
elapsed=9.323593e+03 cycle=8367 time=4.768885e-01 dt=5.532277e-05
elapsed=9.324562e+03 cycle=8368 time=4.769438e-01 dt=5.532372e-05
elapsed=9.325656e+03 cycle=8369 time=4.769991e-01 dt=5.532467e-05
elapsed=9.326624e+03 cycle=8370 time=4.770545e-01 dt=5.532562e-05
elapsed=9.327573e+03 cycle=8371 time=4.771098e-01 dt=5.532658e-05
elapsed=9.328520e+03 cycle=8372 time=4.771651e-01 dt=5.532754e-05
elapsed=9.329483e+03 cycle=8373 time=4.772204e-01 dt=5.532851e-05
elapsed=9.330466e+03 cycle=8374 time=4.772758e-01 dt=5.532949e-05
elapsed=9.331428e+03 cycle=8375 time=4.773311e-01 dt=5.533047e-05
elapsed=9.332375e+03 cycle=8376 time=4.773864e-01 dt=5.533145e-05
elapsed=9.333355e+03 cycle=8377 time=4.774418e-01 dt=5.533243e-05
elapsed=9.334303e+03 cycle=8378 time=4.774971e-01 dt=5.533341e-05
elapsed=9.335251e+03 cycle=8379 time=4.775524e-01 dt=5.533440e-05
elapsed=9.336217e+03 cycle=8380 time=4.776078e-01 dt=5.533537e-05
elapsed=9.337197e+03 cycle=8381 time=4.776631e-01 dt=5.533636e-05
elapsed=9.338165e+03 cycle=8382 time=4.777184e-01 dt=5.533734e-05
elapsed=9.339145e+03 cycle=8383 time=4.777738e-01 dt=5.533833e-05
elapsed=9.340113e+03 cycle=8384 time=4.778291e-01 dt=5.533932e-05
elapsed=9.341080e+03 cycle=8385 time=4.778844e-01 dt=5.534032e-05
elapsed=9.342046e+03 cycle=8386 time=4.779398e-01 dt=5.534131e-05
elapsed=9.342996e+03 cycle=8387 time=4.779951e-01 dt=5.534231e-05
elapsed=9.343961e+03 cycle=8388 time=4.780505e-01 dt=5.534330e-05
elapsed=9.344911e+03 cycle=8389 time=4.781058e-01 dt=5.534429e-05
elapsed=9.345860e+03 cycle=8390 time=4.781612e-01 dt=5.534529e-05
elapsed=9.346839e+03 cycle=8391 time=4.782165e-01 dt=5.534629e-05
elapsed=9.347804e+03 cycle=8392 time=4.782718e-01 dt=5.534730e-05
elapsed=9.348784e+03 cycle=8393 time=4.783272e-01 dt=5.534831e-05
elapsed=9.349733e+03 cycle=8394 time=4.783825e-01 dt=5.534931e-05
elapsed=9.350696e+03 cycle=8395 time=4.784379e-01 dt=5.535033e-05
elapsed=9.351658e+03 cycle=8396 time=4.784932e-01 dt=5.535135e-05
elapsed=9.352625e+03 cycle=8397 time=4.785486e-01 dt=5.535237e-05
elapsed=9.353587e+03 cycle=8398 time=4.786039e-01 dt=5.535340e-05
elapsed=9.354679e+03 cycle=8399 time=4.786593e-01 dt=5.535442e-05
elapsed=9.355628e+03 cycle=8400 time=4.787147e-01 dt=5.535544e-05
elapsed=9.356611e+03 cycle=8401 time=4.787700e-01 dt=5.535647e-05
elapsed=9.357578e+03 cycle=8402 time=4.788254e-01 dt=5.535750e-05
elapsed=9.358544e+03 cycle=8403 time=4.788807e-01 dt=5.535853e-05
elapsed=9.359508e+03 cycle=8404 time=4.789361e-01 dt=5.535958e-05
elapsed=9.360486e+03 cycle=8405 time=4.789914e-01 dt=5.536063e-05
elapsed=9.361473e+03 cycle=8406 time=4.790468e-01 dt=5.536167e-05
elapsed=9.362433e+03 cycle=8407 time=4.791022e-01 dt=5.536273e-05
elapsed=9.363397e+03 cycle=8408 time=4.791575e-01 dt=5.536380e-05
elapsed=9.364358e+03 cycle=8409 time=4.792129e-01 dt=5.536485e-05
elapsed=9.365336e+03 cycle=8410 time=4.792683e-01 dt=5.536591e-05
elapsed=9.366320e+03 cycle=8411 time=4.793236e-01 dt=5.536698e-05
elapsed=9.367283e+03 cycle=8412 time=4.793790e-01 dt=5.536804e-05
elapsed=9.368250e+03 cycle=8413 time=4.794344e-01 dt=5.536911e-05
elapsed=9.369230e+03 cycle=8414 time=4.794897e-01 dt=5.537018e-05
elapsed=9.370210e+03 cycle=8415 time=4.795451e-01 dt=5.537124e-05
elapsed=9.371173e+03 cycle=8416 time=4.796005e-01 dt=5.537229e-05
elapsed=9.372141e+03 cycle=8417 time=4.796558e-01 dt=5.537334e-05
elapsed=9.373092e+03 cycle=8418 time=4.797112e-01 dt=5.537437e-05
elapsed=9.374057e+03 cycle=8419 time=4.797666e-01 dt=5.537540e-05
elapsed=9.375020e+03 cycle=8420 time=4.798220e-01 dt=5.537644e-05
elapsed=9.375990e+03 cycle=8421 time=4.798773e-01 dt=5.537749e-05
elapsed=9.376938e+03 cycle=8422 time=4.799327e-01 dt=5.537855e-05
elapsed=9.377889e+03 cycle=8423 time=4.799881e-01 dt=5.537961e-05
elapsed=9.397791e+03 cycle=8424 time=4.800435e-01 dt=5.538067e-05
[Tue Dec 30 08:31:28 EST 2025] Found 11 bin files, deleting 1 oldest...
elapsed=9.398739e+03 cycle=8425 time=4.800989e-01 dt=5.538175e-05
elapsed=9.399704e+03 cycle=8426 time=4.801542e-01 dt=5.538281e-05
[Tue Dec 30 08:31:29 EST 2025] Kept 10 most recent bin files.
elapsed=9.400796e+03 cycle=8427 time=4.802096e-01 dt=5.538385e-05
elapsed=9.401767e+03 cycle=8428 time=4.802650e-01 dt=5.538488e-05
elapsed=9.402746e+03 cycle=8429 time=4.803204e-01 dt=5.538590e-05
elapsed=9.403692e+03 cycle=8430 time=4.803758e-01 dt=5.538690e-05
elapsed=9.404640e+03 cycle=8431 time=4.804312e-01 dt=5.538791e-05
elapsed=9.405619e+03 cycle=8432 time=4.804866e-01 dt=5.538891e-05
elapsed=9.406599e+03 cycle=8433 time=4.805419e-01 dt=5.538991e-05
elapsed=9.407581e+03 cycle=8434 time=4.805973e-01 dt=5.539092e-05
elapsed=9.408548e+03 cycle=8435 time=4.806527e-01 dt=5.539193e-05
elapsed=9.409512e+03 cycle=8436 time=4.807081e-01 dt=5.539293e-05
elapsed=9.410479e+03 cycle=8437 time=4.807635e-01 dt=5.539392e-05
elapsed=9.411459e+03 cycle=8438 time=4.808189e-01 dt=5.539491e-05
elapsed=9.412406e+03 cycle=8439 time=4.808743e-01 dt=5.539589e-05
elapsed=9.413370e+03 cycle=8440 time=4.809297e-01 dt=5.539687e-05
elapsed=9.414337e+03 cycle=8441 time=4.809851e-01 dt=5.539784e-05
elapsed=9.415284e+03 cycle=8442 time=4.810405e-01 dt=5.539882e-05
elapsed=9.416257e+03 cycle=8443 time=4.810959e-01 dt=5.539980e-05
elapsed=9.417203e+03 cycle=8444 time=4.811513e-01 dt=5.540078e-05
elapsed=9.418184e+03 cycle=8445 time=4.812067e-01 dt=5.540176e-05
elapsed=9.419151e+03 cycle=8446 time=4.812621e-01 dt=5.540274e-05
elapsed=9.420100e+03 cycle=8447 time=4.813175e-01 dt=5.540373e-05
elapsed=9.421047e+03 cycle=8448 time=4.813729e-01 dt=5.540471e-05
elapsed=9.421995e+03 cycle=8449 time=4.814283e-01 dt=5.540568e-05
elapsed=9.423106e+03 cycle=8450 time=4.814837e-01 dt=5.540665e-05
elapsed=9.424067e+03 cycle=8451 time=4.815391e-01 dt=5.540762e-05
elapsed=9.425036e+03 cycle=8452 time=4.815945e-01 dt=5.540859e-05
elapsed=9.426016e+03 cycle=8453 time=4.816499e-01 dt=5.540957e-05
elapsed=9.426967e+03 cycle=8454 time=4.817053e-01 dt=5.541057e-05
elapsed=9.427915e+03 cycle=8455 time=4.817607e-01 dt=5.541159e-05
elapsed=9.428896e+03 cycle=8456 time=4.818162e-01 dt=5.541261e-05
elapsed=9.429860e+03 cycle=8457 time=4.818716e-01 dt=5.541363e-05
elapsed=9.430824e+03 cycle=8458 time=4.819270e-01 dt=5.541464e-05
elapsed=9.431803e+03 cycle=8459 time=4.819824e-01 dt=5.541565e-05
elapsed=9.432769e+03 cycle=8460 time=4.820378e-01 dt=5.541666e-05
elapsed=9.433719e+03 cycle=8461 time=4.820932e-01 dt=5.541766e-05
elapsed=9.434699e+03 cycle=8462 time=4.821486e-01 dt=5.541868e-05
elapsed=9.435665e+03 cycle=8463 time=4.822041e-01 dt=5.541970e-05
elapsed=9.436779e+03 cycle=8464 time=4.822595e-01 dt=5.542072e-05
elapsed=9.437758e+03 cycle=8465 time=4.823149e-01 dt=5.542174e-05
elapsed=9.438719e+03 cycle=8466 time=4.823703e-01 dt=5.542277e-05
elapsed=9.439679e+03 cycle=8467 time=4.824258e-01 dt=5.542380e-05
elapsed=9.440626e+03 cycle=8468 time=4.824812e-01 dt=5.542482e-05
elapsed=9.441592e+03 cycle=8469 time=4.825366e-01 dt=5.542584e-05
elapsed=9.442537e+03 cycle=8470 time=4.825920e-01 dt=5.542686e-05
elapsed=9.443484e+03 cycle=8471 time=4.826475e-01 dt=5.542787e-05
elapsed=9.444443e+03 cycle=8472 time=4.827029e-01 dt=5.542888e-05
elapsed=9.445410e+03 cycle=8473 time=4.827583e-01 dt=5.542989e-05
elapsed=9.446369e+03 cycle=8474 time=4.828137e-01 dt=5.543090e-05
elapsed=9.447350e+03 cycle=8475 time=4.828692e-01 dt=5.543190e-05
elapsed=9.448297e+03 cycle=8476 time=4.829246e-01 dt=5.543291e-05
elapsed=9.449264e+03 cycle=8477 time=4.829800e-01 dt=5.543393e-05
elapsed=9.450212e+03 cycle=8478 time=4.830355e-01 dt=5.543494e-05
elapsed=9.451174e+03 cycle=8479 time=4.830909e-01 dt=5.543595e-05
elapsed=9.452158e+03 cycle=8480 time=4.831463e-01 dt=5.543696e-05
elapsed=9.453138e+03 cycle=8481 time=4.832018e-01 dt=5.543797e-05
elapsed=9.454100e+03 cycle=8482 time=4.832572e-01 dt=5.543898e-05
elapsed=9.455083e+03 cycle=8483 time=4.833127e-01 dt=5.543999e-05
elapsed=9.456046e+03 cycle=8484 time=4.833681e-01 dt=5.544098e-05
elapsed=9.456996e+03 cycle=8485 time=4.834235e-01 dt=5.544196e-05
elapsed=9.457955e+03 cycle=8486 time=4.834790e-01 dt=5.544293e-05
elapsed=9.458901e+03 cycle=8487 time=4.835344e-01 dt=5.544391e-05
elapsed=9.460015e+03 cycle=8488 time=4.835899e-01 dt=5.544489e-05
elapsed=9.460995e+03 cycle=8489 time=4.836453e-01 dt=5.544586e-05
elapsed=9.461981e+03 cycle=8490 time=4.837008e-01 dt=5.544683e-05
elapsed=9.462929e+03 cycle=8491 time=4.837562e-01 dt=5.544779e-05
elapsed=9.463892e+03 cycle=8492 time=4.838116e-01 dt=5.544877e-05
elapsed=9.464987e+03 cycle=8493 time=4.838671e-01 dt=5.544974e-05
elapsed=9.465955e+03 cycle=8494 time=4.839225e-01 dt=5.545072e-05
elapsed=9.466941e+03 cycle=8495 time=4.839780e-01 dt=5.545171e-05
elapsed=9.467901e+03 cycle=8496 time=4.840335e-01 dt=5.545270e-05
elapsed=9.468849e+03 cycle=8497 time=4.840889e-01 dt=5.545369e-05
elapsed=9.469942e+03 cycle=8498 time=4.841444e-01 dt=5.545468e-05
elapsed=9.470892e+03 cycle=8499 time=4.841998e-01 dt=5.545568e-05
elapsed=9.471872e+03 cycle=8500 time=4.842553e-01 dt=5.545667e-05
elapsed=9.472819e+03 cycle=8501 time=4.843107e-01 dt=5.545766e-05
elapsed=9.473800e+03 cycle=8502 time=4.843662e-01 dt=5.545864e-05
elapsed=9.474750e+03 cycle=8503 time=4.844216e-01 dt=5.545963e-05
elapsed=9.475718e+03 cycle=8504 time=4.844771e-01 dt=5.546061e-05
elapsed=9.476689e+03 cycle=8505 time=4.845326e-01 dt=5.546160e-05
elapsed=9.477657e+03 cycle=8506 time=4.845880e-01 dt=5.546259e-05
elapsed=9.478617e+03 cycle=8507 time=4.846435e-01 dt=5.546359e-05
elapsed=9.479580e+03 cycle=8508 time=4.846989e-01 dt=5.546457e-05
elapsed=9.480526e+03 cycle=8509 time=4.847544e-01 dt=5.546553e-05
elapsed=9.481478e+03 cycle=8510 time=4.848099e-01 dt=5.546649e-05
elapsed=9.482438e+03 cycle=8511 time=4.848653e-01 dt=5.546745e-05
elapsed=9.483419e+03 cycle=8512 time=4.849208e-01 dt=5.546841e-05
elapsed=9.484366e+03 cycle=8513 time=4.849763e-01 dt=5.546937e-05
elapsed=9.485333e+03 cycle=8514 time=4.850317e-01 dt=5.547032e-05
elapsed=9.486296e+03 cycle=8515 time=4.850872e-01 dt=5.547128e-05
elapsed=9.487262e+03 cycle=8516 time=4.851427e-01 dt=5.547224e-05
elapsed=9.488230e+03 cycle=8517 time=4.851982e-01 dt=5.547320e-05
elapsed=9.489214e+03 cycle=8518 time=4.852536e-01 dt=5.547416e-05
elapsed=9.490182e+03 cycle=8519 time=4.853091e-01 dt=5.547512e-05
elapsed=9.491161e+03 cycle=8520 time=4.853646e-01 dt=5.547608e-05
elapsed=9.492145e+03 cycle=8521 time=4.854201e-01 dt=5.547705e-05
elapsed=9.493124e+03 cycle=8522 time=4.854755e-01 dt=5.547803e-05
elapsed=9.494091e+03 cycle=8523 time=4.855310e-01 dt=5.547901e-05
elapsed=9.495073e+03 cycle=8524 time=4.855865e-01 dt=5.547998e-05
elapsed=9.496183e+03 cycle=8525 time=4.856420e-01 dt=5.548095e-05
elapsed=9.497146e+03 cycle=8526 time=4.856975e-01 dt=5.548192e-05
elapsed=9.498109e+03 cycle=8527 time=4.857529e-01 dt=5.548288e-05
elapsed=9.499059e+03 cycle=8528 time=4.858084e-01 dt=5.548385e-05
elapsed=9.500005e+03 cycle=8529 time=4.858639e-01 dt=5.548483e-05
elapsed=9.500970e+03 cycle=8530 time=4.859194e-01 dt=5.548581e-05
elapsed=9.501940e+03 cycle=8531 time=4.859749e-01 dt=5.548680e-05
elapsed=9.502907e+03 cycle=8532 time=4.860304e-01 dt=5.548778e-05
elapsed=9.503873e+03 cycle=8533 time=4.860859e-01 dt=5.548877e-05
elapsed=9.504835e+03 cycle=8534 time=4.861413e-01 dt=5.548975e-05
elapsed=9.505780e+03 cycle=8535 time=4.861968e-01 dt=5.549073e-05
elapsed=9.506764e+03 cycle=8536 time=4.862523e-01 dt=5.549172e-05
elapsed=9.507710e+03 cycle=8537 time=4.863078e-01 dt=5.549270e-05
elapsed=9.508677e+03 cycle=8538 time=4.863633e-01 dt=5.549370e-05
elapsed=9.509660e+03 cycle=8539 time=4.864188e-01 dt=5.549468e-05
elapsed=9.510641e+03 cycle=8540 time=4.864743e-01 dt=5.549563e-05
elapsed=9.511606e+03 cycle=8541 time=4.865298e-01 dt=5.549656e-05
elapsed=9.512554e+03 cycle=8542 time=4.865853e-01 dt=5.549748e-05
elapsed=9.513535e+03 cycle=8543 time=4.866408e-01 dt=5.549840e-05
elapsed=9.514496e+03 cycle=8544 time=4.866963e-01 dt=5.549932e-05
elapsed=9.515444e+03 cycle=8545 time=4.867518e-01 dt=5.550024e-05
elapsed=9.516410e+03 cycle=8546 time=4.868073e-01 dt=5.550115e-05
elapsed=9.517508e+03 cycle=8547 time=4.868628e-01 dt=5.550205e-05
elapsed=9.518473e+03 cycle=8548 time=4.869183e-01 dt=5.550295e-05
elapsed=9.519452e+03 cycle=8549 time=4.869738e-01 dt=5.550385e-05
elapsed=9.520402e+03 cycle=8550 time=4.870293e-01 dt=5.550476e-05
elapsed=9.521350e+03 cycle=8551 time=4.870848e-01 dt=5.550567e-05
elapsed=9.522443e+03 cycle=8552 time=4.871403e-01 dt=5.550657e-05
elapsed=9.523408e+03 cycle=8553 time=4.871958e-01 dt=5.550745e-05
elapsed=9.524368e+03 cycle=8554 time=4.872513e-01 dt=5.550834e-05
elapsed=9.525354e+03 cycle=8555 time=4.873068e-01 dt=5.550922e-05
elapsed=9.526334e+03 cycle=8556 time=4.873623e-01 dt=5.551011e-05
elapsed=9.527298e+03 cycle=8557 time=4.874178e-01 dt=5.551101e-05
elapsed=9.528408e+03 cycle=8558 time=4.874734e-01 dt=5.551190e-05
elapsed=9.529376e+03 cycle=8559 time=4.875289e-01 dt=5.551247e-05
elapsed=9.530325e+03 cycle=8560 time=4.875844e-01 dt=5.551253e-05
elapsed=9.531292e+03 cycle=8561 time=4.876399e-01 dt=5.551259e-05
elapsed=9.532276e+03 cycle=8562 time=4.876954e-01 dt=5.551264e-05
elapsed=9.533242e+03 cycle=8563 time=4.877509e-01 dt=5.551269e-05
elapsed=9.534189e+03 cycle=8564 time=4.878064e-01 dt=5.551275e-05
elapsed=9.535138e+03 cycle=8565 time=4.878619e-01 dt=5.551282e-05
elapsed=9.536083e+03 cycle=8566 time=4.879175e-01 dt=5.551289e-05
elapsed=9.537032e+03 cycle=8567 time=4.879730e-01 dt=5.551296e-05
elapsed=9.538143e+03 cycle=8568 time=4.880285e-01 dt=5.551303e-05
elapsed=9.539106e+03 cycle=8569 time=4.880840e-01 dt=5.551311e-05
elapsed=9.540077e+03 cycle=8570 time=4.881395e-01 dt=5.551319e-05
elapsed=9.541045e+03 cycle=8571 time=4.881950e-01 dt=5.551327e-05
elapsed=9.542010e+03 cycle=8572 time=4.882505e-01 dt=5.551336e-05
elapsed=9.542977e+03 cycle=8573 time=4.883060e-01 dt=5.551346e-05
elapsed=9.543926e+03 cycle=8574 time=4.883616e-01 dt=5.551357e-05
elapsed=9.545020e+03 cycle=8575 time=4.884171e-01 dt=5.551369e-05
elapsed=9.545985e+03 cycle=8576 time=4.884726e-01 dt=5.551380e-05
elapsed=9.546954e+03 cycle=8577 time=4.885281e-01 dt=5.551392e-05
elapsed=9.547914e+03 cycle=8578 time=4.885836e-01 dt=5.551403e-05
elapsed=9.548881e+03 cycle=8579 time=4.886391e-01 dt=5.551414e-05
elapsed=9.549829e+03 cycle=8580 time=4.886946e-01 dt=5.551426e-05
elapsed=9.550776e+03 cycle=8581 time=4.887502e-01 dt=5.551437e-05
elapsed=9.551725e+03 cycle=8582 time=4.888057e-01 dt=5.551449e-05
elapsed=9.552686e+03 cycle=8583 time=4.888612e-01 dt=5.551459e-05
elapsed=9.553652e+03 cycle=8584 time=4.889167e-01 dt=5.551471e-05
elapsed=9.554638e+03 cycle=8585 time=4.889722e-01 dt=5.551483e-05
elapsed=9.555605e+03 cycle=8586 time=4.890277e-01 dt=5.551495e-05
elapsed=9.556574e+03 cycle=8587 time=4.890832e-01 dt=5.551508e-05
elapsed=9.557523e+03 cycle=8588 time=4.891388e-01 dt=5.551521e-05
elapsed=9.558503e+03 cycle=8589 time=4.891943e-01 dt=5.551534e-05
elapsed=9.559595e+03 cycle=8590 time=4.892498e-01 dt=5.551545e-05
elapsed=9.560545e+03 cycle=8591 time=4.893053e-01 dt=5.551555e-05
elapsed=9.561527e+03 cycle=8592 time=4.893608e-01 dt=5.551566e-05
elapsed=9.562477e+03 cycle=8593 time=4.894163e-01 dt=5.551576e-05
elapsed=9.563442e+03 cycle=8594 time=4.894719e-01 dt=5.551587e-05
elapsed=9.564391e+03 cycle=8595 time=4.895274e-01 dt=5.551598e-05
elapsed=9.565358e+03 cycle=8596 time=4.895829e-01 dt=5.551610e-05
elapsed=9.566318e+03 cycle=8597 time=4.896384e-01 dt=5.551621e-05
elapsed=9.567268e+03 cycle=8598 time=4.896939e-01 dt=5.551634e-05
elapsed=9.568227e+03 cycle=8599 time=4.897494e-01 dt=5.551649e-05
elapsed=9.569176e+03 cycle=8600 time=4.898050e-01 dt=5.551664e-05
elapsed=9.570159e+03 cycle=8601 time=4.898605e-01 dt=5.551679e-05
elapsed=9.571109e+03 cycle=8602 time=4.899160e-01 dt=5.551694e-05
elapsed=9.572075e+03 cycle=8603 time=4.899715e-01 dt=5.551709e-05
[Tue Dec 30 08:34:29 EST 2025] Found 11 bin files, deleting 1 oldest...
[Tue Dec 30 08:34:31 EST 2025] Kept 10 most recent bin files.
elapsed=9.592777e+03 cycle=8604 time=4.900270e-01 dt=5.551724e-05
elapsed=9.593726e+03 cycle=8605 time=4.900825e-01 dt=5.551739e-05
elapsed=9.594672e+03 cycle=8606 time=4.901381e-01 dt=5.551754e-05
elapsed=9.595782e+03 cycle=8607 time=4.901936e-01 dt=5.551769e-05
elapsed=9.596745e+03 cycle=8608 time=4.902491e-01 dt=5.551783e-05
elapsed=9.597727e+03 cycle=8609 time=4.903046e-01 dt=5.551797e-05
elapsed=9.598687e+03 cycle=8610 time=4.903601e-01 dt=5.551812e-05
elapsed=9.599667e+03 cycle=8611 time=4.904156e-01 dt=5.551826e-05
elapsed=9.600634e+03 cycle=8612 time=4.904712e-01 dt=5.551840e-05
elapsed=9.601616e+03 cycle=8613 time=4.905267e-01 dt=5.551855e-05
elapsed=9.602595e+03 cycle=8614 time=4.905822e-01 dt=5.551869e-05
elapsed=9.603563e+03 cycle=8615 time=4.906377e-01 dt=5.551884e-05
elapsed=9.604516e+03 cycle=8616 time=4.906932e-01 dt=5.551901e-05
elapsed=9.605496e+03 cycle=8617 time=4.907488e-01 dt=5.551919e-05
elapsed=9.606459e+03 cycle=8618 time=4.908043e-01 dt=5.551937e-05
elapsed=9.607431e+03 cycle=8619 time=4.908598e-01 dt=5.551954e-05
elapsed=9.608411e+03 cycle=8620 time=4.909153e-01 dt=5.551970e-05
elapsed=9.609372e+03 cycle=8621 time=4.909708e-01 dt=5.551986e-05
elapsed=9.610321e+03 cycle=8622 time=4.910264e-01 dt=5.552002e-05
elapsed=9.611414e+03 cycle=8623 time=4.910819e-01 dt=5.552018e-05
elapsed=9.612362e+03 cycle=8624 time=4.911374e-01 dt=5.552035e-05
elapsed=9.613343e+03 cycle=8625 time=4.911929e-01 dt=5.552051e-05
elapsed=9.614311e+03 cycle=8626 time=4.912484e-01 dt=5.552066e-05
elapsed=9.615290e+03 cycle=8627 time=4.913040e-01 dt=5.552080e-05
elapsed=9.616253e+03 cycle=8628 time=4.913595e-01 dt=5.552091e-05
elapsed=9.617346e+03 cycle=8629 time=4.914150e-01 dt=5.552103e-05
elapsed=9.618312e+03 cycle=8630 time=4.914705e-01 dt=5.552116e-05
elapsed=9.619257e+03 cycle=8631 time=4.915260e-01 dt=5.552129e-05
elapsed=9.620218e+03 cycle=8632 time=4.915816e-01 dt=5.552142e-05
elapsed=9.621164e+03 cycle=8633 time=4.916371e-01 dt=5.552154e-05
elapsed=9.622133e+03 cycle=8634 time=4.916926e-01 dt=5.552167e-05
elapsed=9.623113e+03 cycle=8635 time=4.917481e-01 dt=5.552180e-05
elapsed=9.624075e+03 cycle=8636 time=4.918036e-01 dt=5.552193e-05
elapsed=9.625042e+03 cycle=8637 time=4.918592e-01 dt=5.552206e-05
elapsed=9.626008e+03 cycle=8638 time=4.919147e-01 dt=5.552220e-05
elapsed=9.627102e+03 cycle=8639 time=4.919702e-01 dt=5.552235e-05
elapsed=9.628197e+03 cycle=8640 time=4.920257e-01 dt=5.552251e-05
elapsed=9.629176e+03 cycle=8641 time=4.920813e-01 dt=5.552268e-05
elapsed=9.630156e+03 cycle=8642 time=4.921368e-01 dt=5.552285e-05
elapsed=9.631118e+03 cycle=8643 time=4.921923e-01 dt=5.552300e-05
elapsed=9.632097e+03 cycle=8644 time=4.922478e-01 dt=5.552315e-05
elapsed=9.633082e+03 cycle=8645 time=4.923033e-01 dt=5.552328e-05
elapsed=9.634049e+03 cycle=8646 time=4.923589e-01 dt=5.552342e-05
elapsed=9.635008e+03 cycle=8647 time=4.924144e-01 dt=5.552355e-05
elapsed=9.635958e+03 cycle=8648 time=4.924699e-01 dt=5.552369e-05
elapsed=9.636925e+03 cycle=8649 time=4.925254e-01 dt=5.552384e-05
elapsed=9.637886e+03 cycle=8650 time=4.925810e-01 dt=5.552398e-05
elapsed=9.638832e+03 cycle=8651 time=4.926365e-01 dt=5.552413e-05
elapsed=9.639796e+03 cycle=8652 time=4.926920e-01 dt=5.552428e-05
elapsed=9.640745e+03 cycle=8653 time=4.927475e-01 dt=5.552442e-05
elapsed=9.641713e+03 cycle=8654 time=4.928031e-01 dt=5.552457e-05
elapsed=9.642823e+03 cycle=8655 time=4.928586e-01 dt=5.552472e-05
elapsed=9.643771e+03 cycle=8656 time=4.929141e-01 dt=5.552488e-05
elapsed=9.644722e+03 cycle=8657 time=4.929696e-01 dt=5.552503e-05
elapsed=9.645667e+03 cycle=8658 time=4.930252e-01 dt=5.552519e-05
elapsed=9.646632e+03 cycle=8659 time=4.930807e-01 dt=5.552535e-05
elapsed=9.647599e+03 cycle=8660 time=4.931362e-01 dt=5.552550e-05
elapsed=9.648579e+03 cycle=8661 time=4.931917e-01 dt=5.552566e-05
elapsed=9.649548e+03 cycle=8662 time=4.932473e-01 dt=5.552581e-05
elapsed=9.650508e+03 cycle=8663 time=4.933028e-01 dt=5.552596e-05
elapsed=9.651455e+03 cycle=8664 time=4.933583e-01 dt=5.552611e-05
elapsed=9.652421e+03 cycle=8665 time=4.934138e-01 dt=5.552626e-05
elapsed=9.653367e+03 cycle=8666 time=4.934694e-01 dt=5.552641e-05
elapsed=9.654333e+03 cycle=8667 time=4.935249e-01 dt=5.552656e-05
elapsed=9.655297e+03 cycle=8668 time=4.935804e-01 dt=5.552670e-05
elapsed=9.656276e+03 cycle=8669 time=4.936359e-01 dt=5.552684e-05
elapsed=9.657249e+03 cycle=8670 time=4.936915e-01 dt=5.552697e-05
elapsed=9.658341e+03 cycle=8671 time=4.937470e-01 dt=5.552711e-05
elapsed=9.659302e+03 cycle=8672 time=4.938025e-01 dt=5.552724e-05
elapsed=9.660263e+03 cycle=8673 time=4.938581e-01 dt=5.552738e-05
elapsed=9.661211e+03 cycle=8674 time=4.939136e-01 dt=5.552753e-05
elapsed=9.662192e+03 cycle=8675 time=4.939691e-01 dt=5.552770e-05
elapsed=9.663139e+03 cycle=8676 time=4.940246e-01 dt=5.552788e-05
elapsed=9.664084e+03 cycle=8677 time=4.940802e-01 dt=5.552807e-05
elapsed=9.665032e+03 cycle=8678 time=4.941357e-01 dt=5.552827e-05
elapsed=9.665995e+03 cycle=8679 time=4.941912e-01 dt=5.552848e-05
elapsed=9.666942e+03 cycle=8680 time=4.942467e-01 dt=5.552869e-05
elapsed=9.667889e+03 cycle=8681 time=4.943023e-01 dt=5.552890e-05
elapsed=9.668836e+03 cycle=8682 time=4.943578e-01 dt=5.552911e-05
elapsed=9.669800e+03 cycle=8683 time=4.944133e-01 dt=5.552933e-05
elapsed=9.670745e+03 cycle=8684 time=4.944689e-01 dt=5.552954e-05
elapsed=9.671716e+03 cycle=8685 time=4.945244e-01 dt=5.552975e-05
elapsed=9.672677e+03 cycle=8686 time=4.945799e-01 dt=5.552995e-05
elapsed=9.673657e+03 cycle=8687 time=4.946355e-01 dt=5.553014e-05
elapsed=9.674636e+03 cycle=8688 time=4.946910e-01 dt=5.553032e-05
elapsed=9.675584e+03 cycle=8689 time=4.947465e-01 dt=5.553049e-05
elapsed=9.676552e+03 cycle=8690 time=4.948020e-01 dt=5.553066e-05
elapsed=9.677519e+03 cycle=8691 time=4.948576e-01 dt=5.553084e-05
elapsed=9.678481e+03 cycle=8692 time=4.949131e-01 dt=5.553101e-05
elapsed=9.679430e+03 cycle=8693 time=4.949686e-01 dt=5.553117e-05
elapsed=9.680524e+03 cycle=8694 time=4.950242e-01 dt=5.553132e-05
elapsed=9.681472e+03 cycle=8695 time=4.950797e-01 dt=5.553147e-05
elapsed=9.682421e+03 cycle=8696 time=4.951352e-01 dt=5.553163e-05
elapsed=9.683387e+03 cycle=8697 time=4.951908e-01 dt=5.553177e-05
elapsed=9.684332e+03 cycle=8698 time=4.952463e-01 dt=5.553192e-05
elapsed=9.685444e+03 cycle=8699 time=4.953018e-01 dt=5.553207e-05
elapsed=9.686423e+03 cycle=8700 time=4.953574e-01 dt=5.553221e-05
elapsed=9.687371e+03 cycle=8701 time=4.954129e-01 dt=5.553236e-05
elapsed=9.688339e+03 cycle=8702 time=4.954684e-01 dt=5.553249e-05
elapsed=9.689322e+03 cycle=8703 time=4.955240e-01 dt=5.553262e-05
elapsed=9.690292e+03 cycle=8704 time=4.955795e-01 dt=5.553273e-05
elapsed=9.691404e+03 cycle=8705 time=4.956350e-01 dt=5.553285e-05
elapsed=9.692369e+03 cycle=8706 time=4.956906e-01 dt=5.553297e-05
elapsed=9.693331e+03 cycle=8707 time=4.957461e-01 dt=5.553308e-05
elapsed=9.694277e+03 cycle=8708 time=4.958016e-01 dt=5.553317e-05
elapsed=9.695241e+03 cycle=8709 time=4.958572e-01 dt=5.553328e-05
elapsed=9.696188e+03 cycle=8710 time=4.959127e-01 dt=5.553338e-05
elapsed=9.697155e+03 cycle=8711 time=4.959682e-01 dt=5.553348e-05
elapsed=9.698136e+03 cycle=8712 time=4.960238e-01 dt=5.553359e-05
elapsed=9.699101e+03 cycle=8713 time=4.960793e-01 dt=5.553369e-05
elapsed=9.700050e+03 cycle=8714 time=4.961348e-01 dt=5.553381e-05
elapsed=9.701018e+03 cycle=8715 time=4.961904e-01 dt=5.553392e-05
elapsed=9.701977e+03 cycle=8716 time=4.962459e-01 dt=5.553405e-05
elapsed=9.702944e+03 cycle=8717 time=4.963014e-01 dt=5.553417e-05
elapsed=9.703891e+03 cycle=8718 time=4.963570e-01 dt=5.553429e-05
elapsed=9.704984e+03 cycle=8719 time=4.964125e-01 dt=5.553441e-05
elapsed=9.705948e+03 cycle=8720 time=4.964680e-01 dt=5.553453e-05
elapsed=9.706909e+03 cycle=8721 time=4.965236e-01 dt=5.553465e-05
elapsed=9.707890e+03 cycle=8722 time=4.965791e-01 dt=5.553476e-05
elapsed=9.708837e+03 cycle=8723 time=4.966346e-01 dt=5.553487e-05
elapsed=9.709802e+03 cycle=8724 time=4.966902e-01 dt=5.553499e-05
elapsed=9.710767e+03 cycle=8725 time=4.967457e-01 dt=5.553511e-05
elapsed=9.711715e+03 cycle=8726 time=4.968012e-01 dt=5.553523e-05
elapsed=9.712660e+03 cycle=8727 time=4.968568e-01 dt=5.553533e-05
elapsed=9.713622e+03 cycle=8728 time=4.969123e-01 dt=5.553543e-05
elapsed=9.714589e+03 cycle=8729 time=4.969678e-01 dt=5.553553e-05
elapsed=9.715550e+03 cycle=8730 time=4.970234e-01 dt=5.553565e-05
elapsed=9.716498e+03 cycle=8731 time=4.970789e-01 dt=5.553577e-05
elapsed=9.717458e+03 cycle=8732 time=4.971344e-01 dt=5.553589e-05
elapsed=9.718423e+03 cycle=8733 time=4.971900e-01 dt=5.553600e-05
elapsed=9.719390e+03 cycle=8734 time=4.972455e-01 dt=5.553612e-05
elapsed=9.720371e+03 cycle=8735 time=4.973011e-01 dt=5.553621e-05
elapsed=9.721331e+03 cycle=8736 time=4.973566e-01 dt=5.553630e-05
elapsed=9.722315e+03 cycle=8737 time=4.974121e-01 dt=5.553638e-05
elapsed=9.723262e+03 cycle=8738 time=4.974677e-01 dt=5.553646e-05
elapsed=9.724242e+03 cycle=8739 time=4.975232e-01 dt=5.553655e-05
elapsed=9.725192e+03 cycle=8740 time=4.975787e-01 dt=5.553664e-05
elapsed=9.726174e+03 cycle=8741 time=4.976343e-01 dt=5.553672e-05
elapsed=9.727142e+03 cycle=8742 time=4.976898e-01 dt=5.553681e-05
elapsed=9.728107e+03 cycle=8743 time=4.977453e-01 dt=5.553689e-05
elapsed=9.729071e+03 cycle=8744 time=4.978009e-01 dt=5.553696e-05
elapsed=9.730017e+03 cycle=8745 time=4.978564e-01 dt=5.553703e-05
elapsed=9.730980e+03 cycle=8746 time=4.979120e-01 dt=5.553707e-05
elapsed=9.731959e+03 cycle=8747 time=4.979675e-01 dt=5.553711e-05
elapsed=9.732922e+03 cycle=8748 time=4.980230e-01 dt=5.553715e-05
elapsed=9.733905e+03 cycle=8749 time=4.980786e-01 dt=5.553719e-05
elapsed=9.734872e+03 cycle=8750 time=4.981341e-01 dt=5.553722e-05
elapsed=9.735964e+03 cycle=8751 time=4.981896e-01 dt=5.553724e-05
elapsed=9.736908e+03 cycle=8752 time=4.982452e-01 dt=5.553725e-05
elapsed=9.737890e+03 cycle=8753 time=4.983007e-01 dt=5.553727e-05
elapsed=9.738868e+03 cycle=8754 time=4.983563e-01 dt=5.553729e-05
elapsed=9.739814e+03 cycle=8755 time=4.984118e-01 dt=5.553730e-05
elapsed=9.740795e+03 cycle=8756 time=4.984673e-01 dt=5.553731e-05
elapsed=9.741765e+03 cycle=8757 time=4.985229e-01 dt=5.553730e-05
elapsed=9.742754e+03 cycle=8758 time=4.985784e-01 dt=5.553730e-05
elapsed=9.743703e+03 cycle=8759 time=4.986339e-01 dt=5.553730e-05
elapsed=9.744814e+03 cycle=8760 time=4.986895e-01 dt=5.553729e-05
elapsed=9.745776e+03 cycle=8761 time=4.987450e-01 dt=5.553729e-05
elapsed=9.746755e+03 cycle=8762 time=4.988006e-01 dt=5.553729e-05
elapsed=9.747717e+03 cycle=8763 time=4.988561e-01 dt=5.553731e-05
elapsed=9.748682e+03 cycle=8764 time=4.989116e-01 dt=5.553735e-05
elapsed=9.749663e+03 cycle=8765 time=4.989672e-01 dt=5.553739e-05
elapsed=9.750648e+03 cycle=8766 time=4.990227e-01 dt=5.553743e-05
elapsed=9.751611e+03 cycle=8767 time=4.990782e-01 dt=5.553748e-05
elapsed=9.752574e+03 cycle=8768 time=4.991338e-01 dt=5.553752e-05
elapsed=9.753540e+03 cycle=8769 time=4.991893e-01 dt=5.553754e-05
elapsed=9.754502e+03 cycle=8770 time=4.992449e-01 dt=5.553757e-05
elapsed=9.755451e+03 cycle=8771 time=4.993004e-01 dt=5.553759e-05
elapsed=9.756402e+03 cycle=8772 time=4.993559e-01 dt=5.553758e-05
elapsed=9.757365e+03 cycle=8773 time=4.994115e-01 dt=5.553756e-05
elapsed=9.758334e+03 cycle=8774 time=4.994670e-01 dt=5.553755e-05
elapsed=9.759301e+03 cycle=8775 time=4.995225e-01 dt=5.553753e-05
elapsed=9.760249e+03 cycle=8776 time=4.995781e-01 dt=5.553754e-05
elapsed=9.761197e+03 cycle=8777 time=4.996336e-01 dt=5.553757e-05
elapsed=9.762143e+03 cycle=8778 time=4.996892e-01 dt=5.553759e-05
elapsed=9.763121e+03 cycle=8779 time=4.997447e-01 dt=5.553763e-05
elapsed=9.764102e+03 cycle=8780 time=4.998002e-01 dt=5.553767e-05
elapsed=9.765068e+03 cycle=8781 time=4.998558e-01 dt=5.553770e-05
elapsed=9.766179e+03 cycle=8782 time=4.999113e-01 dt=5.553773e-05
elapsed=9.767142e+03 cycle=8783 time=4.999668e-01 dt=5.553775e-05
[Tue Dec 30 08:38:32 EST 2025] Found 11 bin files, deleting 1 oldest...
[Tue Dec 30 08:38:34 EST 2025] Kept 10 most recent bin files.
[Tue Dec 30 08:38:34 EST 2025] Found 2 restart files, deleting 1 oldest...
[Tue Dec 30 08:38:40 EST 2025] Kept only the most recent restart file.
elapsed=9.840465e+03 cycle=8784 time=5.000224e-01 dt=5.553779e-05
elapsed=9.841449e+03 cycle=8785 time=5.000779e-01 dt=5.553782e-05
elapsed=9.842414e+03 cycle=8786 time=5.001335e-01 dt=5.553786e-05
elapsed=9.843394e+03 cycle=8787 time=5.001890e-01 dt=5.553790e-05
elapsed=9.844374e+03 cycle=8788 time=5.002445e-01 dt=5.553795e-05
elapsed=9.845321e+03 cycle=8789 time=5.003001e-01 dt=5.553802e-05
elapsed=9.846300e+03 cycle=8790 time=5.003556e-01 dt=5.553809e-05
elapsed=9.847282e+03 cycle=8791 time=5.004111e-01 dt=5.553816e-05
elapsed=9.848392e+03 cycle=8792 time=5.004667e-01 dt=5.553822e-05
elapsed=9.849341e+03 cycle=8793 time=5.005222e-01 dt=5.553828e-05
elapsed=9.850326e+03 cycle=8794 time=5.005778e-01 dt=5.553835e-05
elapsed=9.851295e+03 cycle=8795 time=5.006333e-01 dt=5.553842e-05
elapsed=9.852260e+03 cycle=8796 time=5.006888e-01 dt=5.553850e-05
elapsed=9.853221e+03 cycle=8797 time=5.007444e-01 dt=5.553856e-05
elapsed=9.854205e+03 cycle=8798 time=5.007999e-01 dt=5.553863e-05
elapsed=9.855154e+03 cycle=8799 time=5.008555e-01 dt=5.553869e-05
elapsed=9.856119e+03 cycle=8800 time=5.009110e-01 dt=5.553876e-05
elapsed=9.857080e+03 cycle=8801 time=5.009665e-01 dt=5.553883e-05
elapsed=9.858060e+03 cycle=8802 time=5.010221e-01 dt=5.553890e-05
elapsed=9.859006e+03 cycle=8803 time=5.010776e-01 dt=5.553897e-05
elapsed=9.859973e+03 cycle=8804 time=5.011331e-01 dt=5.553904e-05
elapsed=9.860938e+03 cycle=8805 time=5.011887e-01 dt=5.553911e-05
elapsed=9.861884e+03 cycle=8806 time=5.012442e-01 dt=5.553919e-05
elapsed=9.862854e+03 cycle=8807 time=5.012998e-01 dt=5.553929e-05
elapsed=9.863947e+03 cycle=8808 time=5.013553e-01 dt=5.553939e-05
elapsed=9.864929e+03 cycle=8809 time=5.014108e-01 dt=5.553950e-05
elapsed=9.865878e+03 cycle=8810 time=5.014664e-01 dt=5.553960e-05
elapsed=9.866823e+03 cycle=8811 time=5.015219e-01 dt=5.553969e-05
elapsed=9.867782e+03 cycle=8812 time=5.015775e-01 dt=5.553978e-05
elapsed=9.868750e+03 cycle=8813 time=5.016330e-01 dt=5.553987e-05
elapsed=9.869729e+03 cycle=8814 time=5.016885e-01 dt=5.553996e-05
elapsed=9.870709e+03 cycle=8815 time=5.017441e-01 dt=5.554005e-05
elapsed=9.871669e+03 cycle=8816 time=5.017996e-01 dt=5.554013e-05
elapsed=9.872618e+03 cycle=8817 time=5.018552e-01 dt=5.554022e-05
elapsed=9.873597e+03 cycle=8818 time=5.019107e-01 dt=5.554031e-05
elapsed=9.874558e+03 cycle=8819 time=5.019662e-01 dt=5.554042e-05
elapsed=9.875524e+03 cycle=8820 time=5.020218e-01 dt=5.554053e-05
elapsed=9.876491e+03 cycle=8821 time=5.020773e-01 dt=5.554064e-05
elapsed=9.877436e+03 cycle=8822 time=5.021329e-01 dt=5.554075e-05
elapsed=9.878405e+03 cycle=8823 time=5.021884e-01 dt=5.554087e-05
elapsed=9.879371e+03 cycle=8824 time=5.022439e-01 dt=5.554098e-05
elapsed=9.880335e+03 cycle=8825 time=5.022995e-01 dt=5.554110e-05
elapsed=9.881302e+03 cycle=8826 time=5.023550e-01 dt=5.554122e-05
elapsed=9.882269e+03 cycle=8827 time=5.024106e-01 dt=5.554134e-05
elapsed=9.883235e+03 cycle=8828 time=5.024661e-01 dt=5.554146e-05
elapsed=9.884196e+03 cycle=8829 time=5.025217e-01 dt=5.554158e-05
elapsed=9.885162e+03 cycle=8830 time=5.025772e-01 dt=5.554170e-05
elapsed=9.886123e+03 cycle=8831 time=5.026327e-01 dt=5.554182e-05
elapsed=9.887109e+03 cycle=8832 time=5.026883e-01 dt=5.554194e-05
elapsed=9.888057e+03 cycle=8833 time=5.027438e-01 dt=5.554207e-05
elapsed=9.889028e+03 cycle=8834 time=5.027994e-01 dt=5.554221e-05
elapsed=9.890008e+03 cycle=8835 time=5.028549e-01 dt=5.554233e-05
elapsed=9.890988e+03 cycle=8836 time=5.029104e-01 dt=5.554245e-05
elapsed=9.891953e+03 cycle=8837 time=5.029660e-01 dt=5.554256e-05
elapsed=9.892919e+03 cycle=8838 time=5.030215e-01 dt=5.554268e-05
elapsed=9.894030e+03 cycle=8839 time=5.030771e-01 dt=5.554281e-05
elapsed=9.894993e+03 cycle=8840 time=5.031326e-01 dt=5.554293e-05
elapsed=9.895941e+03 cycle=8841 time=5.031882e-01 dt=5.554307e-05
elapsed=9.896909e+03 cycle=8842 time=5.032437e-01 dt=5.554321e-05
elapsed=9.897892e+03 cycle=8843 time=5.032992e-01 dt=5.554336e-05
elapsed=9.898984e+03 cycle=8844 time=5.033548e-01 dt=5.554349e-05
elapsed=9.899965e+03 cycle=8845 time=5.034103e-01 dt=5.554362e-05
elapsed=9.900934e+03 cycle=8846 time=5.034659e-01 dt=5.554374e-05
elapsed=9.901914e+03 cycle=8847 time=5.035214e-01 dt=5.554386e-05
elapsed=9.903028e+03 cycle=8848 time=5.035770e-01 dt=5.554398e-05
elapsed=9.904006e+03 cycle=8849 time=5.036325e-01 dt=5.554410e-05
elapsed=9.904970e+03 cycle=8850 time=5.036881e-01 dt=5.554422e-05
elapsed=9.905935e+03 cycle=8851 time=5.037436e-01 dt=5.554435e-05
elapsed=9.906884e+03 cycle=8852 time=5.037991e-01 dt=5.554447e-05
elapsed=9.907863e+03 cycle=8853 time=5.038547e-01 dt=5.554459e-05
elapsed=9.908845e+03 cycle=8854 time=5.039102e-01 dt=5.554471e-05
elapsed=9.909794e+03 cycle=8855 time=5.039658e-01 dt=5.554483e-05
elapsed=9.910779e+03 cycle=8856 time=5.040213e-01 dt=5.554495e-05
elapsed=9.911761e+03 cycle=8857 time=5.040769e-01 dt=5.554507e-05
elapsed=9.912726e+03 cycle=8858 time=5.041324e-01 dt=5.554519e-05
elapsed=9.913689e+03 cycle=8859 time=5.041880e-01 dt=5.554533e-05
elapsed=9.914654e+03 cycle=8860 time=5.042435e-01 dt=5.554547e-05
elapsed=9.915632e+03 cycle=8861 time=5.042990e-01 dt=5.554561e-05
elapsed=9.916592e+03 cycle=8862 time=5.043546e-01 dt=5.554576e-05
elapsed=9.917542e+03 cycle=8863 time=5.044101e-01 dt=5.554591e-05
elapsed=9.918513e+03 cycle=8864 time=5.044657e-01 dt=5.554607e-05
elapsed=9.919492e+03 cycle=8865 time=5.045212e-01 dt=5.554622e-05
elapsed=9.920438e+03 cycle=8866 time=5.045768e-01 dt=5.554636e-05
elapsed=9.921402e+03 cycle=8867 time=5.046323e-01 dt=5.554651e-05
elapsed=9.922495e+03 cycle=8868 time=5.046879e-01 dt=5.554665e-05
elapsed=9.923475e+03 cycle=8869 time=5.047434e-01 dt=5.554680e-05
elapsed=9.924439e+03 cycle=8870 time=5.047990e-01 dt=5.554695e-05
elapsed=9.925386e+03 cycle=8871 time=5.048545e-01 dt=5.554709e-05
elapsed=9.926346e+03 cycle=8872 time=5.049101e-01 dt=5.554723e-05
elapsed=9.927307e+03 cycle=8873 time=5.049656e-01 dt=5.554737e-05
elapsed=9.928287e+03 cycle=8874 time=5.050211e-01 dt=5.554752e-05
elapsed=9.929237e+03 cycle=8875 time=5.050767e-01 dt=5.554768e-05
elapsed=9.930347e+03 cycle=8876 time=5.051322e-01 dt=5.554785e-05
elapsed=9.931309e+03 cycle=8877 time=5.051878e-01 dt=5.554802e-05
elapsed=9.932277e+03 cycle=8878 time=5.052433e-01 dt=5.554819e-05
elapsed=9.933239e+03 cycle=8879 time=5.052989e-01 dt=5.554836e-05
elapsed=9.934220e+03 cycle=8880 time=5.053544e-01 dt=5.554854e-05
elapsed=9.935186e+03 cycle=8881 time=5.054100e-01 dt=5.554871e-05
elapsed=9.936149e+03 cycle=8882 time=5.054655e-01 dt=5.554889e-05
elapsed=9.937096e+03 cycle=8883 time=5.055211e-01 dt=5.554906e-05
elapsed=9.938062e+03 cycle=8884 time=5.055766e-01 dt=5.554923e-05
elapsed=9.939026e+03 cycle=8885 time=5.056322e-01 dt=5.554939e-05
elapsed=9.940117e+03 cycle=8886 time=5.056877e-01 dt=5.554955e-05
elapsed=9.941101e+03 cycle=8887 time=5.057433e-01 dt=5.554969e-05
elapsed=9.942049e+03 cycle=8888 time=5.057988e-01 dt=5.554984e-05
elapsed=9.943030e+03 cycle=8889 time=5.058544e-01 dt=5.554996e-05
elapsed=9.944010e+03 cycle=8890 time=5.059099e-01 dt=5.555007e-05
elapsed=9.945102e+03 cycle=8891 time=5.059655e-01 dt=5.555018e-05
elapsed=9.946071e+03 cycle=8892 time=5.060210e-01 dt=5.555029e-05
elapsed=9.947018e+03 cycle=8893 time=5.060766e-01 dt=5.555039e-05
elapsed=9.947983e+03 cycle=8894 time=5.061321e-01 dt=5.555049e-05
elapsed=9.948942e+03 cycle=8895 time=5.061877e-01 dt=5.555059e-05
elapsed=9.949908e+03 cycle=8896 time=5.062432e-01 dt=5.555069e-05
elapsed=9.950874e+03 cycle=8897 time=5.062988e-01 dt=5.555079e-05
elapsed=9.951822e+03 cycle=8898 time=5.063543e-01 dt=5.555091e-05
elapsed=9.952785e+03 cycle=8899 time=5.064099e-01 dt=5.555103e-05
elapsed=9.953766e+03 cycle=8900 time=5.064654e-01 dt=5.555115e-05
elapsed=9.954715e+03 cycle=8901 time=5.065210e-01 dt=5.555128e-05
elapsed=9.955680e+03 cycle=8902 time=5.065765e-01 dt=5.555140e-05
elapsed=9.956627e+03 cycle=8903 time=5.066321e-01 dt=5.555152e-05
elapsed=9.957592e+03 cycle=8904 time=5.066876e-01 dt=5.555165e-05
elapsed=9.958572e+03 cycle=8905 time=5.067432e-01 dt=5.555182e-05
elapsed=9.959665e+03 cycle=8906 time=5.067987e-01 dt=5.555199e-05
elapsed=9.960628e+03 cycle=8907 time=5.068543e-01 dt=5.555216e-05
elapsed=9.961594e+03 cycle=8908 time=5.069098e-01 dt=5.555234e-05
elapsed=9.962710e+03 cycle=8909 time=5.069654e-01 dt=5.555252e-05
elapsed=9.963657e+03 cycle=8910 time=5.070210e-01 dt=5.555271e-05
elapsed=9.964623e+03 cycle=8911 time=5.070765e-01 dt=5.555289e-05
elapsed=9.965585e+03 cycle=8912 time=5.071321e-01 dt=5.555308e-05
elapsed=9.966549e+03 cycle=8913 time=5.071876e-01 dt=5.555327e-05
elapsed=9.967496e+03 cycle=8914 time=5.072432e-01 dt=5.555346e-05
elapsed=9.968478e+03 cycle=8915 time=5.072987e-01 dt=5.555364e-05
elapsed=9.969448e+03 cycle=8916 time=5.073543e-01 dt=5.555382e-05
elapsed=9.970427e+03 cycle=8917 time=5.074098e-01 dt=5.555400e-05
elapsed=9.971406e+03 cycle=8918 time=5.074654e-01 dt=5.555418e-05
elapsed=9.972374e+03 cycle=8919 time=5.075209e-01 dt=5.555435e-05
elapsed=9.973342e+03 cycle=8920 time=5.075765e-01 dt=5.555453e-05
elapsed=9.974290e+03 cycle=8921 time=5.076320e-01 dt=5.555472e-05
elapsed=9.975400e+03 cycle=8922 time=5.076876e-01 dt=5.555490e-05
elapsed=9.976350e+03 cycle=8923 time=5.077432e-01 dt=5.555508e-05
elapsed=9.977330e+03 cycle=8924 time=5.077987e-01 dt=5.555526e-05
elapsed=9.978279e+03 cycle=8925 time=5.078543e-01 dt=5.555545e-05
elapsed=9.979257e+03 cycle=8926 time=5.079098e-01 dt=5.555563e-05
elapsed=9.980237e+03 cycle=8927 time=5.079654e-01 dt=5.555583e-05
elapsed=9.981202e+03 cycle=8928 time=5.080209e-01 dt=5.555603e-05
elapsed=9.982163e+03 cycle=8929 time=5.080765e-01 dt=5.555623e-05
elapsed=9.983112e+03 cycle=8930 time=5.081320e-01 dt=5.555642e-05
elapsed=9.984081e+03 cycle=8931 time=5.081876e-01 dt=5.555661e-05
elapsed=9.985066e+03 cycle=8932 time=5.082432e-01 dt=5.555679e-05
elapsed=9.986016e+03 cycle=8933 time=5.082987e-01 dt=5.555695e-05
elapsed=9.986984e+03 cycle=8934 time=5.083543e-01 dt=5.555712e-05
elapsed=9.987932e+03 cycle=8935 time=5.084098e-01 dt=5.555728e-05
elapsed=9.988899e+03 cycle=8936 time=5.084654e-01 dt=5.555745e-05
elapsed=9.989990e+03 cycle=8937 time=5.085209e-01 dt=5.555764e-05
elapsed=9.990954e+03 cycle=8938 time=5.085765e-01 dt=5.555785e-05
elapsed=9.991920e+03 cycle=8939 time=5.086321e-01 dt=5.555806e-05
elapsed=9.992888e+03 cycle=8940 time=5.086876e-01 dt=5.555828e-05
elapsed=9.993852e+03 cycle=8941 time=5.087432e-01 dt=5.555850e-05
elapsed=9.994834e+03 cycle=8942 time=5.087987e-01 dt=5.555874e-05
elapsed=9.995780e+03 cycle=8943 time=5.088543e-01 dt=5.555899e-05
elapsed=9.996748e+03 cycle=8944 time=5.089098e-01 dt=5.555925e-05
elapsed=9.997716e+03 cycle=8945 time=5.089654e-01 dt=5.555951e-05
elapsed=9.998664e+03 cycle=8946 time=5.090210e-01 dt=5.555979e-05
elapsed=9.999645e+03 cycle=8947 time=5.090765e-01 dt=5.556008e-05
elapsed=1.000062e+04 cycle=8948 time=5.091321e-01 dt=5.556037e-05
elapsed=1.000160e+04 cycle=8949 time=5.091876e-01 dt=5.556067e-05
elapsed=1.000259e+04 cycle=8950 time=5.092432e-01 dt=5.556099e-05
elapsed=1.000355e+04 cycle=8951 time=5.092988e-01 dt=5.556131e-05
elapsed=1.000452e+04 cycle=8952 time=5.093543e-01 dt=5.556165e-05
elapsed=1.000548e+04 cycle=8953 time=5.094099e-01 dt=5.556198e-05
elapsed=1.000658e+04 cycle=8954 time=5.094655e-01 dt=5.556231e-05
elapsed=1.000754e+04 cycle=8955 time=5.095210e-01 dt=5.556264e-05
elapsed=1.000850e+04 cycle=8956 time=5.095766e-01 dt=5.556298e-05
elapsed=1.000948e+04 cycle=8957 time=5.096321e-01 dt=5.556331e-05
elapsed=1.001043e+04 cycle=8958 time=5.096877e-01 dt=5.556366e-05
elapsed=1.001141e+04 cycle=8959 time=5.097433e-01 dt=5.556402e-05
elapsed=1.001238e+04 cycle=8960 time=5.097988e-01 dt=5.556439e-05
elapsed=1.001334e+04 cycle=8961 time=5.098544e-01 dt=5.556476e-05
elapsed=1.001443e+04 cycle=8962 time=5.099100e-01 dt=5.556512e-05
elapsed=1.001541e+04 cycle=8963 time=5.099655e-01 dt=5.556548e-05
elapsed=1.003471e+04 cycle=8964 time=5.100211e-01 dt=5.556585e-05
elapsed=1.003582e+04 cycle=8965 time=5.100767e-01 dt=5.556623e-05
elapsed=1.003680e+04 cycle=8966 time=5.101322e-01 dt=5.556663e-05
elapsed=1.003791e+04 cycle=8967 time=5.101878e-01 dt=5.556704e-05
elapsed=1.003888e+04 cycle=8968 time=5.102434e-01 dt=5.556744e-05
elapsed=1.003999e+04 cycle=8969 time=5.102989e-01 dt=5.556785e-05
elapsed=1.004094e+04 cycle=8970 time=5.103545e-01 dt=5.556826e-05
elapsed=1.004191e+04 cycle=8971 time=5.104101e-01 dt=5.556867e-05
elapsed=1.004286e+04 cycle=8972 time=5.104656e-01 dt=5.556908e-05
elapsed=1.004382e+04 cycle=8973 time=5.105212e-01 dt=5.556950e-05
elapsed=1.004477e+04 cycle=8974 time=5.105768e-01 dt=5.556992e-05
elapsed=1.004573e+04 cycle=8975 time=5.106323e-01 dt=5.557035e-05
elapsed=1.004671e+04 cycle=8976 time=5.106879e-01 dt=5.557078e-05
elapsed=1.004766e+04 cycle=8977 time=5.107435e-01 dt=5.557121e-05
elapsed=1.004862e+04 cycle=8978 time=5.107991e-01 dt=5.557164e-05
elapsed=1.004958e+04 cycle=8979 time=5.108546e-01 dt=5.557207e-05
elapsed=1.005054e+04 cycle=8980 time=5.109102e-01 dt=5.557249e-05
elapsed=1.005149e+04 cycle=8981 time=5.109658e-01 dt=5.557292e-05
elapsed=1.005244e+04 cycle=8982 time=5.110213e-01 dt=5.557334e-05
elapsed=1.005339e+04 cycle=8983 time=5.110769e-01 dt=5.557378e-05
elapsed=1.005436e+04 cycle=8984 time=5.111325e-01 dt=5.557423e-05
elapsed=1.005532e+04 cycle=8985 time=5.111881e-01 dt=5.557469e-05
elapsed=1.005628e+04 cycle=8986 time=5.112436e-01 dt=5.557516e-05
elapsed=1.005723e+04 cycle=8987 time=5.112992e-01 dt=5.557563e-05
elapsed=1.005820e+04 cycle=8988 time=5.113548e-01 dt=5.557611e-05
elapsed=1.005914e+04 cycle=8989 time=5.114104e-01 dt=5.557658e-05
elapsed=1.006011e+04 cycle=8990 time=5.114659e-01 dt=5.557705e-05
elapsed=1.006109e+04 cycle=8991 time=5.115215e-01 dt=5.557752e-05
elapsed=1.006204e+04 cycle=8992 time=5.115771e-01 dt=5.557800e-05
elapsed=1.006299e+04 cycle=8993 time=5.116327e-01 dt=5.557847e-05
elapsed=1.006395e+04 cycle=8994 time=5.116883e-01 dt=5.557896e-05
elapsed=1.006506e+04 cycle=8995 time=5.117438e-01 dt=5.557945e-05
elapsed=1.006603e+04 cycle=8996 time=5.117994e-01 dt=5.557994e-05
elapsed=1.006701e+04 cycle=8997 time=5.118550e-01 dt=5.558042e-05
elapsed=1.006799e+04 cycle=8998 time=5.119106e-01 dt=5.558089e-05
elapsed=1.006911e+04 cycle=8999 time=5.119662e-01 dt=5.558135e-05
elapsed=1.007007e+04 cycle=9000 time=5.120217e-01 dt=5.558182e-05
elapsed=1.007104e+04 cycle=9001 time=5.120773e-01 dt=5.558228e-05
[Tue Dec 30 08:42:40 EST 2025] Found 11 bin files, deleting 1 oldest...
elapsed=1.007200e+04 cycle=9002 time=5.121329e-01 dt=5.558273e-05
[Tue Dec 30 08:42:42 EST 2025] Kept 10 most recent bin files.
elapsed=1.007298e+04 cycle=9003 time=5.121885e-01 dt=5.558318e-05
elapsed=1.007395e+04 cycle=9004 time=5.122441e-01 dt=5.558362e-05
elapsed=1.007491e+04 cycle=9005 time=5.122996e-01 dt=5.558405e-05
elapsed=1.007589e+04 cycle=9006 time=5.123552e-01 dt=5.558449e-05
elapsed=1.007684e+04 cycle=9007 time=5.124108e-01 dt=5.558491e-05
elapsed=1.007781e+04 cycle=9008 time=5.124664e-01 dt=5.558533e-05
elapsed=1.007877e+04 cycle=9009 time=5.125220e-01 dt=5.558576e-05
elapsed=1.007972e+04 cycle=9010 time=5.125776e-01 dt=5.558619e-05
elapsed=1.008069e+04 cycle=9011 time=5.126332e-01 dt=5.558663e-05
elapsed=1.008165e+04 cycle=9012 time=5.126887e-01 dt=5.558707e-05
elapsed=1.008260e+04 cycle=9013 time=5.127443e-01 dt=5.558751e-05
elapsed=1.008357e+04 cycle=9014 time=5.127999e-01 dt=5.558796e-05
elapsed=1.008454e+04 cycle=9015 time=5.128555e-01 dt=5.558842e-05
elapsed=1.008549e+04 cycle=9016 time=5.129111e-01 dt=5.558887e-05
elapsed=1.008647e+04 cycle=9017 time=5.129667e-01 dt=5.558932e-05
elapsed=1.008742e+04 cycle=9018 time=5.130223e-01 dt=5.558978e-05
elapsed=1.008838e+04 cycle=9019 time=5.130779e-01 dt=5.559023e-05
elapsed=1.008933e+04 cycle=9020 time=5.131335e-01 dt=5.559069e-05
elapsed=1.009028e+04 cycle=9021 time=5.131890e-01 dt=5.559115e-05
elapsed=1.009124e+04 cycle=9022 time=5.132446e-01 dt=5.559162e-05
elapsed=1.009221e+04 cycle=9023 time=5.133002e-01 dt=5.559209e-05
elapsed=1.009317e+04 cycle=9024 time=5.133558e-01 dt=5.559256e-05
elapsed=1.009414e+04 cycle=9025 time=5.134114e-01 dt=5.559302e-05
elapsed=1.009510e+04 cycle=9026 time=5.134670e-01 dt=5.559348e-05
elapsed=1.009607e+04 cycle=9027 time=5.135226e-01 dt=5.559393e-05
elapsed=1.009705e+04 cycle=9028 time=5.135782e-01 dt=5.559438e-05
elapsed=1.009803e+04 cycle=9029 time=5.136338e-01 dt=5.559482e-05
elapsed=1.009901e+04 cycle=9030 time=5.136894e-01 dt=5.559526e-05
elapsed=1.009997e+04 cycle=9031 time=5.137450e-01 dt=5.559570e-05
elapsed=1.010094e+04 cycle=9032 time=5.138006e-01 dt=5.559613e-05
elapsed=1.010192e+04 cycle=9033 time=5.138562e-01 dt=5.559657e-05
elapsed=1.010288e+04 cycle=9034 time=5.139118e-01 dt=5.559699e-05
elapsed=1.010383e+04 cycle=9035 time=5.139674e-01 dt=5.559743e-05
elapsed=1.010494e+04 cycle=9036 time=5.140230e-01 dt=5.559787e-05
elapsed=1.010592e+04 cycle=9037 time=5.140786e-01 dt=5.559833e-05
elapsed=1.010687e+04 cycle=9038 time=5.141342e-01 dt=5.559879e-05
elapsed=1.010785e+04 cycle=9039 time=5.141898e-01 dt=5.559925e-05
elapsed=1.010882e+04 cycle=9040 time=5.142454e-01 dt=5.559970e-05
elapsed=1.010993e+04 cycle=9041 time=5.143010e-01 dt=5.560015e-05
elapsed=1.011088e+04 cycle=9042 time=5.143566e-01 dt=5.560060e-05
elapsed=1.011185e+04 cycle=9043 time=5.144122e-01 dt=5.560105e-05
elapsed=1.011282e+04 cycle=9044 time=5.144678e-01 dt=5.560148e-05
elapsed=1.011380e+04 cycle=9045 time=5.145234e-01 dt=5.560192e-05
elapsed=1.011478e+04 cycle=9046 time=5.145790e-01 dt=5.560235e-05
elapsed=1.011574e+04 cycle=9047 time=5.146346e-01 dt=5.560279e-05
elapsed=1.011671e+04 cycle=9048 time=5.146902e-01 dt=5.560322e-05
elapsed=1.011766e+04 cycle=9049 time=5.147458e-01 dt=5.560366e-05
elapsed=1.011863e+04 cycle=9050 time=5.148014e-01 dt=5.560409e-05
elapsed=1.011960e+04 cycle=9051 time=5.148570e-01 dt=5.560454e-05
elapsed=1.012055e+04 cycle=9052 time=5.149126e-01 dt=5.560499e-05
elapsed=1.012151e+04 cycle=9053 time=5.149682e-01 dt=5.560545e-05
elapsed=1.012246e+04 cycle=9054 time=5.150238e-01 dt=5.560590e-05
elapsed=1.012345e+04 cycle=9055 time=5.150794e-01 dt=5.560634e-05
elapsed=1.012439e+04 cycle=9056 time=5.151350e-01 dt=5.560678e-05
elapsed=1.012537e+04 cycle=9057 time=5.151906e-01 dt=5.560723e-05
elapsed=1.012635e+04 cycle=9058 time=5.152462e-01 dt=5.560767e-05
elapsed=1.012732e+04 cycle=9059 time=5.153018e-01 dt=5.560811e-05
elapsed=1.012826e+04 cycle=9060 time=5.153574e-01 dt=5.560855e-05
elapsed=1.012925e+04 cycle=9061 time=5.154130e-01 dt=5.560899e-05
elapsed=1.013021e+04 cycle=9062 time=5.154686e-01 dt=5.560943e-05
elapsed=1.013118e+04 cycle=9063 time=5.155243e-01 dt=5.560984e-05
elapsed=1.013213e+04 cycle=9064 time=5.155799e-01 dt=5.561025e-05
elapsed=1.013309e+04 cycle=9065 time=5.156355e-01 dt=5.561066e-05
elapsed=1.013405e+04 cycle=9066 time=5.156911e-01 dt=5.561107e-05
elapsed=1.013516e+04 cycle=9067 time=5.157467e-01 dt=5.561148e-05
elapsed=1.013613e+04 cycle=9068 time=5.158023e-01 dt=5.561189e-05
elapsed=1.013708e+04 cycle=9069 time=5.158579e-01 dt=5.561230e-05
elapsed=1.013805e+04 cycle=9070 time=5.159135e-01 dt=5.561270e-05
elapsed=1.013901e+04 cycle=9071 time=5.159691e-01 dt=5.561308e-05
elapsed=1.013996e+04 cycle=9072 time=5.160248e-01 dt=5.561347e-05
elapsed=1.014093e+04 cycle=9073 time=5.160804e-01 dt=5.561385e-05
elapsed=1.014191e+04 cycle=9074 time=5.161360e-01 dt=5.561421e-05
elapsed=1.014286e+04 cycle=9075 time=5.161916e-01 dt=5.561456e-05
elapsed=1.014381e+04 cycle=9076 time=5.162472e-01 dt=5.561489e-05
elapsed=1.014479e+04 cycle=9077 time=5.163028e-01 dt=5.561523e-05
elapsed=1.014575e+04 cycle=9078 time=5.163584e-01 dt=5.561556e-05
elapsed=1.014672e+04 cycle=9079 time=5.164141e-01 dt=5.561588e-05
elapsed=1.014768e+04 cycle=9080 time=5.164697e-01 dt=5.561619e-05
elapsed=1.014863e+04 cycle=9081 time=5.165253e-01 dt=5.561651e-05
elapsed=1.014960e+04 cycle=9082 time=5.165809e-01 dt=5.561682e-05
elapsed=1.015055e+04 cycle=9083 time=5.166365e-01 dt=5.561712e-05
elapsed=1.015151e+04 cycle=9084 time=5.166921e-01 dt=5.561740e-05
elapsed=1.015245e+04 cycle=9085 time=5.167478e-01 dt=5.561768e-05
elapsed=1.015357e+04 cycle=9086 time=5.168034e-01 dt=5.561795e-05
elapsed=1.015453e+04 cycle=9087 time=5.168590e-01 dt=5.561822e-05
elapsed=1.015549e+04 cycle=9088 time=5.169146e-01 dt=5.561850e-05
elapsed=1.015648e+04 cycle=9089 time=5.169702e-01 dt=5.561879e-05
elapsed=1.015744e+04 cycle=9090 time=5.170259e-01 dt=5.561908e-05
elapsed=1.015856e+04 cycle=9091 time=5.170815e-01 dt=5.561937e-05
elapsed=1.015952e+04 cycle=9092 time=5.171371e-01 dt=5.561967e-05
elapsed=1.016047e+04 cycle=9093 time=5.171927e-01 dt=5.561997e-05
elapsed=1.016144e+04 cycle=9094 time=5.172483e-01 dt=5.562027e-05
elapsed=1.016242e+04 cycle=9095 time=5.173040e-01 dt=5.562058e-05
elapsed=1.016339e+04 cycle=9096 time=5.173596e-01 dt=5.562089e-05
elapsed=1.016433e+04 cycle=9097 time=5.174152e-01 dt=5.562123e-05
elapsed=1.016531e+04 cycle=9098 time=5.174708e-01 dt=5.562157e-05
elapsed=1.016626e+04 cycle=9099 time=5.175264e-01 dt=5.562189e-05
elapsed=1.016723e+04 cycle=9100 time=5.175821e-01 dt=5.562221e-05
elapsed=1.016821e+04 cycle=9101 time=5.176377e-01 dt=5.562254e-05
elapsed=1.016917e+04 cycle=9102 time=5.176933e-01 dt=5.562287e-05
elapsed=1.017014e+04 cycle=9103 time=5.177489e-01 dt=5.562320e-05
elapsed=1.017112e+04 cycle=9104 time=5.178045e-01 dt=5.562354e-05
elapsed=1.017210e+04 cycle=9105 time=5.178602e-01 dt=5.562388e-05
elapsed=1.017307e+04 cycle=9106 time=5.179158e-01 dt=5.562424e-05
elapsed=1.017418e+04 cycle=9107 time=5.179714e-01 dt=5.562460e-05
elapsed=1.017515e+04 cycle=9108 time=5.180270e-01 dt=5.562496e-05
elapsed=1.017611e+04 cycle=9109 time=5.180827e-01 dt=5.562531e-05
elapsed=1.017706e+04 cycle=9110 time=5.181383e-01 dt=5.562567e-05
elapsed=1.017805e+04 cycle=9111 time=5.181939e-01 dt=5.562603e-05
elapsed=1.017900e+04 cycle=9112 time=5.182495e-01 dt=5.562638e-05
elapsed=1.017997e+04 cycle=9113 time=5.183052e-01 dt=5.562674e-05
elapsed=1.018093e+04 cycle=9114 time=5.183608e-01 dt=5.562708e-05
elapsed=1.018204e+04 cycle=9115 time=5.184164e-01 dt=5.562742e-05
elapsed=1.018302e+04 cycle=9116 time=5.184721e-01 dt=5.562776e-05
elapsed=1.018399e+04 cycle=9117 time=5.185277e-01 dt=5.562812e-05
elapsed=1.018494e+04 cycle=9118 time=5.185833e-01 dt=5.562848e-05
elapsed=1.018590e+04 cycle=9119 time=5.186389e-01 dt=5.562885e-05
elapsed=1.018701e+04 cycle=9120 time=5.186946e-01 dt=5.562922e-05
elapsed=1.018797e+04 cycle=9121 time=5.187502e-01 dt=5.562959e-05
elapsed=1.018894e+04 cycle=9122 time=5.188058e-01 dt=5.562995e-05
elapsed=1.018990e+04 cycle=9123 time=5.188615e-01 dt=5.563034e-05
elapsed=1.019088e+04 cycle=9124 time=5.189171e-01 dt=5.563074e-05
elapsed=1.019182e+04 cycle=9125 time=5.189727e-01 dt=5.563114e-05
elapsed=1.019279e+04 cycle=9126 time=5.190283e-01 dt=5.563155e-05
elapsed=1.019375e+04 cycle=9127 time=5.190840e-01 dt=5.563195e-05
elapsed=1.019474e+04 cycle=9128 time=5.191396e-01 dt=5.563235e-05
elapsed=1.019585e+04 cycle=9129 time=5.191952e-01 dt=5.563276e-05
elapsed=1.019682e+04 cycle=9130 time=5.192509e-01 dt=5.563319e-05
elapsed=1.019777e+04 cycle=9131 time=5.193065e-01 dt=5.563360e-05
elapsed=1.019871e+04 cycle=9132 time=5.193621e-01 dt=5.563401e-05
elapsed=1.019981e+04 cycle=9133 time=5.194178e-01 dt=5.563442e-05
elapsed=1.020090e+04 cycle=9134 time=5.194734e-01 dt=5.563483e-05
elapsed=1.020186e+04 cycle=9135 time=5.195290e-01 dt=5.563524e-05
elapsed=1.020282e+04 cycle=9136 time=5.195847e-01 dt=5.563566e-05
elapsed=1.020379e+04 cycle=9137 time=5.196403e-01 dt=5.563607e-05
elapsed=1.020476e+04 cycle=9138 time=5.196960e-01 dt=5.563648e-05
elapsed=1.020571e+04 cycle=9139 time=5.197516e-01 dt=5.563690e-05
elapsed=1.020667e+04 cycle=9140 time=5.198072e-01 dt=5.563731e-05
elapsed=1.020764e+04 cycle=9141 time=5.198629e-01 dt=5.563772e-05
elapsed=1.020858e+04 cycle=9142 time=5.199185e-01 dt=5.563814e-05
elapsed=1.020955e+04 cycle=9143 time=5.199741e-01 dt=5.563854e-05
elapsed=1.022976e+04 cycle=9144 time=5.200298e-01 dt=5.563893e-05
elapsed=1.023074e+04 cycle=9145 time=5.200854e-01 dt=5.563932e-05
elapsed=1.023171e+04 cycle=9146 time=5.201411e-01 dt=5.563971e-05
elapsed=1.023266e+04 cycle=9147 time=5.201967e-01 dt=5.564012e-05
elapsed=1.023364e+04 cycle=9148 time=5.202523e-01 dt=5.564056e-05
elapsed=1.023461e+04 cycle=9149 time=5.203080e-01 dt=5.564100e-05
elapsed=1.023559e+04 cycle=9150 time=5.203636e-01 dt=5.564143e-05
elapsed=1.023654e+04 cycle=9151 time=5.204193e-01 dt=5.564185e-05
elapsed=1.023750e+04 cycle=9152 time=5.204749e-01 dt=5.564228e-05
elapsed=1.023847e+04 cycle=9153 time=5.205305e-01 dt=5.564272e-05
elapsed=1.023944e+04 cycle=9154 time=5.205862e-01 dt=5.564316e-05
elapsed=1.024042e+04 cycle=9155 time=5.206418e-01 dt=5.564360e-05
elapsed=1.024139e+04 cycle=9156 time=5.206975e-01 dt=5.564405e-05
elapsed=1.024235e+04 cycle=9157 time=5.207531e-01 dt=5.564451e-05
elapsed=1.024333e+04 cycle=9158 time=5.208088e-01 dt=5.564496e-05
elapsed=1.024430e+04 cycle=9159 time=5.208644e-01 dt=5.564542e-05
elapsed=1.024528e+04 cycle=9160 time=5.209201e-01 dt=5.564588e-05
elapsed=1.024624e+04 cycle=9161 time=5.209757e-01 dt=5.564634e-05
elapsed=1.024721e+04 cycle=9162 time=5.210313e-01 dt=5.564680e-05
elapsed=1.024818e+04 cycle=9163 time=5.210870e-01 dt=5.564726e-05
elapsed=1.024914e+04 cycle=9164 time=5.211426e-01 dt=5.564773e-05
elapsed=1.025012e+04 cycle=9165 time=5.211983e-01 dt=5.564820e-05
elapsed=1.025110e+04 cycle=9166 time=5.212539e-01 dt=5.564867e-05
elapsed=1.025207e+04 cycle=9167 time=5.213096e-01 dt=5.564914e-05
elapsed=1.025302e+04 cycle=9168 time=5.213652e-01 dt=5.564962e-05
[Tue Dec 30 08:45:42 EST 2025] Found 11 bin files, deleting 1 oldest...
elapsed=1.025399e+04 cycle=9169 time=5.214209e-01 dt=5.565008e-05
[Tue Dec 30 08:45:44 EST 2025] Kept 10 most recent bin files.
elapsed=1.025497e+04 cycle=9170 time=5.214765e-01 dt=5.565054e-05
elapsed=1.025591e+04 cycle=9171 time=5.215322e-01 dt=5.565101e-05
elapsed=1.025688e+04 cycle=9172 time=5.215878e-01 dt=5.565147e-05
elapsed=1.025787e+04 cycle=9173 time=5.216435e-01 dt=5.565193e-05
elapsed=1.025883e+04 cycle=9174 time=5.216991e-01 dt=5.565240e-05
elapsed=1.025992e+04 cycle=9175 time=5.217548e-01 dt=5.565285e-05
elapsed=1.026089e+04 cycle=9176 time=5.218104e-01 dt=5.565328e-05
elapsed=1.026187e+04 cycle=9177 time=5.218661e-01 dt=5.565373e-05
elapsed=1.026282e+04 cycle=9178 time=5.219218e-01 dt=5.565417e-05
elapsed=1.026377e+04 cycle=9179 time=5.219774e-01 dt=5.565462e-05
elapsed=1.026471e+04 cycle=9180 time=5.220331e-01 dt=5.565507e-05
elapsed=1.026570e+04 cycle=9181 time=5.220887e-01 dt=5.565551e-05
elapsed=1.026668e+04 cycle=9182 time=5.221444e-01 dt=5.565596e-05
elapsed=1.026766e+04 cycle=9183 time=5.222000e-01 dt=5.565641e-05
elapsed=1.026862e+04 cycle=9184 time=5.222557e-01 dt=5.565687e-05
elapsed=1.026961e+04 cycle=9185 time=5.223113e-01 dt=5.565731e-05
elapsed=1.027057e+04 cycle=9186 time=5.223670e-01 dt=5.565775e-05
elapsed=1.027154e+04 cycle=9187 time=5.224227e-01 dt=5.565817e-05
elapsed=1.027248e+04 cycle=9188 time=5.224783e-01 dt=5.565859e-05
elapsed=1.027345e+04 cycle=9189 time=5.225340e-01 dt=5.565900e-05
elapsed=1.027439e+04 cycle=9190 time=5.225896e-01 dt=5.565943e-05
elapsed=1.027536e+04 cycle=9191 time=5.226453e-01 dt=5.565986e-05
elapsed=1.027631e+04 cycle=9192 time=5.227009e-01 dt=5.566029e-05
elapsed=1.027727e+04 cycle=9193 time=5.227566e-01 dt=5.566072e-05
elapsed=1.027824e+04 cycle=9194 time=5.228123e-01 dt=5.566116e-05
elapsed=1.027919e+04 cycle=9195 time=5.228679e-01 dt=5.566159e-05
elapsed=1.028015e+04 cycle=9196 time=5.229236e-01 dt=5.566203e-05
elapsed=1.028112e+04 cycle=9197 time=5.229793e-01 dt=5.566246e-05
elapsed=1.028207e+04 cycle=9198 time=5.230349e-01 dt=5.566288e-05
elapsed=1.028301e+04 cycle=9199 time=5.230906e-01 dt=5.566331e-05
elapsed=1.028398e+04 cycle=9200 time=5.231462e-01 dt=5.566373e-05
elapsed=1.028493e+04 cycle=9201 time=5.232019e-01 dt=5.566417e-05
elapsed=1.028589e+04 cycle=9202 time=5.232576e-01 dt=5.566463e-05
elapsed=1.028686e+04 cycle=9203 time=5.233132e-01 dt=5.566508e-05
elapsed=1.028782e+04 cycle=9204 time=5.233689e-01 dt=5.566554e-05
elapsed=1.028877e+04 cycle=9205 time=5.234246e-01 dt=5.566599e-05
elapsed=1.028975e+04 cycle=9206 time=5.234802e-01 dt=5.566644e-05
elapsed=1.029072e+04 cycle=9207 time=5.235359e-01 dt=5.566688e-05
elapsed=1.029168e+04 cycle=9208 time=5.235916e-01 dt=5.566731e-05
elapsed=1.029263e+04 cycle=9209 time=5.236472e-01 dt=5.566774e-05
elapsed=1.029361e+04 cycle=9210 time=5.237029e-01 dt=5.566819e-05
elapsed=1.029458e+04 cycle=9211 time=5.237586e-01 dt=5.566863e-05
elapsed=1.029555e+04 cycle=9212 time=5.238142e-01 dt=5.566908e-05
elapsed=1.029652e+04 cycle=9213 time=5.238699e-01 dt=5.566952e-05
elapsed=1.029748e+04 cycle=9214 time=5.239256e-01 dt=5.566997e-05
elapsed=1.029844e+04 cycle=9215 time=5.239812e-01 dt=5.567041e-05
elapsed=1.029955e+04 cycle=9216 time=5.240369e-01 dt=5.567085e-05
elapsed=1.030054e+04 cycle=9217 time=5.240926e-01 dt=5.567129e-05
elapsed=1.030163e+04 cycle=9218 time=5.241483e-01 dt=5.567174e-05
elapsed=1.030258e+04 cycle=9219 time=5.242039e-01 dt=5.567218e-05
elapsed=1.030356e+04 cycle=9220 time=5.242596e-01 dt=5.567263e-05
elapsed=1.030454e+04 cycle=9221 time=5.243153e-01 dt=5.567309e-05
elapsed=1.030552e+04 cycle=9222 time=5.243709e-01 dt=5.567354e-05
elapsed=1.030647e+04 cycle=9223 time=5.244266e-01 dt=5.567400e-05
elapsed=1.030745e+04 cycle=9224 time=5.244823e-01 dt=5.567447e-05
elapsed=1.030843e+04 cycle=9225 time=5.245380e-01 dt=5.567494e-05
elapsed=1.030941e+04 cycle=9226 time=5.245936e-01 dt=5.567541e-05
elapsed=1.031039e+04 cycle=9227 time=5.246493e-01 dt=5.567588e-05
elapsed=1.031134e+04 cycle=9228 time=5.247050e-01 dt=5.567635e-05
elapsed=1.031231e+04 cycle=9229 time=5.247607e-01 dt=5.567682e-05
elapsed=1.031341e+04 cycle=9230 time=5.248163e-01 dt=5.567728e-05
elapsed=1.031450e+04 cycle=9231 time=5.248720e-01 dt=5.567772e-05
elapsed=1.031546e+04 cycle=9232 time=5.249277e-01 dt=5.567817e-05
elapsed=1.031643e+04 cycle=9233 time=5.249834e-01 dt=5.567862e-05
elapsed=1.031739e+04 cycle=9234 time=5.250391e-01 dt=5.567906e-05
elapsed=1.031836e+04 cycle=9235 time=5.250947e-01 dt=5.567950e-05
elapsed=1.031934e+04 cycle=9236 time=5.251504e-01 dt=5.567994e-05
elapsed=1.032032e+04 cycle=9237 time=5.252061e-01 dt=5.568038e-05
elapsed=1.032129e+04 cycle=9238 time=5.252618e-01 dt=5.568081e-05
elapsed=1.032225e+04 cycle=9239 time=5.253175e-01 dt=5.568125e-05
elapsed=1.032322e+04 cycle=9240 time=5.253731e-01 dt=5.568168e-05
elapsed=1.032418e+04 cycle=9241 time=5.254288e-01 dt=5.568212e-05
elapsed=1.032516e+04 cycle=9242 time=5.254845e-01 dt=5.568256e-05
elapsed=1.032613e+04 cycle=9243 time=5.255402e-01 dt=5.568300e-05
elapsed=1.032709e+04 cycle=9244 time=5.255959e-01 dt=5.568345e-05
elapsed=1.032820e+04 cycle=9245 time=5.256516e-01 dt=5.568388e-05
elapsed=1.032917e+04 cycle=9246 time=5.257072e-01 dt=5.568432e-05
elapsed=1.033012e+04 cycle=9247 time=5.257629e-01 dt=5.568477e-05
elapsed=1.033108e+04 cycle=9248 time=5.258186e-01 dt=5.568523e-05
elapsed=1.033217e+04 cycle=9249 time=5.258743e-01 dt=5.568567e-05
elapsed=1.033314e+04 cycle=9250 time=5.259300e-01 dt=5.568612e-05
elapsed=1.033409e+04 cycle=9251 time=5.259857e-01 dt=5.568658e-05
elapsed=1.033504e+04 cycle=9252 time=5.260414e-01 dt=5.568705e-05
elapsed=1.033600e+04 cycle=9253 time=5.260970e-01 dt=5.568750e-05
elapsed=1.033711e+04 cycle=9254 time=5.261527e-01 dt=5.568796e-05
elapsed=1.033806e+04 cycle=9255 time=5.262084e-01 dt=5.568842e-05
elapsed=1.033903e+04 cycle=9256 time=5.262641e-01 dt=5.568888e-05
elapsed=1.033998e+04 cycle=9257 time=5.263198e-01 dt=5.568934e-05
elapsed=1.034095e+04 cycle=9258 time=5.263755e-01 dt=5.568982e-05
elapsed=1.034190e+04 cycle=9259 time=5.264312e-01 dt=5.569030e-05
elapsed=1.034299e+04 cycle=9260 time=5.264869e-01 dt=5.569080e-05
elapsed=1.034395e+04 cycle=9261 time=5.265426e-01 dt=5.569131e-05
elapsed=1.034490e+04 cycle=9262 time=5.265982e-01 dt=5.569182e-05
elapsed=1.034585e+04 cycle=9263 time=5.266539e-01 dt=5.569234e-05
elapsed=1.034683e+04 cycle=9264 time=5.267096e-01 dt=5.569285e-05
elapsed=1.034778e+04 cycle=9265 time=5.267653e-01 dt=5.569335e-05
elapsed=1.034873e+04 cycle=9266 time=5.268210e-01 dt=5.569384e-05
elapsed=1.034969e+04 cycle=9267 time=5.268767e-01 dt=5.569434e-05
elapsed=1.035064e+04 cycle=9268 time=5.269324e-01 dt=5.569483e-05
elapsed=1.035159e+04 cycle=9269 time=5.269881e-01 dt=5.569533e-05
elapsed=1.035254e+04 cycle=9270 time=5.270438e-01 dt=5.569583e-05
elapsed=1.035365e+04 cycle=9271 time=5.270995e-01 dt=5.569633e-05
elapsed=1.035461e+04 cycle=9272 time=5.271552e-01 dt=5.569683e-05
elapsed=1.035558e+04 cycle=9273 time=5.272109e-01 dt=5.569732e-05
elapsed=1.035653e+04 cycle=9274 time=5.272666e-01 dt=5.569782e-05
elapsed=1.035751e+04 cycle=9275 time=5.273223e-01 dt=5.569832e-05
elapsed=1.035847e+04 cycle=9276 time=5.273780e-01 dt=5.569880e-05
elapsed=1.035942e+04 cycle=9277 time=5.274337e-01 dt=5.569929e-05
elapsed=1.036037e+04 cycle=9278 time=5.274894e-01 dt=5.569979e-05
elapsed=1.036134e+04 cycle=9279 time=5.275451e-01 dt=5.570028e-05
elapsed=1.036230e+04 cycle=9280 time=5.276008e-01 dt=5.569947e-05
elapsed=1.036326e+04 cycle=9281 time=5.276565e-01 dt=5.569835e-05
elapsed=1.036423e+04 cycle=9282 time=5.277122e-01 dt=5.569723e-05
elapsed=1.036517e+04 cycle=9283 time=5.277679e-01 dt=5.569610e-05
elapsed=1.036612e+04 cycle=9284 time=5.278236e-01 dt=5.569498e-05
elapsed=1.036710e+04 cycle=9285 time=5.278793e-01 dt=5.569386e-05
elapsed=1.036805e+04 cycle=9286 time=5.279350e-01 dt=5.569276e-05
elapsed=1.036901e+04 cycle=9287 time=5.279906e-01 dt=5.569166e-05
elapsed=1.036998e+04 cycle=9288 time=5.280463e-01 dt=5.569056e-05
elapsed=1.037095e+04 cycle=9289 time=5.281020e-01 dt=5.568946e-05
elapsed=1.037191e+04 cycle=9290 time=5.281577e-01 dt=5.568836e-05
elapsed=1.037287e+04 cycle=9291 time=5.282134e-01 dt=5.568725e-05
elapsed=1.037384e+04 cycle=9292 time=5.282691e-01 dt=5.568614e-05
elapsed=1.037479e+04 cycle=9293 time=5.283248e-01 dt=5.568503e-05
elapsed=1.037576e+04 cycle=9294 time=5.283805e-01 dt=5.568393e-05
elapsed=1.037673e+04 cycle=9295 time=5.284361e-01 dt=5.568285e-05
elapsed=1.037769e+04 cycle=9296 time=5.284918e-01 dt=5.568175e-05
elapsed=1.037864e+04 cycle=9297 time=5.285475e-01 dt=5.568064e-05
elapsed=1.037959e+04 cycle=9298 time=5.286032e-01 dt=5.567952e-05
elapsed=1.038056e+04 cycle=9299 time=5.286589e-01 dt=5.567840e-05
elapsed=1.038152e+04 cycle=9300 time=5.287146e-01 dt=5.567729e-05
elapsed=1.038247e+04 cycle=9301 time=5.287702e-01 dt=5.567618e-05
elapsed=1.038343e+04 cycle=9302 time=5.288259e-01 dt=5.567507e-05
elapsed=1.038440e+04 cycle=9303 time=5.288816e-01 dt=5.567396e-05
elapsed=1.038534e+04 cycle=9304 time=5.289373e-01 dt=5.567286e-05
elapsed=1.038631e+04 cycle=9305 time=5.289929e-01 dt=5.567175e-05
elapsed=1.038727e+04 cycle=9306 time=5.290486e-01 dt=5.567065e-05
elapsed=1.038821e+04 cycle=9307 time=5.291043e-01 dt=5.566956e-05
elapsed=1.038918e+04 cycle=9308 time=5.291599e-01 dt=5.566846e-05
elapsed=1.039016e+04 cycle=9309 time=5.292156e-01 dt=5.566736e-05
elapsed=1.039114e+04 cycle=9310 time=5.292713e-01 dt=5.566626e-05
elapsed=1.039225e+04 cycle=9311 time=5.293269e-01 dt=5.566517e-05
elapsed=1.039320e+04 cycle=9312 time=5.293826e-01 dt=5.566407e-05
elapsed=1.039415e+04 cycle=9313 time=5.294383e-01 dt=5.566297e-05
elapsed=1.039510e+04 cycle=9314 time=5.294939e-01 dt=5.566186e-05
elapsed=1.039605e+04 cycle=9315 time=5.295496e-01 dt=5.566076e-05
elapsed=1.039700e+04 cycle=9316 time=5.296053e-01 dt=5.565965e-05
elapsed=1.039794e+04 cycle=9317 time=5.296609e-01 dt=5.565854e-05
elapsed=1.039889e+04 cycle=9318 time=5.297166e-01 dt=5.565742e-05
elapsed=1.039985e+04 cycle=9319 time=5.297722e-01 dt=5.565630e-05
elapsed=1.040080e+04 cycle=9320 time=5.298279e-01 dt=5.565517e-05
elapsed=1.040178e+04 cycle=9321 time=5.298835e-01 dt=5.565404e-05
elapsed=1.040287e+04 cycle=9322 time=5.299392e-01 dt=5.565292e-05
elapsed=1.040381e+04 cycle=9323 time=5.299948e-01 dt=5.565180e-05
elapsed=1.042432e+04 cycle=9324 time=5.300505e-01 dt=5.565068e-05
elapsed=1.042529e+04 cycle=9325 time=5.301062e-01 dt=5.564956e-05
elapsed=1.042625e+04 cycle=9326 time=5.301618e-01 dt=5.564843e-05
elapsed=1.042722e+04 cycle=9327 time=5.302174e-01 dt=5.564731e-05
elapsed=1.042817e+04 cycle=9328 time=5.302731e-01 dt=5.564618e-05
elapsed=1.042926e+04 cycle=9329 time=5.303287e-01 dt=5.564505e-05
elapsed=1.043021e+04 cycle=9330 time=5.303844e-01 dt=5.564392e-05
elapsed=1.043115e+04 cycle=9331 time=5.304400e-01 dt=5.564279e-05
elapsed=1.043212e+04 cycle=9332 time=5.304957e-01 dt=5.564166e-05
elapsed=1.043308e+04 cycle=9333 time=5.305513e-01 dt=5.564053e-05
elapsed=1.043406e+04 cycle=9334 time=5.306070e-01 dt=5.563940e-05
[Tue Dec 30 08:48:44 EST 2025] Found 11 bin files, deleting 1 oldest...
elapsed=1.043515e+04 cycle=9335 time=5.306626e-01 dt=5.563827e-05
elapsed=1.043612e+04 cycle=9336 time=5.307182e-01 dt=5.563713e-05
[Tue Dec 30 08:48:46 EST 2025] Kept 10 most recent bin files.
elapsed=1.043711e+04 cycle=9337 time=5.307739e-01 dt=5.563601e-05
elapsed=1.043807e+04 cycle=9338 time=5.308295e-01 dt=5.563488e-05
elapsed=1.043906e+04 cycle=9339 time=5.308851e-01 dt=5.563376e-05
elapsed=1.044017e+04 cycle=9340 time=5.309408e-01 dt=5.563263e-05
elapsed=1.044111e+04 cycle=9341 time=5.309964e-01 dt=5.563151e-05
elapsed=1.044208e+04 cycle=9342 time=5.310520e-01 dt=5.563039e-05
elapsed=1.044305e+04 cycle=9343 time=5.311077e-01 dt=5.562927e-05
elapsed=1.044402e+04 cycle=9344 time=5.311633e-01 dt=5.562815e-05
elapsed=1.044498e+04 cycle=9345 time=5.312189e-01 dt=5.562703e-05
elapsed=1.044595e+04 cycle=9346 time=5.312746e-01 dt=5.562591e-05
elapsed=1.044690e+04 cycle=9347 time=5.313302e-01 dt=5.562480e-05
elapsed=1.044786e+04 cycle=9348 time=5.313858e-01 dt=5.562369e-05
elapsed=1.044895e+04 cycle=9349 time=5.314414e-01 dt=5.562257e-05
elapsed=1.044991e+04 cycle=9350 time=5.314971e-01 dt=5.562145e-05
elapsed=1.045086e+04 cycle=9351 time=5.315527e-01 dt=5.562034e-05
elapsed=1.045183e+04 cycle=9352 time=5.316083e-01 dt=5.561924e-05
elapsed=1.045280e+04 cycle=9353 time=5.316639e-01 dt=5.561814e-05
elapsed=1.045376e+04 cycle=9354 time=5.317195e-01 dt=5.561704e-05
elapsed=1.045473e+04 cycle=9355 time=5.317751e-01 dt=5.561592e-05
elapsed=1.045570e+04 cycle=9356 time=5.318308e-01 dt=5.561479e-05
elapsed=1.045666e+04 cycle=9357 time=5.318864e-01 dt=5.561366e-05
elapsed=1.045763e+04 cycle=9358 time=5.319420e-01 dt=5.561253e-05
elapsed=1.045858e+04 cycle=9359 time=5.319976e-01 dt=5.561137e-05
elapsed=1.045954e+04 cycle=9360 time=5.320532e-01 dt=5.561021e-05
elapsed=1.046052e+04 cycle=9361 time=5.321088e-01 dt=5.560904e-05
elapsed=1.046150e+04 cycle=9362 time=5.321644e-01 dt=5.560786e-05
elapsed=1.046247e+04 cycle=9363 time=5.322200e-01 dt=5.560669e-05
elapsed=1.046345e+04 cycle=9364 time=5.322757e-01 dt=5.560552e-05
elapsed=1.046443e+04 cycle=9365 time=5.323313e-01 dt=5.560435e-05
elapsed=1.046540e+04 cycle=9366 time=5.323869e-01 dt=5.560317e-05
elapsed=1.046635e+04 cycle=9367 time=5.324425e-01 dt=5.560200e-05
elapsed=1.046732e+04 cycle=9368 time=5.324981e-01 dt=5.560083e-05
elapsed=1.046829e+04 cycle=9369 time=5.325537e-01 dt=5.559966e-05
elapsed=1.046923e+04 cycle=9370 time=5.326093e-01 dt=5.559849e-05
elapsed=1.047018e+04 cycle=9371 time=5.326649e-01 dt=5.559730e-05
elapsed=1.047116e+04 cycle=9372 time=5.327205e-01 dt=5.559612e-05
elapsed=1.047213e+04 cycle=9373 time=5.327761e-01 dt=5.559493e-05
elapsed=1.047307e+04 cycle=9374 time=5.328317e-01 dt=5.559375e-05
elapsed=1.047404e+04 cycle=9375 time=5.328872e-01 dt=5.559258e-05
elapsed=1.047502e+04 cycle=9376 time=5.329428e-01 dt=5.559141e-05
elapsed=1.047599e+04 cycle=9377 time=5.329984e-01 dt=5.559023e-05
elapsed=1.047696e+04 cycle=9378 time=5.330540e-01 dt=5.558907e-05
elapsed=1.047795e+04 cycle=9379 time=5.331096e-01 dt=5.558790e-05
elapsed=1.047891e+04 cycle=9380 time=5.331652e-01 dt=5.558675e-05
elapsed=1.047990e+04 cycle=9381 time=5.332208e-01 dt=5.558561e-05
elapsed=1.048084e+04 cycle=9382 time=5.332764e-01 dt=5.558448e-05
elapsed=1.048179e+04 cycle=9383 time=5.333320e-01 dt=5.558335e-05
elapsed=1.048276e+04 cycle=9384 time=5.333875e-01 dt=5.558221e-05
elapsed=1.048371e+04 cycle=9385 time=5.334431e-01 dt=5.558108e-05
elapsed=1.048480e+04 cycle=9386 time=5.334987e-01 dt=5.557997e-05
elapsed=1.048577e+04 cycle=9387 time=5.335543e-01 dt=5.557885e-05
elapsed=1.048672e+04 cycle=9388 time=5.336099e-01 dt=5.557774e-05
elapsed=1.048767e+04 cycle=9389 time=5.336654e-01 dt=5.557662e-05
elapsed=1.048864e+04 cycle=9390 time=5.337210e-01 dt=5.557550e-05
elapsed=1.048960e+04 cycle=9391 time=5.337766e-01 dt=5.557438e-05
elapsed=1.049055e+04 cycle=9392 time=5.338322e-01 dt=5.557326e-05
elapsed=1.049152e+04 cycle=9393 time=5.338877e-01 dt=5.557214e-05
elapsed=1.049263e+04 cycle=9394 time=5.339433e-01 dt=5.557103e-05
elapsed=1.049358e+04 cycle=9395 time=5.339989e-01 dt=5.556993e-05
elapsed=1.049454e+04 cycle=9396 time=5.340545e-01 dt=5.556883e-05
elapsed=1.049550e+04 cycle=9397 time=5.341100e-01 dt=5.556773e-05
elapsed=1.049646e+04 cycle=9398 time=5.341656e-01 dt=5.556663e-05
elapsed=1.049742e+04 cycle=9399 time=5.342212e-01 dt=5.556554e-05
elapsed=1.049838e+04 cycle=9400 time=5.342767e-01 dt=5.556444e-05
elapsed=1.049934e+04 cycle=9401 time=5.343323e-01 dt=5.556334e-05
elapsed=1.050032e+04 cycle=9402 time=5.343878e-01 dt=5.556223e-05
elapsed=1.050129e+04 cycle=9403 time=5.344434e-01 dt=5.556112e-05
elapsed=1.050225e+04 cycle=9404 time=5.344990e-01 dt=5.556001e-05
elapsed=1.050322e+04 cycle=9405 time=5.345545e-01 dt=5.555890e-05
elapsed=1.050418e+04 cycle=9406 time=5.346101e-01 dt=5.555779e-05
elapsed=1.050515e+04 cycle=9407 time=5.346656e-01 dt=5.555667e-05
elapsed=1.050613e+04 cycle=9408 time=5.347212e-01 dt=5.555556e-05
elapsed=1.050710e+04 cycle=9409 time=5.347768e-01 dt=5.555445e-05
elapsed=1.050807e+04 cycle=9410 time=5.348323e-01 dt=5.555333e-05
elapsed=1.050903e+04 cycle=9411 time=5.348879e-01 dt=5.555222e-05
elapsed=1.050998e+04 cycle=9412 time=5.349434e-01 dt=5.555111e-05
elapsed=1.051093e+04 cycle=9413 time=5.349990e-01 dt=5.555000e-05
elapsed=1.051190e+04 cycle=9414 time=5.350545e-01 dt=5.554888e-05
elapsed=1.051284e+04 cycle=9415 time=5.351101e-01 dt=5.554776e-05
elapsed=1.051379e+04 cycle=9416 time=5.351656e-01 dt=5.554665e-05
elapsed=1.051475e+04 cycle=9417 time=5.352212e-01 dt=5.554554e-05
elapsed=1.051569e+04 cycle=9418 time=5.352767e-01 dt=5.554443e-05
elapsed=1.051664e+04 cycle=9419 time=5.353323e-01 dt=5.554333e-05
elapsed=1.051761e+04 cycle=9420 time=5.353878e-01 dt=5.554224e-05
elapsed=1.051871e+04 cycle=9421 time=5.354433e-01 dt=5.554114e-05
elapsed=1.051965e+04 cycle=9422 time=5.354989e-01 dt=5.554005e-05
elapsed=1.052062e+04 cycle=9423 time=5.355544e-01 dt=5.553897e-05
elapsed=1.052160e+04 cycle=9424 time=5.356100e-01 dt=5.553788e-05
elapsed=1.052258e+04 cycle=9425 time=5.356655e-01 dt=5.553679e-05
elapsed=1.052353e+04 cycle=9426 time=5.357210e-01 dt=5.553571e-05
elapsed=1.052451e+04 cycle=9427 time=5.357766e-01 dt=5.553462e-05
elapsed=1.052548e+04 cycle=9428 time=5.358321e-01 dt=5.553353e-05
elapsed=1.052645e+04 cycle=9429 time=5.358876e-01 dt=5.553244e-05
elapsed=1.052756e+04 cycle=9430 time=5.359432e-01 dt=5.553135e-05
elapsed=1.052852e+04 cycle=9431 time=5.359987e-01 dt=5.553026e-05
elapsed=1.052950e+04 cycle=9432 time=5.360542e-01 dt=5.552917e-05
elapsed=1.053045e+04 cycle=9433 time=5.361098e-01 dt=5.552807e-05
elapsed=1.053140e+04 cycle=9434 time=5.361653e-01 dt=5.552697e-05
elapsed=1.053235e+04 cycle=9435 time=5.362208e-01 dt=5.552588e-05
elapsed=1.053346e+04 cycle=9436 time=5.362763e-01 dt=5.552478e-05
elapsed=1.053457e+04 cycle=9437 time=5.363319e-01 dt=5.552368e-05
elapsed=1.053554e+04 cycle=9438 time=5.363874e-01 dt=5.552259e-05
elapsed=1.053663e+04 cycle=9439 time=5.364429e-01 dt=5.552149e-05
elapsed=1.053760e+04 cycle=9440 time=5.364984e-01 dt=5.552040e-05
elapsed=1.053869e+04 cycle=9441 time=5.365540e-01 dt=5.551931e-05
elapsed=1.053966e+04 cycle=9442 time=5.366095e-01 dt=5.551821e-05
elapsed=1.054077e+04 cycle=9443 time=5.366650e-01 dt=5.551712e-05
elapsed=1.054188e+04 cycle=9444 time=5.367205e-01 dt=5.551603e-05
elapsed=1.054284e+04 cycle=9445 time=5.367760e-01 dt=5.551495e-05
elapsed=1.054381e+04 cycle=9446 time=5.368315e-01 dt=5.551387e-05
elapsed=1.054477e+04 cycle=9447 time=5.368871e-01 dt=5.551281e-05
elapsed=1.054574e+04 cycle=9448 time=5.369426e-01 dt=5.551176e-05
elapsed=1.054669e+04 cycle=9449 time=5.369981e-01 dt=5.551072e-05
elapsed=1.054767e+04 cycle=9450 time=5.370536e-01 dt=5.550968e-05
elapsed=1.054865e+04 cycle=9451 time=5.371091e-01 dt=5.550865e-05
elapsed=1.054976e+04 cycle=9452 time=5.371646e-01 dt=5.550761e-05
elapsed=1.055073e+04 cycle=9453 time=5.372201e-01 dt=5.550658e-05
elapsed=1.055171e+04 cycle=9454 time=5.372756e-01 dt=5.550554e-05
elapsed=1.055267e+04 cycle=9455 time=5.373311e-01 dt=5.550450e-05
elapsed=1.055363e+04 cycle=9456 time=5.373866e-01 dt=5.550347e-05
elapsed=1.055459e+04 cycle=9457 time=5.374421e-01 dt=5.550242e-05
elapsed=1.055554e+04 cycle=9458 time=5.374976e-01 dt=5.550138e-05
elapsed=1.055650e+04 cycle=9459 time=5.375531e-01 dt=5.550034e-05
elapsed=1.055748e+04 cycle=9460 time=5.376086e-01 dt=5.549931e-05
elapsed=1.055845e+04 cycle=9461 time=5.376641e-01 dt=5.549828e-05
elapsed=1.055941e+04 cycle=9462 time=5.377196e-01 dt=5.549726e-05
elapsed=1.056038e+04 cycle=9463 time=5.377751e-01 dt=5.549624e-05
elapsed=1.056149e+04 cycle=9464 time=5.378306e-01 dt=5.549522e-05
elapsed=1.056244e+04 cycle=9465 time=5.378861e-01 dt=5.549420e-05
elapsed=1.056342e+04 cycle=9466 time=5.379416e-01 dt=5.549316e-05
elapsed=1.056436e+04 cycle=9467 time=5.379971e-01 dt=5.549212e-05
elapsed=1.056531e+04 cycle=9468 time=5.380526e-01 dt=5.549108e-05
elapsed=1.056628e+04 cycle=9469 time=5.381081e-01 dt=5.549005e-05
elapsed=1.056737e+04 cycle=9470 time=5.381636e-01 dt=5.548902e-05
elapsed=1.056834e+04 cycle=9471 time=5.382191e-01 dt=5.548799e-05
elapsed=1.056943e+04 cycle=9472 time=5.382746e-01 dt=5.548696e-05
elapsed=1.057052e+04 cycle=9473 time=5.383301e-01 dt=5.548593e-05
elapsed=1.057147e+04 cycle=9474 time=5.383855e-01 dt=5.548490e-05
elapsed=1.057245e+04 cycle=9475 time=5.384410e-01 dt=5.548386e-05
elapsed=1.057342e+04 cycle=9476 time=5.384965e-01 dt=5.548282e-05
elapsed=1.057440e+04 cycle=9477 time=5.385520e-01 dt=5.548181e-05
elapsed=1.057535e+04 cycle=9478 time=5.386075e-01 dt=5.548081e-05
elapsed=1.057633e+04 cycle=9479 time=5.386630e-01 dt=5.547981e-05
elapsed=1.057742e+04 cycle=9480 time=5.387184e-01 dt=5.547881e-05
elapsed=1.057836e+04 cycle=9481 time=5.387739e-01 dt=5.547781e-05
elapsed=1.057933e+04 cycle=9482 time=5.388294e-01 dt=5.547683e-05
elapsed=1.058031e+04 cycle=9483 time=5.388849e-01 dt=5.547587e-05
elapsed=1.058126e+04 cycle=9484 time=5.389403e-01 dt=5.547490e-05
elapsed=1.058223e+04 cycle=9485 time=5.389958e-01 dt=5.547391e-05
elapsed=1.058320e+04 cycle=9486 time=5.390513e-01 dt=5.547293e-05
elapsed=1.058416e+04 cycle=9487 time=5.391068e-01 dt=5.547195e-05
elapsed=1.058514e+04 cycle=9488 time=5.391622e-01 dt=5.547097e-05
elapsed=1.058611e+04 cycle=9489 time=5.392177e-01 dt=5.546998e-05
elapsed=1.058707e+04 cycle=9490 time=5.392732e-01 dt=5.546900e-05
elapsed=1.058802e+04 cycle=9491 time=5.393286e-01 dt=5.546801e-05
elapsed=1.058899e+04 cycle=9492 time=5.393841e-01 dt=5.546703e-05
elapsed=1.058993e+04 cycle=9493 time=5.394396e-01 dt=5.546605e-05
elapsed=1.059088e+04 cycle=9494 time=5.394950e-01 dt=5.546506e-05
elapsed=1.059184e+04 cycle=9495 time=5.395505e-01 dt=5.546409e-05
elapsed=1.059279e+04 cycle=9496 time=5.396060e-01 dt=5.546313e-05
elapsed=1.059390e+04 cycle=9497 time=5.396614e-01 dt=5.546219e-05
elapsed=1.059488e+04 cycle=9498 time=5.397169e-01 dt=5.546125e-05
elapsed=1.059584e+04 cycle=9499 time=5.397724e-01 dt=5.546031e-05
elapsed=1.059679e+04 cycle=9500 time=5.398278e-01 dt=5.545936e-05
elapsed=1.059789e+04 cycle=9501 time=5.398833e-01 dt=5.545843e-05
elapsed=1.059887e+04 cycle=9502 time=5.399387e-01 dt=5.545751e-05
elapsed=1.059983e+04 cycle=9503 time=5.399942e-01 dt=5.545658e-05
[Tue Dec 30 08:51:46 EST 2025] Found 11 bin files, deleting 1 oldest...
[Tue Dec 30 08:51:48 EST 2025] Kept 10 most recent bin files.
elapsed=1.062144e+04 cycle=9504 time=5.400497e-01 dt=5.545565e-05
elapsed=1.062256e+04 cycle=9505 time=5.401051e-01 dt=5.545472e-05
elapsed=1.062351e+04 cycle=9506 time=5.401606e-01 dt=5.545379e-05
elapsed=1.062445e+04 cycle=9507 time=5.402160e-01 dt=5.545286e-05
elapsed=1.062543e+04 cycle=9508 time=5.402715e-01 dt=5.545191e-05
elapsed=1.062638e+04 cycle=9509 time=5.403269e-01 dt=5.545096e-05
elapsed=1.062733e+04 cycle=9510 time=5.403824e-01 dt=5.544999e-05
elapsed=1.062828e+04 cycle=9511 time=5.404378e-01 dt=5.544902e-05
elapsed=1.062924e+04 cycle=9512 time=5.404933e-01 dt=5.544804e-05
elapsed=1.063019e+04 cycle=9513 time=5.405487e-01 dt=5.544707e-05
elapsed=1.063115e+04 cycle=9514 time=5.406042e-01 dt=5.544610e-05
elapsed=1.063214e+04 cycle=9515 time=5.406596e-01 dt=5.544512e-05
elapsed=1.063309e+04 cycle=9516 time=5.407151e-01 dt=5.544414e-05
elapsed=1.063405e+04 cycle=9517 time=5.407705e-01 dt=5.544316e-05
elapsed=1.063501e+04 cycle=9518 time=5.408259e-01 dt=5.544217e-05
elapsed=1.063598e+04 cycle=9519 time=5.408814e-01 dt=5.544118e-05
elapsed=1.063693e+04 cycle=9520 time=5.409368e-01 dt=5.544020e-05
elapsed=1.063791e+04 cycle=9521 time=5.409923e-01 dt=5.543921e-05
elapsed=1.063888e+04 cycle=9522 time=5.410477e-01 dt=5.543823e-05
elapsed=1.063982e+04 cycle=9523 time=5.411031e-01 dt=5.543725e-05
elapsed=1.064080e+04 cycle=9524 time=5.411586e-01 dt=5.543626e-05
elapsed=1.064177e+04 cycle=9525 time=5.412140e-01 dt=5.543527e-05
elapsed=1.064275e+04 cycle=9526 time=5.412695e-01 dt=5.543428e-05
elapsed=1.064372e+04 cycle=9527 time=5.413249e-01 dt=5.543328e-05
elapsed=1.064468e+04 cycle=9528 time=5.413803e-01 dt=5.543228e-05
elapsed=1.064563e+04 cycle=9529 time=5.414358e-01 dt=5.543129e-05
elapsed=1.064660e+04 cycle=9530 time=5.414912e-01 dt=5.543029e-05
elapsed=1.064769e+04 cycle=9531 time=5.415466e-01 dt=5.542930e-05
elapsed=1.064866e+04 cycle=9532 time=5.416020e-01 dt=5.542831e-05
elapsed=1.064960e+04 cycle=9533 time=5.416575e-01 dt=5.542732e-05
elapsed=1.065055e+04 cycle=9534 time=5.417129e-01 dt=5.542634e-05
elapsed=1.065150e+04 cycle=9535 time=5.417683e-01 dt=5.542535e-05
elapsed=1.065245e+04 cycle=9536 time=5.418238e-01 dt=5.542436e-05
elapsed=1.065341e+04 cycle=9537 time=5.418792e-01 dt=5.542336e-05
elapsed=1.065436e+04 cycle=9538 time=5.419346e-01 dt=5.542237e-05
elapsed=1.065534e+04 cycle=9539 time=5.419900e-01 dt=5.542136e-05
elapsed=1.065630e+04 cycle=9540 time=5.420454e-01 dt=5.542033e-05
elapsed=1.065728e+04 cycle=9541 time=5.421009e-01 dt=5.541932e-05
elapsed=1.065826e+04 cycle=9542 time=5.421563e-01 dt=5.541831e-05
elapsed=1.065925e+04 cycle=9543 time=5.422117e-01 dt=5.541731e-05
elapsed=1.066034e+04 cycle=9544 time=5.422671e-01 dt=5.541631e-05
elapsed=1.066132e+04 cycle=9545 time=5.423225e-01 dt=5.541532e-05
elapsed=1.066229e+04 cycle=9546 time=5.423780e-01 dt=5.541432e-05
elapsed=1.066327e+04 cycle=9547 time=5.424334e-01 dt=5.541332e-05
elapsed=1.066423e+04 cycle=9548 time=5.424888e-01 dt=5.541231e-05
elapsed=1.066532e+04 cycle=9549 time=5.425442e-01 dt=5.541131e-05
elapsed=1.066627e+04 cycle=9550 time=5.425996e-01 dt=5.541030e-05
elapsed=1.066723e+04 cycle=9551 time=5.426550e-01 dt=5.540929e-05
elapsed=1.066820e+04 cycle=9552 time=5.427104e-01 dt=5.540829e-05
elapsed=1.066917e+04 cycle=9553 time=5.427658e-01 dt=5.540729e-05
elapsed=1.067015e+04 cycle=9554 time=5.428212e-01 dt=5.540629e-05
elapsed=1.067112e+04 cycle=9555 time=5.428766e-01 dt=5.540529e-05
elapsed=1.067208e+04 cycle=9556 time=5.429321e-01 dt=5.540429e-05
elapsed=1.067303e+04 cycle=9557 time=5.429875e-01 dt=5.540330e-05
elapsed=1.067402e+04 cycle=9558 time=5.430429e-01 dt=5.540231e-05
elapsed=1.067496e+04 cycle=9559 time=5.430983e-01 dt=5.540130e-05
elapsed=1.067594e+04 cycle=9560 time=5.431537e-01 dt=5.540030e-05
elapsed=1.067692e+04 cycle=9561 time=5.432091e-01 dt=5.539930e-05
elapsed=1.067787e+04 cycle=9562 time=5.432645e-01 dt=5.539830e-05
elapsed=1.067881e+04 cycle=9563 time=5.433199e-01 dt=5.539729e-05
elapsed=1.067992e+04 cycle=9564 time=5.433753e-01 dt=5.539628e-05
elapsed=1.068089e+04 cycle=9565 time=5.434307e-01 dt=5.539527e-05
elapsed=1.068185e+04 cycle=9566 time=5.434860e-01 dt=5.539425e-05
elapsed=1.068283e+04 cycle=9567 time=5.435414e-01 dt=5.539323e-05
elapsed=1.068379e+04 cycle=9568 time=5.435968e-01 dt=5.539222e-05
elapsed=1.068474e+04 cycle=9569 time=5.436522e-01 dt=5.539120e-05
elapsed=1.068585e+04 cycle=9570 time=5.437076e-01 dt=5.539019e-05
elapsed=1.068681e+04 cycle=9571 time=5.437630e-01 dt=5.538917e-05
elapsed=1.068777e+04 cycle=9572 time=5.438184e-01 dt=5.538816e-05
elapsed=1.068873e+04 cycle=9573 time=5.438738e-01 dt=5.538714e-05
elapsed=1.068970e+04 cycle=9574 time=5.439292e-01 dt=5.538613e-05
elapsed=1.069066e+04 cycle=9575 time=5.439846e-01 dt=5.538511e-05
elapsed=1.069177e+04 cycle=9576 time=5.440399e-01 dt=5.538411e-05
elapsed=1.069275e+04 cycle=9577 time=5.440953e-01 dt=5.538310e-05
elapsed=1.069370e+04 cycle=9578 time=5.441507e-01 dt=5.538210e-05
elapsed=1.069465e+04 cycle=9579 time=5.442061e-01 dt=5.538109e-05
elapsed=1.069563e+04 cycle=9580 time=5.442615e-01 dt=5.538008e-05
elapsed=1.069658e+04 cycle=9581 time=5.443169e-01 dt=5.537908e-05
elapsed=1.069753e+04 cycle=9582 time=5.443722e-01 dt=5.537810e-05
elapsed=1.069849e+04 cycle=9583 time=5.444276e-01 dt=5.537713e-05
elapsed=1.069944e+04 cycle=9584 time=5.444830e-01 dt=5.537617e-05
elapsed=1.070040e+04 cycle=9585 time=5.445384e-01 dt=5.537522e-05
elapsed=1.070136e+04 cycle=9586 time=5.445937e-01 dt=5.537429e-05
elapsed=1.070245e+04 cycle=9587 time=5.446491e-01 dt=5.537335e-05
elapsed=1.070344e+04 cycle=9588 time=5.447045e-01 dt=5.537241e-05
elapsed=1.070440e+04 cycle=9589 time=5.447599e-01 dt=5.537149e-05
elapsed=1.070535e+04 cycle=9590 time=5.448152e-01 dt=5.537057e-05
elapsed=1.070632e+04 cycle=9591 time=5.448706e-01 dt=5.536965e-05
elapsed=1.070729e+04 cycle=9592 time=5.449260e-01 dt=5.536871e-05
elapsed=1.070823e+04 cycle=9593 time=5.449813e-01 dt=5.536777e-05
elapsed=1.070921e+04 cycle=9594 time=5.450367e-01 dt=5.536683e-05
elapsed=1.071032e+04 cycle=9595 time=5.450921e-01 dt=5.536588e-05
elapsed=1.071127e+04 cycle=9596 time=5.451474e-01 dt=5.536494e-05
elapsed=1.071224e+04 cycle=9597 time=5.452028e-01 dt=5.536400e-05
elapsed=1.071320e+04 cycle=9598 time=5.452582e-01 dt=5.536306e-05
elapsed=1.071418e+04 cycle=9599 time=5.453135e-01 dt=5.536212e-05
elapsed=1.071515e+04 cycle=9600 time=5.453689e-01 dt=5.536119e-05
elapsed=1.071610e+04 cycle=9601 time=5.454243e-01 dt=5.536025e-05
elapsed=1.071708e+04 cycle=9602 time=5.454796e-01 dt=5.535932e-05
elapsed=1.071806e+04 cycle=9603 time=5.455350e-01 dt=5.535839e-05
elapsed=1.071902e+04 cycle=9604 time=5.455903e-01 dt=5.535746e-05
elapsed=1.071997e+04 cycle=9605 time=5.456457e-01 dt=5.535654e-05
elapsed=1.072094e+04 cycle=9606 time=5.457010e-01 dt=5.535561e-05
elapsed=1.072191e+04 cycle=9607 time=5.457564e-01 dt=5.535468e-05
elapsed=1.072287e+04 cycle=9608 time=5.458118e-01 dt=5.535375e-05
elapsed=1.072384e+04 cycle=9609 time=5.458671e-01 dt=5.535282e-05
elapsed=1.072493e+04 cycle=9610 time=5.459225e-01 dt=5.535189e-05
elapsed=1.072591e+04 cycle=9611 time=5.459778e-01 dt=5.535098e-05
elapsed=1.072686e+04 cycle=9612 time=5.460332e-01 dt=5.535007e-05
elapsed=1.072783e+04 cycle=9613 time=5.460885e-01 dt=5.534917e-05
elapsed=1.072880e+04 cycle=9614 time=5.461439e-01 dt=5.534826e-05
elapsed=1.072977e+04 cycle=9615 time=5.461992e-01 dt=5.534736e-05
elapsed=1.073072e+04 cycle=9616 time=5.462546e-01 dt=5.534646e-05
elapsed=1.073169e+04 cycle=9617 time=5.463099e-01 dt=5.534556e-05
elapsed=1.073280e+04 cycle=9618 time=5.463653e-01 dt=5.534466e-05
elapsed=1.073378e+04 cycle=9619 time=5.464206e-01 dt=5.534377e-05
elapsed=1.073474e+04 cycle=9620 time=5.464759e-01 dt=5.534287e-05
elapsed=1.073583e+04 cycle=9621 time=5.465313e-01 dt=5.534196e-05
elapsed=1.073681e+04 cycle=9622 time=5.465866e-01 dt=5.534104e-05
elapsed=1.073779e+04 cycle=9623 time=5.466420e-01 dt=5.534011e-05
elapsed=1.073888e+04 cycle=9624 time=5.466973e-01 dt=5.533919e-05
elapsed=1.073983e+04 cycle=9625 time=5.467526e-01 dt=5.533826e-05
elapsed=1.074080e+04 cycle=9626 time=5.468080e-01 dt=5.533733e-05
elapsed=1.074176e+04 cycle=9627 time=5.468633e-01 dt=5.533641e-05
elapsed=1.074273e+04 cycle=9628 time=5.469187e-01 dt=5.533548e-05
elapsed=1.074382e+04 cycle=9629 time=5.469740e-01 dt=5.533456e-05
elapsed=1.074479e+04 cycle=9630 time=5.470293e-01 dt=5.533362e-05
elapsed=1.074574e+04 cycle=9631 time=5.470847e-01 dt=5.533269e-05
elapsed=1.074670e+04 cycle=9632 time=5.471400e-01 dt=5.533175e-05
elapsed=1.074767e+04 cycle=9633 time=5.471953e-01 dt=5.533081e-05
elapsed=1.074862e+04 cycle=9634 time=5.472507e-01 dt=5.532987e-05
elapsed=1.074959e+04 cycle=9635 time=5.473060e-01 dt=5.532894e-05
elapsed=1.075055e+04 cycle=9636 time=5.473613e-01 dt=5.532802e-05
elapsed=1.075154e+04 cycle=9637 time=5.474166e-01 dt=5.532710e-05
elapsed=1.075250e+04 cycle=9638 time=5.474720e-01 dt=5.532618e-05
elapsed=1.075348e+04 cycle=9639 time=5.475273e-01 dt=5.532526e-05
elapsed=1.075445e+04 cycle=9640 time=5.475826e-01 dt=5.532434e-05
elapsed=1.075543e+04 cycle=9641 time=5.476380e-01 dt=5.532342e-05
elapsed=1.075654e+04 cycle=9642 time=5.476933e-01 dt=5.532250e-05
elapsed=1.075751e+04 cycle=9643 time=5.477486e-01 dt=5.532159e-05
elapsed=1.075862e+04 cycle=9644 time=5.478039e-01 dt=5.532069e-05
elapsed=1.075958e+04 cycle=9645 time=5.478592e-01 dt=5.531979e-05
elapsed=1.076053e+04 cycle=9646 time=5.479146e-01 dt=5.531889e-05
elapsed=1.076148e+04 cycle=9647 time=5.479699e-01 dt=5.531799e-05
elapsed=1.076242e+04 cycle=9648 time=5.480252e-01 dt=5.531709e-05
elapsed=1.076339e+04 cycle=9649 time=5.480805e-01 dt=5.531619e-05
elapsed=1.076437e+04 cycle=9650 time=5.481358e-01 dt=5.531530e-05
elapsed=1.076533e+04 cycle=9651 time=5.481911e-01 dt=5.531441e-05
elapsed=1.076631e+04 cycle=9652 time=5.482465e-01 dt=5.531352e-05
elapsed=1.076726e+04 cycle=9653 time=5.483018e-01 dt=5.531263e-05
elapsed=1.076822e+04 cycle=9654 time=5.483571e-01 dt=5.531174e-05
elapsed=1.076918e+04 cycle=9655 time=5.484124e-01 dt=5.531085e-05
elapsed=1.077015e+04 cycle=9656 time=5.484677e-01 dt=5.530996e-05
elapsed=1.077124e+04 cycle=9657 time=5.485230e-01 dt=5.530908e-05
elapsed=1.077219e+04 cycle=9658 time=5.485783e-01 dt=5.530821e-05
elapsed=1.077317e+04 cycle=9659 time=5.486336e-01 dt=5.530734e-05
elapsed=1.077412e+04 cycle=9660 time=5.486889e-01 dt=5.530649e-05
elapsed=1.077508e+04 cycle=9661 time=5.487442e-01 dt=5.530564e-05
elapsed=1.077617e+04 cycle=9662 time=5.487996e-01 dt=5.530479e-05
elapsed=1.077714e+04 cycle=9663 time=5.488549e-01 dt=5.530392e-05
elapsed=1.077823e+04 cycle=9664 time=5.489102e-01 dt=5.530305e-05
elapsed=1.077921e+04 cycle=9665 time=5.489655e-01 dt=5.530219e-05
elapsed=1.078030e+04 cycle=9666 time=5.490208e-01 dt=5.530133e-05
elapsed=1.078140e+04 cycle=9667 time=5.490761e-01 dt=5.530047e-05
elapsed=1.078234e+04 cycle=9668 time=5.491314e-01 dt=5.529960e-05
elapsed=1.078329e+04 cycle=9669 time=5.491867e-01 dt=5.529872e-05
elapsed=1.078424e+04 cycle=9670 time=5.492420e-01 dt=5.529785e-05
elapsed=1.078519e+04 cycle=9671 time=5.492973e-01 dt=5.529697e-05
elapsed=1.078615e+04 cycle=9672 time=5.493526e-01 dt=5.529610e-05
elapsed=1.078710e+04 cycle=9673 time=5.494079e-01 dt=5.529521e-05
elapsed=1.078808e+04 cycle=9674 time=5.494632e-01 dt=5.529432e-05
elapsed=1.078903e+04 cycle=9675 time=5.495184e-01 dt=5.529343e-05
elapsed=1.078999e+04 cycle=9676 time=5.495737e-01 dt=5.529254e-05
elapsed=1.079095e+04 cycle=9677 time=5.496290e-01 dt=5.529164e-05
elapsed=1.079193e+04 cycle=9678 time=5.496843e-01 dt=5.529075e-05
elapsed=1.079289e+04 cycle=9679 time=5.497396e-01 dt=5.528985e-05
elapsed=1.079386e+04 cycle=9680 time=5.497949e-01 dt=5.528895e-05
elapsed=1.079482e+04 cycle=9681 time=5.498502e-01 dt=5.528804e-05
elapsed=1.079579e+04 cycle=9682 time=5.499055e-01 dt=5.528714e-05
elapsed=1.079678e+04 cycle=9683 time=5.499608e-01 dt=5.528623e-05
elapsed=1.081716e+04 cycle=9684 time=5.500161e-01 dt=5.528532e-05
elapsed=1.081814e+04 cycle=9685 time=5.500713e-01 dt=5.528440e-05
elapsed=1.081908e+04 cycle=9686 time=5.501266e-01 dt=5.528347e-05
elapsed=1.082003e+04 cycle=9687 time=5.501819e-01 dt=5.528252e-05
elapsed=1.082098e+04 cycle=9688 time=5.502372e-01 dt=5.528158e-05
elapsed=1.082195e+04 cycle=9689 time=5.502925e-01 dt=5.528064e-05
elapsed=1.082291e+04 cycle=9690 time=5.503478e-01 dt=5.527970e-05
elapsed=1.082387e+04 cycle=9691 time=5.504030e-01 dt=5.527875e-05
elapsed=1.082482e+04 cycle=9692 time=5.504583e-01 dt=5.527780e-05
elapsed=1.082593e+04 cycle=9693 time=5.505136e-01 dt=5.527686e-05
elapsed=1.082687e+04 cycle=9694 time=5.505689e-01 dt=5.527591e-05
elapsed=1.082782e+04 cycle=9695 time=5.506241e-01 dt=5.527497e-05
elapsed=1.082880e+04 cycle=9696 time=5.506794e-01 dt=5.527402e-05
elapsed=1.082977e+04 cycle=9697 time=5.507347e-01 dt=5.527307e-05
elapsed=1.083072e+04 cycle=9698 time=5.507900e-01 dt=5.527212e-05
elapsed=1.083183e+04 cycle=9699 time=5.508452e-01 dt=5.527117e-05
elapsed=1.083278e+04 cycle=9700 time=5.509005e-01 dt=5.527022e-05
elapsed=1.083374e+04 cycle=9701 time=5.509558e-01 dt=5.526927e-05
elapsed=1.083470e+04 cycle=9702 time=5.510110e-01 dt=5.526834e-05
elapsed=1.083568e+04 cycle=9703 time=5.510663e-01 dt=5.526741e-05
elapsed=1.083663e+04 cycle=9704 time=5.511216e-01 dt=5.526648e-05
elapsed=1.083759e+04 cycle=9705 time=5.511769e-01 dt=5.526556e-05
elapsed=1.083854e+04 cycle=9706 time=5.512321e-01 dt=5.526464e-05
elapsed=1.083952e+04 cycle=9707 time=5.512874e-01 dt=5.526372e-05
elapsed=1.084048e+04 cycle=9708 time=5.513426e-01 dt=5.526280e-05
elapsed=1.084142e+04 cycle=9709 time=5.513979e-01 dt=5.526188e-05
elapsed=1.084239e+04 cycle=9710 time=5.514532e-01 dt=5.526096e-05
elapsed=1.084335e+04 cycle=9711 time=5.515084e-01 dt=5.526005e-05
elapsed=1.084432e+04 cycle=9712 time=5.515637e-01 dt=5.525913e-05
elapsed=1.084527e+04 cycle=9713 time=5.516189e-01 dt=5.525821e-05
elapsed=1.084622e+04 cycle=9714 time=5.516742e-01 dt=5.525729e-05
elapsed=1.084718e+04 cycle=9715 time=5.517295e-01 dt=5.525637e-05
elapsed=1.084816e+04 cycle=9716 time=5.517847e-01 dt=5.525546e-05
elapsed=1.084913e+04 cycle=9717 time=5.518400e-01 dt=5.525454e-05
elapsed=1.085010e+04 cycle=9718 time=5.518952e-01 dt=5.525362e-05
elapsed=1.085104e+04 cycle=9719 time=5.519505e-01 dt=5.525269e-05
elapsed=1.085216e+04 cycle=9720 time=5.520057e-01 dt=5.525175e-05
elapsed=1.085314e+04 cycle=9721 time=5.520610e-01 dt=5.525081e-05
elapsed=1.085411e+04 cycle=9722 time=5.521162e-01 dt=5.524987e-05
elapsed=1.085509e+04 cycle=9723 time=5.521715e-01 dt=5.524893e-05
elapsed=1.085604e+04 cycle=9724 time=5.522267e-01 dt=5.524799e-05
elapsed=1.085715e+04 cycle=9725 time=5.522820e-01 dt=5.524706e-05
elapsed=1.085824e+04 cycle=9726 time=5.523372e-01 dt=5.524614e-05
[Tue Dec 30 08:55:48 EST 2025] Found 11 bin files, deleting 1 oldest...
elapsed=1.085922e+04 cycle=9727 time=5.523925e-01 dt=5.524522e-05
elapsed=1.086017e+04 cycle=9728 time=5.524477e-01 dt=5.524431e-05
[Tue Dec 30 08:55:50 EST 2025] Kept 10 most recent bin files.
elapsed=1.086112e+04 cycle=9729 time=5.525030e-01 dt=5.524340e-05
elapsed=1.086208e+04 cycle=9730 time=5.525582e-01 dt=5.524249e-05
elapsed=1.086305e+04 cycle=9731 time=5.526135e-01 dt=5.524159e-05
elapsed=1.086403e+04 cycle=9732 time=5.526687e-01 dt=5.524068e-05
elapsed=1.086499e+04 cycle=9733 time=5.527239e-01 dt=5.523978e-05
elapsed=1.086596e+04 cycle=9734 time=5.527792e-01 dt=5.523886e-05
elapsed=1.086692e+04 cycle=9735 time=5.528344e-01 dt=5.523793e-05
elapsed=1.086788e+04 cycle=9736 time=5.528897e-01 dt=5.523701e-05
elapsed=1.086883e+04 cycle=9737 time=5.529449e-01 dt=5.523608e-05
elapsed=1.086982e+04 cycle=9738 time=5.530001e-01 dt=5.523515e-05
elapsed=1.087078e+04 cycle=9739 time=5.530554e-01 dt=5.523421e-05
elapsed=1.087173e+04 cycle=9740 time=5.531106e-01 dt=5.523328e-05
elapsed=1.087270e+04 cycle=9741 time=5.531658e-01 dt=5.523234e-05
elapsed=1.087364e+04 cycle=9742 time=5.532211e-01 dt=5.523140e-05
elapsed=1.087460e+04 cycle=9743 time=5.532763e-01 dt=5.523048e-05
elapsed=1.087570e+04 cycle=9744 time=5.533315e-01 dt=5.522957e-05
elapsed=1.087666e+04 cycle=9745 time=5.533868e-01 dt=5.522867e-05
elapsed=1.087777e+04 cycle=9746 time=5.534420e-01 dt=5.522776e-05
elapsed=1.087874e+04 cycle=9747 time=5.534972e-01 dt=5.522686e-05
elapsed=1.087970e+04 cycle=9748 time=5.535524e-01 dt=5.522595e-05
elapsed=1.088066e+04 cycle=9749 time=5.536077e-01 dt=5.522503e-05
elapsed=1.088176e+04 cycle=9750 time=5.536629e-01 dt=5.522411e-05
elapsed=1.088272e+04 cycle=9751 time=5.537181e-01 dt=5.522320e-05
elapsed=1.088370e+04 cycle=9752 time=5.537733e-01 dt=5.522229e-05
elapsed=1.088467e+04 cycle=9753 time=5.538286e-01 dt=5.522138e-05
elapsed=1.088562e+04 cycle=9754 time=5.538838e-01 dt=5.522048e-05
elapsed=1.088657e+04 cycle=9755 time=5.539390e-01 dt=5.521957e-05
elapsed=1.088752e+04 cycle=9756 time=5.539942e-01 dt=5.521867e-05
elapsed=1.088848e+04 cycle=9757 time=5.540494e-01 dt=5.521776e-05
elapsed=1.088959e+04 cycle=9758 time=5.541047e-01 dt=5.521686e-05
elapsed=1.089057e+04 cycle=9759 time=5.541599e-01 dt=5.521597e-05
elapsed=1.089168e+04 cycle=9760 time=5.542151e-01 dt=5.521508e-05
elapsed=1.089266e+04 cycle=9761 time=5.542703e-01 dt=5.521419e-05
elapsed=1.089363e+04 cycle=9762 time=5.543255e-01 dt=5.521331e-05
elapsed=1.089458e+04 cycle=9763 time=5.543807e-01 dt=5.521243e-05
elapsed=1.089554e+04 cycle=9764 time=5.544359e-01 dt=5.521155e-05
elapsed=1.089649e+04 cycle=9765 time=5.544912e-01 dt=5.521066e-05
elapsed=1.089748e+04 cycle=9766 time=5.545464e-01 dt=5.520976e-05
elapsed=1.089859e+04 cycle=9767 time=5.546016e-01 dt=5.520885e-05
elapsed=1.089955e+04 cycle=9768 time=5.546568e-01 dt=5.520794e-05
elapsed=1.090052e+04 cycle=9769 time=5.547120e-01 dt=5.520703e-05
elapsed=1.090147e+04 cycle=9770 time=5.547672e-01 dt=5.520612e-05
elapsed=1.090243e+04 cycle=9771 time=5.548224e-01 dt=5.520521e-05
elapsed=1.090341e+04 cycle=9772 time=5.548776e-01 dt=5.520429e-05
elapsed=1.090450e+04 cycle=9773 time=5.549328e-01 dt=5.520336e-05
elapsed=1.090546e+04 cycle=9774 time=5.549880e-01 dt=5.520243e-05
elapsed=1.090643e+04 cycle=9775 time=5.550432e-01 dt=5.520150e-05
elapsed=1.090739e+04 cycle=9776 time=5.550984e-01 dt=5.520057e-05
elapsed=1.090835e+04 cycle=9777 time=5.551536e-01 dt=5.519964e-05
elapsed=1.090932e+04 cycle=9778 time=5.552088e-01 dt=5.519872e-05
elapsed=1.091029e+04 cycle=9779 time=5.552640e-01 dt=5.519781e-05
elapsed=1.091127e+04 cycle=9780 time=5.553192e-01 dt=5.519689e-05
elapsed=1.091238e+04 cycle=9781 time=5.553744e-01 dt=5.519598e-05
elapsed=1.091333e+04 cycle=9782 time=5.554296e-01 dt=5.519508e-05
elapsed=1.091428e+04 cycle=9783 time=5.554848e-01 dt=5.519418e-05
elapsed=1.091525e+04 cycle=9784 time=5.555400e-01 dt=5.519330e-05
elapsed=1.091622e+04 cycle=9785 time=5.555952e-01 dt=5.519243e-05
elapsed=1.091718e+04 cycle=9786 time=5.556504e-01 dt=5.519155e-05
elapsed=1.091829e+04 cycle=9787 time=5.557056e-01 dt=5.519068e-05
elapsed=1.091938e+04 cycle=9788 time=5.557608e-01 dt=5.518981e-05
elapsed=1.092037e+04 cycle=9789 time=5.558160e-01 dt=5.518894e-05
elapsed=1.092131e+04 cycle=9790 time=5.558711e-01 dt=5.518806e-05
elapsed=1.092227e+04 cycle=9791 time=5.559263e-01 dt=5.518719e-05
elapsed=1.092325e+04 cycle=9792 time=5.559815e-01 dt=5.518631e-05
elapsed=1.092421e+04 cycle=9793 time=5.560367e-01 dt=5.518543e-05
elapsed=1.092518e+04 cycle=9794 time=5.560919e-01 dt=5.518456e-05
elapsed=1.092613e+04 cycle=9795 time=5.561471e-01 dt=5.518368e-05
elapsed=1.092707e+04 cycle=9796 time=5.562023e-01 dt=5.518280e-05
elapsed=1.092802e+04 cycle=9797 time=5.562574e-01 dt=5.518192e-05
elapsed=1.092900e+04 cycle=9798 time=5.563126e-01 dt=5.518104e-05
elapsed=1.092997e+04 cycle=9799 time=5.563678e-01 dt=5.518017e-05
elapsed=1.093093e+04 cycle=9800 time=5.564230e-01 dt=5.517930e-05
elapsed=1.093188e+04 cycle=9801 time=5.564782e-01 dt=5.517843e-05
elapsed=1.093286e+04 cycle=9802 time=5.565333e-01 dt=5.517756e-05
elapsed=1.093382e+04 cycle=9803 time=5.565885e-01 dt=5.517669e-05
elapsed=1.093477e+04 cycle=9804 time=5.566437e-01 dt=5.517583e-05
elapsed=1.093572e+04 cycle=9805 time=5.566989e-01 dt=5.517497e-05
elapsed=1.093669e+04 cycle=9806 time=5.567541e-01 dt=5.517409e-05
elapsed=1.093765e+04 cycle=9807 time=5.568092e-01 dt=5.517322e-05
elapsed=1.093876e+04 cycle=9808 time=5.568644e-01 dt=5.517235e-05
elapsed=1.093972e+04 cycle=9809 time=5.569196e-01 dt=5.517147e-05
elapsed=1.094071e+04 cycle=9810 time=5.569747e-01 dt=5.517059e-05
elapsed=1.094169e+04 cycle=9811 time=5.570299e-01 dt=5.516971e-05
elapsed=1.094265e+04 cycle=9812 time=5.570851e-01 dt=5.516883e-05
elapsed=1.094361e+04 cycle=9813 time=5.571403e-01 dt=5.516795e-05
elapsed=1.094458e+04 cycle=9814 time=5.571954e-01 dt=5.516707e-05
elapsed=1.094554e+04 cycle=9815 time=5.572506e-01 dt=5.516618e-05
elapsed=1.094651e+04 cycle=9816 time=5.573058e-01 dt=5.516530e-05
elapsed=1.094746e+04 cycle=9817 time=5.573609e-01 dt=5.516442e-05
elapsed=1.094844e+04 cycle=9818 time=5.574161e-01 dt=5.516354e-05
elapsed=1.094942e+04 cycle=9819 time=5.574712e-01 dt=5.516267e-05
elapsed=1.095038e+04 cycle=9820 time=5.575264e-01 dt=5.516180e-05
elapsed=1.095135e+04 cycle=9821 time=5.575816e-01 dt=5.516091e-05
elapsed=1.095231e+04 cycle=9822 time=5.576367e-01 dt=5.516002e-05
elapsed=1.095327e+04 cycle=9823 time=5.576919e-01 dt=5.515913e-05
elapsed=1.095425e+04 cycle=9824 time=5.577471e-01 dt=5.515823e-05
elapsed=1.095537e+04 cycle=9825 time=5.578022e-01 dt=5.515732e-05
elapsed=1.095633e+04 cycle=9826 time=5.578574e-01 dt=5.515641e-05
elapsed=1.095728e+04 cycle=9827 time=5.579125e-01 dt=5.515549e-05
elapsed=1.095823e+04 cycle=9828 time=5.579677e-01 dt=5.515455e-05
elapsed=1.095920e+04 cycle=9829 time=5.580228e-01 dt=5.515360e-05
elapsed=1.096015e+04 cycle=9830 time=5.580780e-01 dt=5.515265e-05
elapsed=1.096111e+04 cycle=9831 time=5.581331e-01 dt=5.515169e-05
elapsed=1.096207e+04 cycle=9832 time=5.581883e-01 dt=5.515073e-05
elapsed=1.096305e+04 cycle=9833 time=5.582434e-01 dt=5.514976e-05
elapsed=1.096403e+04 cycle=9834 time=5.582986e-01 dt=5.514880e-05
elapsed=1.096499e+04 cycle=9835 time=5.583537e-01 dt=5.514784e-05
elapsed=1.096596e+04 cycle=9836 time=5.584089e-01 dt=5.514687e-05
elapsed=1.096691e+04 cycle=9837 time=5.584640e-01 dt=5.514589e-05
elapsed=1.096789e+04 cycle=9838 time=5.585192e-01 dt=5.514492e-05
elapsed=1.096885e+04 cycle=9839 time=5.585743e-01 dt=5.514395e-05
elapsed=1.096981e+04 cycle=9840 time=5.586295e-01 dt=5.514297e-05
elapsed=1.097079e+04 cycle=9841 time=5.586846e-01 dt=5.514200e-05
elapsed=1.097176e+04 cycle=9842 time=5.587398e-01 dt=5.514102e-05
elapsed=1.097270e+04 cycle=9843 time=5.587949e-01 dt=5.514004e-05
elapsed=1.097366e+04 cycle=9844 time=5.588500e-01 dt=5.513906e-05
elapsed=1.097462e+04 cycle=9845 time=5.589052e-01 dt=5.513808e-05
elapsed=1.097559e+04 cycle=9846 time=5.589603e-01 dt=5.513710e-05
elapsed=1.097656e+04 cycle=9847 time=5.590154e-01 dt=5.513612e-05
elapsed=1.097767e+04 cycle=9848 time=5.590706e-01 dt=5.513515e-05
elapsed=1.097864e+04 cycle=9849 time=5.591257e-01 dt=5.513418e-05
elapsed=1.097959e+04 cycle=9850 time=5.591809e-01 dt=5.513320e-05
elapsed=1.098056e+04 cycle=9851 time=5.592360e-01 dt=5.513223e-05
elapsed=1.098150e+04 cycle=9852 time=5.592911e-01 dt=5.513125e-05
elapsed=1.098259e+04 cycle=9853 time=5.593463e-01 dt=5.513028e-05
elapsed=1.098356e+04 cycle=9854 time=5.594014e-01 dt=5.512931e-05
elapsed=1.098451e+04 cycle=9855 time=5.594565e-01 dt=5.512834e-05
elapsed=1.098548e+04 cycle=9856 time=5.595116e-01 dt=5.512738e-05
elapsed=1.098642e+04 cycle=9857 time=5.595668e-01 dt=5.512641e-05
elapsed=1.098751e+04 cycle=9858 time=5.596219e-01 dt=5.512544e-05
elapsed=1.098848e+04 cycle=9859 time=5.596770e-01 dt=5.512447e-05
elapsed=1.098944e+04 cycle=9860 time=5.597321e-01 dt=5.512350e-05
elapsed=1.099053e+04 cycle=9861 time=5.597873e-01 dt=5.512255e-05
elapsed=1.099163e+04 cycle=9862 time=5.598424e-01 dt=5.512159e-05
elapsed=1.099259e+04 cycle=9863 time=5.598975e-01 dt=5.512062e-05
elapsed=1.099369e+04 cycle=9864 time=5.599526e-01 dt=5.511966e-05
elapsed=1.101480e+04 cycle=9865 time=5.600078e-01 dt=5.511871e-05
elapsed=1.101576e+04 cycle=9866 time=5.600629e-01 dt=5.511776e-05
elapsed=1.101671e+04 cycle=9867 time=5.601180e-01 dt=5.511682e-05
elapsed=1.101766e+04 cycle=9868 time=5.601731e-01 dt=5.511588e-05
elapsed=1.101864e+04 cycle=9869 time=5.602282e-01 dt=5.511494e-05
elapsed=1.101959e+04 cycle=9870 time=5.602833e-01 dt=5.511399e-05
elapsed=1.102057e+04 cycle=9871 time=5.603384e-01 dt=5.511304e-05
elapsed=1.102151e+04 cycle=9872 time=5.603936e-01 dt=5.511208e-05
elapsed=1.102246e+04 cycle=9873 time=5.604487e-01 dt=5.511111e-05
elapsed=1.102344e+04 cycle=9874 time=5.605038e-01 dt=5.511015e-05
elapsed=1.102438e+04 cycle=9875 time=5.605589e-01 dt=5.510917e-05
elapsed=1.102533e+04 cycle=9876 time=5.606140e-01 dt=5.510818e-05
elapsed=1.102628e+04 cycle=9877 time=5.606691e-01 dt=5.510718e-05
elapsed=1.102726e+04 cycle=9878 time=5.607242e-01 dt=5.510618e-05
elapsed=1.102823e+04 cycle=9879 time=5.607793e-01 dt=5.510519e-05
elapsed=1.102918e+04 cycle=9880 time=5.608344e-01 dt=5.510422e-05
elapsed=1.103014e+04 cycle=9881 time=5.608895e-01 dt=5.510326e-05
elapsed=1.103110e+04 cycle=9882 time=5.609446e-01 dt=5.510230e-05
elapsed=1.103207e+04 cycle=9883 time=5.609997e-01 dt=5.510134e-05
elapsed=1.103304e+04 cycle=9884 time=5.610548e-01 dt=5.510037e-05
elapsed=1.103400e+04 cycle=9885 time=5.611099e-01 dt=5.509940e-05
elapsed=1.103497e+04 cycle=9886 time=5.611650e-01 dt=5.509844e-05
elapsed=1.103595e+04 cycle=9887 time=5.612201e-01 dt=5.509748e-05
elapsed=1.103691e+04 cycle=9888 time=5.612752e-01 dt=5.509654e-05
elapsed=1.103803e+04 cycle=9889 time=5.613303e-01 dt=5.509563e-05
elapsed=1.103897e+04 cycle=9890 time=5.613854e-01 dt=5.509474e-05
elapsed=1.104006e+04 cycle=9891 time=5.614405e-01 dt=5.509384e-05
[Tue Dec 30 08:58:50 EST 2025] Found 11 bin files, deleting 1 oldest...
elapsed=1.104103e+04 cycle=9892 time=5.614956e-01 dt=5.509295e-05
elapsed=1.104199e+04 cycle=9893 time=5.615507e-01 dt=5.509205e-05
[Tue Dec 30 08:58:52 EST 2025] Kept 10 most recent bin files.
elapsed=1.104294e+04 cycle=9894 time=5.616058e-01 dt=5.509113e-05
elapsed=1.104390e+04 cycle=9895 time=5.616609e-01 dt=5.509022e-05
elapsed=1.104485e+04 cycle=9896 time=5.617160e-01 dt=5.508931e-05
elapsed=1.104581e+04 cycle=9897 time=5.617711e-01 dt=5.508840e-05
elapsed=1.104679e+04 cycle=9898 time=5.618262e-01 dt=5.508750e-05
elapsed=1.104774e+04 cycle=9899 time=5.618813e-01 dt=5.508659e-05
elapsed=1.104870e+04 cycle=9900 time=5.619363e-01 dt=5.508568e-05
elapsed=1.104979e+04 cycle=9901 time=5.619914e-01 dt=5.508477e-05
elapsed=1.105076e+04 cycle=9902 time=5.620465e-01 dt=5.508386e-05
elapsed=1.105172e+04 cycle=9903 time=5.621016e-01 dt=5.508295e-05
elapsed=1.105269e+04 cycle=9904 time=5.621567e-01 dt=5.508204e-05
elapsed=1.105363e+04 cycle=9905 time=5.622118e-01 dt=5.508113e-05
elapsed=1.105460e+04 cycle=9906 time=5.622668e-01 dt=5.508019e-05
elapsed=1.105558e+04 cycle=9907 time=5.623219e-01 dt=5.507924e-05
elapsed=1.105653e+04 cycle=9908 time=5.623770e-01 dt=5.507829e-05
elapsed=1.105750e+04 cycle=9909 time=5.624321e-01 dt=5.507733e-05
elapsed=1.105847e+04 cycle=9910 time=5.624872e-01 dt=5.507639e-05
elapsed=1.105942e+04 cycle=9911 time=5.625422e-01 dt=5.507545e-05
elapsed=1.106051e+04 cycle=9912 time=5.625973e-01 dt=5.507452e-05
elapsed=1.106162e+04 cycle=9913 time=5.626524e-01 dt=5.507359e-05
elapsed=1.106258e+04 cycle=9914 time=5.627075e-01 dt=5.507266e-05
elapsed=1.106355e+04 cycle=9915 time=5.627625e-01 dt=5.507173e-05
elapsed=1.106451e+04 cycle=9916 time=5.628176e-01 dt=5.507080e-05
elapsed=1.106546e+04 cycle=9917 time=5.628727e-01 dt=5.506989e-05
elapsed=1.106644e+04 cycle=9918 time=5.629277e-01 dt=5.506899e-05
elapsed=1.106740e+04 cycle=9919 time=5.629828e-01 dt=5.506809e-05
elapsed=1.106837e+04 cycle=9920 time=5.630379e-01 dt=5.506721e-05
elapsed=1.106935e+04 cycle=9921 time=5.630929e-01 dt=5.506633e-05
elapsed=1.107034e+04 cycle=9922 time=5.631480e-01 dt=5.506544e-05
elapsed=1.107128e+04 cycle=9923 time=5.632031e-01 dt=5.506456e-05
elapsed=1.107223e+04 cycle=9924 time=5.632581e-01 dt=5.506367e-05
elapsed=1.107320e+04 cycle=9925 time=5.633132e-01 dt=5.506277e-05
elapsed=1.107418e+04 cycle=9926 time=5.633683e-01 dt=5.506189e-05
elapsed=1.107514e+04 cycle=9927 time=5.634233e-01 dt=5.506101e-05
elapsed=1.107609e+04 cycle=9928 time=5.634784e-01 dt=5.506014e-05
elapsed=1.107705e+04 cycle=9929 time=5.635334e-01 dt=5.505925e-05
elapsed=1.107800e+04 cycle=9930 time=5.635885e-01 dt=5.505837e-05
elapsed=1.107897e+04 cycle=9931 time=5.636436e-01 dt=5.505747e-05
elapsed=1.107995e+04 cycle=9932 time=5.636986e-01 dt=5.505656e-05
elapsed=1.108092e+04 cycle=9933 time=5.637537e-01 dt=5.505567e-05
elapsed=1.108189e+04 cycle=9934 time=5.638087e-01 dt=5.505479e-05
elapsed=1.108286e+04 cycle=9935 time=5.638638e-01 dt=5.505390e-05
elapsed=1.108383e+04 cycle=9936 time=5.639188e-01 dt=5.505299e-05
elapsed=1.108481e+04 cycle=9937 time=5.639739e-01 dt=5.505208e-05
elapsed=1.108578e+04 cycle=9938 time=5.640289e-01 dt=5.505117e-05
elapsed=1.108673e+04 cycle=9939 time=5.640840e-01 dt=5.505026e-05
elapsed=1.108768e+04 cycle=9940 time=5.641391e-01 dt=5.504935e-05
elapsed=1.108879e+04 cycle=9941 time=5.641941e-01 dt=5.504844e-05
elapsed=1.108977e+04 cycle=9942 time=5.642491e-01 dt=5.504752e-05
elapsed=1.109076e+04 cycle=9943 time=5.643042e-01 dt=5.504662e-05
elapsed=1.109172e+04 cycle=9944 time=5.643592e-01 dt=5.504571e-05
elapsed=1.109281e+04 cycle=9945 time=5.644143e-01 dt=5.504479e-05
elapsed=1.109378e+04 cycle=9946 time=5.644693e-01 dt=5.504386e-05
elapsed=1.109474e+04 cycle=9947 time=5.645244e-01 dt=5.504293e-05
elapsed=1.109570e+04 cycle=9948 time=5.645794e-01 dt=5.504200e-05
elapsed=1.109667e+04 cycle=9949 time=5.646345e-01 dt=5.504107e-05
elapsed=1.109762e+04 cycle=9950 time=5.646895e-01 dt=5.504015e-05
elapsed=1.109860e+04 cycle=9951 time=5.647445e-01 dt=5.503922e-05
elapsed=1.109955e+04 cycle=9952 time=5.647996e-01 dt=5.503829e-05
elapsed=1.110051e+04 cycle=9953 time=5.648546e-01 dt=5.503736e-05
elapsed=1.110148e+04 cycle=9954 time=5.649097e-01 dt=5.503643e-05
elapsed=1.110246e+04 cycle=9955 time=5.649647e-01 dt=5.503550e-05
elapsed=1.110355e+04 cycle=9956 time=5.650197e-01 dt=5.503459e-05
elapsed=1.110465e+04 cycle=9957 time=5.650748e-01 dt=5.503368e-05
elapsed=1.110563e+04 cycle=9958 time=5.651298e-01 dt=5.503277e-05
elapsed=1.110659e+04 cycle=9959 time=5.651848e-01 dt=5.503186e-05
elapsed=1.110756e+04 cycle=9960 time=5.652399e-01 dt=5.503095e-05
elapsed=1.110851e+04 cycle=9961 time=5.652949e-01 dt=5.503005e-05
elapsed=1.110947e+04 cycle=9962 time=5.653499e-01 dt=5.502916e-05
elapsed=1.111044e+04 cycle=9963 time=5.654050e-01 dt=5.502827e-05
elapsed=1.111139e+04 cycle=9964 time=5.654600e-01 dt=5.502739e-05
elapsed=1.111236e+04 cycle=9965 time=5.655150e-01 dt=5.502651e-05
elapsed=1.111334e+04 cycle=9966 time=5.655700e-01 dt=5.502563e-05
elapsed=1.111429e+04 cycle=9967 time=5.656251e-01 dt=5.502475e-05
elapsed=1.111526e+04 cycle=9968 time=5.656801e-01 dt=5.502388e-05
elapsed=1.111623e+04 cycle=9969 time=5.657351e-01 dt=5.502301e-05
elapsed=1.111720e+04 cycle=9970 time=5.657901e-01 dt=5.502216e-05
elapsed=1.111829e+04 cycle=9971 time=5.658452e-01 dt=5.502130e-05
elapsed=1.111924e+04 cycle=9972 time=5.659002e-01 dt=5.502045e-05
elapsed=1.112022e+04 cycle=9973 time=5.659552e-01 dt=5.501959e-05
elapsed=1.112119e+04 cycle=9974 time=5.660102e-01 dt=5.501873e-05
elapsed=1.112217e+04 cycle=9975 time=5.660652e-01 dt=5.501788e-05
elapsed=1.112312e+04 cycle=9976 time=5.661203e-01 dt=5.501703e-05
elapsed=1.112409e+04 cycle=9977 time=5.661753e-01 dt=5.501618e-05
elapsed=1.112507e+04 cycle=9978 time=5.662303e-01 dt=5.501533e-05
elapsed=1.112604e+04 cycle=9979 time=5.662853e-01 dt=5.501447e-05
elapsed=1.112700e+04 cycle=9980 time=5.663403e-01 dt=5.501362e-05
elapsed=1.112795e+04 cycle=9981 time=5.663953e-01 dt=5.501276e-05
elapsed=1.112891e+04 cycle=9982 time=5.664503e-01 dt=5.501191e-05
elapsed=1.112989e+04 cycle=9983 time=5.665054e-01 dt=5.501105e-05
elapsed=1.113086e+04 cycle=9984 time=5.665604e-01 dt=5.501019e-05
elapsed=1.113183e+04 cycle=9985 time=5.666154e-01 dt=5.500933e-05
elapsed=1.113279e+04 cycle=9986 time=5.666704e-01 dt=5.500848e-05
elapsed=1.113374e+04 cycle=9987 time=5.667254e-01 dt=5.500762e-05
elapsed=1.113470e+04 cycle=9988 time=5.667804e-01 dt=5.500677e-05
elapsed=1.113565e+04 cycle=9989 time=5.668354e-01 dt=5.500590e-05
elapsed=1.113664e+04 cycle=9990 time=5.668904e-01 dt=5.500504e-05
elapsed=1.113760e+04 cycle=9991 time=5.669454e-01 dt=5.500417e-05
elapsed=1.113856e+04 cycle=9992 time=5.670004e-01 dt=5.500331e-05
elapsed=1.113951e+04 cycle=9993 time=5.670554e-01 dt=5.500244e-05
elapsed=1.114046e+04 cycle=9994 time=5.671104e-01 dt=5.500158e-05
elapsed=1.114141e+04 cycle=9995 time=5.671654e-01 dt=5.500071e-05
elapsed=1.114238e+04 cycle=9996 time=5.672204e-01 dt=5.499983e-05
elapsed=1.114336e+04 cycle=9997 time=5.672754e-01 dt=5.499895e-05
elapsed=1.114431e+04 cycle=9998 time=5.673304e-01 dt=5.499808e-05
elapsed=1.114527e+04 cycle=9999 time=5.673854e-01 dt=5.499720e-05
elapsed=1.114624e+04 cycle=10000 time=5.674404e-01 dt=5.499631e-05
elapsed=1.114719e+04 cycle=10001 time=5.674954e-01 dt=5.499543e-05
elapsed=1.114828e+04 cycle=10002 time=5.675504e-01 dt=5.499454e-05
elapsed=1.114923e+04 cycle=10003 time=5.676054e-01 dt=5.499366e-05
elapsed=1.115020e+04 cycle=10004 time=5.676604e-01 dt=5.499277e-05
elapsed=1.115114e+04 cycle=10005 time=5.677154e-01 dt=5.499188e-05
elapsed=1.115224e+04 cycle=10006 time=5.677704e-01 dt=5.499100e-05
elapsed=1.115320e+04 cycle=10007 time=5.678254e-01 dt=5.499013e-05
elapsed=1.115418e+04 cycle=10008 time=5.678804e-01 dt=5.498927e-05
elapsed=1.115517e+04 cycle=10009 time=5.679354e-01 dt=5.498842e-05
elapsed=1.115615e+04 cycle=10010 time=5.679903e-01 dt=5.498756e-05
elapsed=1.115713e+04 cycle=10011 time=5.680453e-01 dt=5.498670e-05
elapsed=1.115811e+04 cycle=10012 time=5.681003e-01 dt=5.498583e-05
elapsed=1.115909e+04 cycle=10013 time=5.681553e-01 dt=5.498497e-05
elapsed=1.116007e+04 cycle=10014 time=5.682103e-01 dt=5.498412e-05
elapsed=1.116104e+04 cycle=10015 time=5.682653e-01 dt=5.498328e-05
elapsed=1.116198e+04 cycle=10016 time=5.683203e-01 dt=5.498243e-05
elapsed=1.116295e+04 cycle=10017 time=5.683752e-01 dt=5.498161e-05
elapsed=1.116390e+04 cycle=10018 time=5.684302e-01 dt=5.498081e-05
elapsed=1.116501e+04 cycle=10019 time=5.684852e-01 dt=5.498003e-05
elapsed=1.116599e+04 cycle=10020 time=5.685402e-01 dt=5.497926e-05
elapsed=1.116697e+04 cycle=10021 time=5.685952e-01 dt=5.497848e-05
elapsed=1.116806e+04 cycle=10022 time=5.686501e-01 dt=5.497772e-05
elapsed=1.116904e+04 cycle=10023 time=5.687051e-01 dt=5.497697e-05
elapsed=1.117003e+04 cycle=10024 time=5.687601e-01 dt=5.497621e-05
elapsed=1.117098e+04 cycle=10025 time=5.688151e-01 dt=5.497546e-05
elapsed=1.117194e+04 cycle=10026 time=5.688700e-01 dt=5.497471e-05
elapsed=1.117291e+04 cycle=10027 time=5.689250e-01 dt=5.497396e-05
elapsed=1.117387e+04 cycle=10028 time=5.689800e-01 dt=5.497321e-05
elapsed=1.117482e+04 cycle=10029 time=5.690350e-01 dt=5.497246e-05
elapsed=1.117580e+04 cycle=10030 time=5.690899e-01 dt=5.497171e-05
elapsed=1.117675e+04 cycle=10031 time=5.691449e-01 dt=5.497097e-05
elapsed=1.117771e+04 cycle=10032 time=5.691999e-01 dt=5.497022e-05
elapsed=1.117866e+04 cycle=10033 time=5.692549e-01 dt=5.496946e-05
elapsed=1.117963e+04 cycle=10034 time=5.693098e-01 dt=5.496871e-05
elapsed=1.118059e+04 cycle=10035 time=5.693648e-01 dt=5.496796e-05
elapsed=1.118157e+04 cycle=10036 time=5.694198e-01 dt=5.496721e-05
elapsed=1.118252e+04 cycle=10037 time=5.694747e-01 dt=5.496646e-05
elapsed=1.118348e+04 cycle=10038 time=5.695297e-01 dt=5.496571e-05
elapsed=1.118445e+04 cycle=10039 time=5.695847e-01 dt=5.496496e-05
elapsed=1.118539e+04 cycle=10040 time=5.696396e-01 dt=5.496421e-05
elapsed=1.118650e+04 cycle=10041 time=5.696946e-01 dt=5.496346e-05
elapsed=1.118749e+04 cycle=10042 time=5.697496e-01 dt=5.496271e-05
elapsed=1.118845e+04 cycle=10043 time=5.698045e-01 dt=5.496196e-05
elapsed=1.118942e+04 cycle=10044 time=5.698595e-01 dt=5.496119e-05
elapsed=1.119040e+04 cycle=10045 time=5.699144e-01 dt=5.496042e-05
elapsed=1.119149e+04 cycle=10046 time=5.699694e-01 dt=5.495965e-05
elapsed=1.121303e+04 cycle=10047 time=5.700244e-01 dt=5.495889e-05
elapsed=1.121398e+04 cycle=10048 time=5.700793e-01 dt=5.495814e-05
elapsed=1.121496e+04 cycle=10049 time=5.701343e-01 dt=5.495739e-05
elapsed=1.121605e+04 cycle=10050 time=5.701892e-01 dt=5.495664e-05
elapsed=1.121701e+04 cycle=10051 time=5.702442e-01 dt=5.495589e-05
elapsed=1.121796e+04 cycle=10052 time=5.702991e-01 dt=5.495514e-05
elapsed=1.121893e+04 cycle=10053 time=5.703541e-01 dt=5.495438e-05
elapsed=1.121990e+04 cycle=10054 time=5.704091e-01 dt=5.495364e-05
elapsed=1.122086e+04 cycle=10055 time=5.704640e-01 dt=5.495292e-05
elapsed=1.122181e+04 cycle=10056 time=5.705190e-01 dt=5.495219e-05
[Tue Dec 30 09:01:52 EST 2025] Found 11 bin files, deleting 1 oldest...
elapsed=1.122279e+04 cycle=10057 time=5.705739e-01 dt=5.495147e-05
elapsed=1.122376e+04 cycle=10058 time=5.706289e-01 dt=5.495073e-05
[Tue Dec 30 09:01:54 EST 2025] Kept 10 most recent bin files.
elapsed=1.122473e+04 cycle=10059 time=5.706838e-01 dt=5.494998e-05
elapsed=1.122568e+04 cycle=10060 time=5.707388e-01 dt=5.494925e-05
elapsed=1.122664e+04 cycle=10061 time=5.707937e-01 dt=5.494852e-05
elapsed=1.122762e+04 cycle=10062 time=5.708487e-01 dt=5.494779e-05
elapsed=1.122857e+04 cycle=10063 time=5.709036e-01 dt=5.494704e-05
elapsed=1.122955e+04 cycle=10064 time=5.709586e-01 dt=5.494630e-05
elapsed=1.123050e+04 cycle=10065 time=5.710135e-01 dt=5.494555e-05
elapsed=1.123148e+04 cycle=10066 time=5.710685e-01 dt=5.494480e-05
elapsed=1.123243e+04 cycle=10067 time=5.711234e-01 dt=5.494406e-05
elapsed=1.123352e+04 cycle=10068 time=5.711783e-01 dt=5.494331e-05
elapsed=1.123449e+04 cycle=10069 time=5.712333e-01 dt=5.494258e-05
elapsed=1.123545e+04 cycle=10070 time=5.712882e-01 dt=5.494184e-05
elapsed=1.123644e+04 cycle=10071 time=5.713432e-01 dt=5.494110e-05
elapsed=1.123741e+04 cycle=10072 time=5.713981e-01 dt=5.494036e-05
elapsed=1.123838e+04 cycle=10073 time=5.714531e-01 dt=5.493960e-05
elapsed=1.123934e+04 cycle=10074 time=5.715080e-01 dt=5.493884e-05
elapsed=1.124043e+04 cycle=10075 time=5.715629e-01 dt=5.493807e-05
elapsed=1.124139e+04 cycle=10076 time=5.716179e-01 dt=5.493731e-05
elapsed=1.124236e+04 cycle=10077 time=5.716728e-01 dt=5.493654e-05
elapsed=1.124335e+04 cycle=10078 time=5.717277e-01 dt=5.493579e-05
elapsed=1.124432e+04 cycle=10079 time=5.717827e-01 dt=5.493504e-05
elapsed=1.124529e+04 cycle=10080 time=5.718376e-01 dt=5.493428e-05
elapsed=1.124625e+04 cycle=10081 time=5.718925e-01 dt=5.493352e-05
elapsed=1.124719e+04 cycle=10082 time=5.719475e-01 dt=5.493277e-05
elapsed=1.124816e+04 cycle=10083 time=5.720024e-01 dt=5.493201e-05
elapsed=1.124913e+04 cycle=10084 time=5.720573e-01 dt=5.493125e-05
elapsed=1.125009e+04 cycle=10085 time=5.721123e-01 dt=5.493049e-05
elapsed=1.125104e+04 cycle=10086 time=5.721672e-01 dt=5.492972e-05
elapsed=1.125213e+04 cycle=10087 time=5.722221e-01 dt=5.492894e-05
elapsed=1.125322e+04 cycle=10088 time=5.722771e-01 dt=5.492816e-05
elapsed=1.125419e+04 cycle=10089 time=5.723320e-01 dt=5.492737e-05
elapsed=1.125517e+04 cycle=10090 time=5.723869e-01 dt=5.492658e-05
elapsed=1.125614e+04 cycle=10091 time=5.724418e-01 dt=5.492580e-05
elapsed=1.125710e+04 cycle=10092 time=5.724968e-01 dt=5.492501e-05
elapsed=1.125807e+04 cycle=10093 time=5.725517e-01 dt=5.492422e-05
elapsed=1.125918e+04 cycle=10094 time=5.726066e-01 dt=5.492343e-05
elapsed=1.126014e+04 cycle=10095 time=5.726615e-01 dt=5.492264e-05
elapsed=1.126110e+04 cycle=10096 time=5.727165e-01 dt=5.492185e-05
elapsed=1.126206e+04 cycle=10097 time=5.727714e-01 dt=5.492106e-05
elapsed=1.126304e+04 cycle=10098 time=5.728263e-01 dt=5.492028e-05
elapsed=1.126413e+04 cycle=10099 time=5.728812e-01 dt=5.491950e-05
elapsed=1.126509e+04 cycle=10100 time=5.729362e-01 dt=5.491872e-05
elapsed=1.126604e+04 cycle=10101 time=5.729911e-01 dt=5.491793e-05
elapsed=1.126699e+04 cycle=10102 time=5.730460e-01 dt=5.491714e-05
elapsed=1.126795e+04 cycle=10103 time=5.731009e-01 dt=5.491635e-05
elapsed=1.126905e+04 cycle=10104 time=5.731558e-01 dt=5.491555e-05
elapsed=1.126999e+04 cycle=10105 time=5.732107e-01 dt=5.491476e-05
elapsed=1.127095e+04 cycle=10106 time=5.732657e-01 dt=5.491396e-05
elapsed=1.127193e+04 cycle=10107 time=5.733206e-01 dt=5.491315e-05
elapsed=1.127288e+04 cycle=10108 time=5.733755e-01 dt=5.491235e-05
elapsed=1.127397e+04 cycle=10109 time=5.734304e-01 dt=5.491155e-05
elapsed=1.127494e+04 cycle=10110 time=5.734853e-01 dt=5.491075e-05
elapsed=1.127589e+04 cycle=10111 time=5.735402e-01 dt=5.490994e-05
elapsed=1.127698e+04 cycle=10112 time=5.735951e-01 dt=5.490911e-05
elapsed=1.127807e+04 cycle=10113 time=5.736500e-01 dt=5.490828e-05
elapsed=1.127904e+04 cycle=10114 time=5.737049e-01 dt=5.490744e-05
elapsed=1.127999e+04 cycle=10115 time=5.737598e-01 dt=5.490661e-05
elapsed=1.128095e+04 cycle=10116 time=5.738148e-01 dt=5.490578e-05
elapsed=1.128191e+04 cycle=10117 time=5.738697e-01 dt=5.490495e-05
elapsed=1.128286e+04 cycle=10118 time=5.739246e-01 dt=5.490412e-05
elapsed=1.128398e+04 cycle=10119 time=5.739795e-01 dt=5.490330e-05
elapsed=1.128493e+04 cycle=10120 time=5.740344e-01 dt=5.490248e-05
elapsed=1.128588e+04 cycle=10121 time=5.740893e-01 dt=5.490166e-05
elapsed=1.128683e+04 cycle=10122 time=5.741442e-01 dt=5.490083e-05
elapsed=1.128778e+04 cycle=10123 time=5.741991e-01 dt=5.490002e-05
elapsed=1.128873e+04 cycle=10124 time=5.742540e-01 dt=5.489921e-05
elapsed=1.128969e+04 cycle=10125 time=5.743089e-01 dt=5.489839e-05
elapsed=1.129066e+04 cycle=10126 time=5.743638e-01 dt=5.489755e-05
elapsed=1.129163e+04 cycle=10127 time=5.744187e-01 dt=5.489671e-05
elapsed=1.129259e+04 cycle=10128 time=5.744736e-01 dt=5.489587e-05
elapsed=1.129370e+04 cycle=10129 time=5.745285e-01 dt=5.489504e-05
elapsed=1.129469e+04 cycle=10130 time=5.745834e-01 dt=5.489420e-05
elapsed=1.129567e+04 cycle=10131 time=5.746383e-01 dt=5.489337e-05
elapsed=1.129665e+04 cycle=10132 time=5.746931e-01 dt=5.489254e-05
elapsed=1.129761e+04 cycle=10133 time=5.747480e-01 dt=5.489173e-05
elapsed=1.129857e+04 cycle=10134 time=5.748029e-01 dt=5.489092e-05
elapsed=1.129955e+04 cycle=10135 time=5.748578e-01 dt=5.489013e-05
elapsed=1.130051e+04 cycle=10136 time=5.749127e-01 dt=5.488935e-05
elapsed=1.130148e+04 cycle=10137 time=5.749676e-01 dt=5.488859e-05
elapsed=1.130244e+04 cycle=10138 time=5.750225e-01 dt=5.488782e-05
elapsed=1.130340e+04 cycle=10139 time=5.750774e-01 dt=5.488705e-05
elapsed=1.130438e+04 cycle=10140 time=5.751323e-01 dt=5.488630e-05
elapsed=1.130534e+04 cycle=10141 time=5.751872e-01 dt=5.488556e-05
elapsed=1.130633e+04 cycle=10142 time=5.752420e-01 dt=5.488483e-05
elapsed=1.130731e+04 cycle=10143 time=5.752969e-01 dt=5.488409e-05
elapsed=1.130825e+04 cycle=10144 time=5.753518e-01 dt=5.488336e-05
elapsed=1.130922e+04 cycle=10145 time=5.754067e-01 dt=5.488262e-05
elapsed=1.131018e+04 cycle=10146 time=5.754616e-01 dt=5.488191e-05
elapsed=1.131114e+04 cycle=10147 time=5.755165e-01 dt=5.488119e-05
elapsed=1.131223e+04 cycle=10148 time=5.755713e-01 dt=5.488048e-05
elapsed=1.131320e+04 cycle=10149 time=5.756262e-01 dt=5.487976e-05
elapsed=1.131417e+04 cycle=10150 time=5.756811e-01 dt=5.487904e-05
elapsed=1.131513e+04 cycle=10151 time=5.757360e-01 dt=5.487833e-05
elapsed=1.131610e+04 cycle=10152 time=5.757909e-01 dt=5.487762e-05
elapsed=1.131705e+04 cycle=10153 time=5.758457e-01 dt=5.487692e-05
elapsed=1.131799e+04 cycle=10154 time=5.759006e-01 dt=5.487623e-05
elapsed=1.131909e+04 cycle=10155 time=5.759555e-01 dt=5.487555e-05
elapsed=1.132005e+04 cycle=10156 time=5.760104e-01 dt=5.487486e-05
elapsed=1.132103e+04 cycle=10157 time=5.760652e-01 dt=5.487418e-05
elapsed=1.132198e+04 cycle=10158 time=5.761201e-01 dt=5.487350e-05
elapsed=1.132307e+04 cycle=10159 time=5.761750e-01 dt=5.487283e-05
elapsed=1.132404e+04 cycle=10160 time=5.762299e-01 dt=5.487216e-05
elapsed=1.132502e+04 cycle=10161 time=5.762847e-01 dt=5.487149e-05
elapsed=1.132598e+04 cycle=10162 time=5.763396e-01 dt=5.487083e-05
elapsed=1.132695e+04 cycle=10163 time=5.763945e-01 dt=5.487015e-05
elapsed=1.132806e+04 cycle=10164 time=5.764493e-01 dt=5.486947e-05
elapsed=1.132904e+04 cycle=10165 time=5.765042e-01 dt=5.486880e-05
elapsed=1.133002e+04 cycle=10166 time=5.765591e-01 dt=5.486814e-05
elapsed=1.133098e+04 cycle=10167 time=5.766139e-01 dt=5.486749e-05
elapsed=1.133196e+04 cycle=10168 time=5.766688e-01 dt=5.486684e-05
elapsed=1.133295e+04 cycle=10169 time=5.767237e-01 dt=5.486620e-05
elapsed=1.133391e+04 cycle=10170 time=5.767785e-01 dt=5.486556e-05
elapsed=1.133489e+04 cycle=10171 time=5.768334e-01 dt=5.486493e-05
elapsed=1.133587e+04 cycle=10172 time=5.768883e-01 dt=5.486432e-05
elapsed=1.133682e+04 cycle=10173 time=5.769431e-01 dt=5.486371e-05
elapsed=1.133778e+04 cycle=10174 time=5.769980e-01 dt=5.486311e-05
elapsed=1.133875e+04 cycle=10175 time=5.770529e-01 dt=5.486252e-05
elapsed=1.133971e+04 cycle=10176 time=5.771077e-01 dt=5.486194e-05
elapsed=1.134067e+04 cycle=10177 time=5.771626e-01 dt=5.486136e-05
elapsed=1.134164e+04 cycle=10178 time=5.772175e-01 dt=5.486076e-05
elapsed=1.134260e+04 cycle=10179 time=5.772723e-01 dt=5.486017e-05
elapsed=1.134355e+04 cycle=10180 time=5.773272e-01 dt=5.485959e-05
elapsed=1.134466e+04 cycle=10181 time=5.773820e-01 dt=5.485904e-05
elapsed=1.134563e+04 cycle=10182 time=5.774369e-01 dt=5.485849e-05
elapsed=1.134659e+04 cycle=10183 time=5.774918e-01 dt=5.485794e-05
elapsed=1.134756e+04 cycle=10184 time=5.775466e-01 dt=5.485740e-05
elapsed=1.134852e+04 cycle=10185 time=5.776015e-01 dt=5.485685e-05
elapsed=1.134947e+04 cycle=10186 time=5.776563e-01 dt=5.485631e-05
elapsed=1.135043e+04 cycle=10187 time=5.777112e-01 dt=5.485577e-05
elapsed=1.135138e+04 cycle=10188 time=5.777660e-01 dt=5.485522e-05
elapsed=1.135232e+04 cycle=10189 time=5.778209e-01 dt=5.485468e-05
elapsed=1.135329e+04 cycle=10190 time=5.778757e-01 dt=5.485413e-05
elapsed=1.135440e+04 cycle=10191 time=5.779306e-01 dt=5.485360e-05
elapsed=1.135538e+04 cycle=10192 time=5.779855e-01 dt=5.485308e-05
elapsed=1.135649e+04 cycle=10193 time=5.780403e-01 dt=5.485256e-05
elapsed=1.135744e+04 cycle=10194 time=5.780952e-01 dt=5.485204e-05
elapsed=1.135839e+04 cycle=10195 time=5.781500e-01 dt=5.485152e-05
elapsed=1.135935e+04 cycle=10196 time=5.782049e-01 dt=5.485100e-05
elapsed=1.136046e+04 cycle=10197 time=5.782597e-01 dt=5.485047e-05
elapsed=1.136141e+04 cycle=10198 time=5.783146e-01 dt=5.484995e-05
elapsed=1.136235e+04 cycle=10199 time=5.783694e-01 dt=5.484942e-05
elapsed=1.136332e+04 cycle=10200 time=5.784243e-01 dt=5.484890e-05
elapsed=1.136428e+04 cycle=10201 time=5.784791e-01 dt=5.484838e-05
elapsed=1.136522e+04 cycle=10202 time=5.785340e-01 dt=5.484785e-05
elapsed=1.136619e+04 cycle=10203 time=5.785888e-01 dt=5.484733e-05
elapsed=1.136717e+04 cycle=10204 time=5.786437e-01 dt=5.484680e-05
elapsed=1.136815e+04 cycle=10205 time=5.786985e-01 dt=5.484626e-05
elapsed=1.136912e+04 cycle=10206 time=5.787533e-01 dt=5.484573e-05
elapsed=1.137010e+04 cycle=10207 time=5.788082e-01 dt=5.484520e-05
elapsed=1.137121e+04 cycle=10208 time=5.788630e-01 dt=5.484466e-05
elapsed=1.137219e+04 cycle=10209 time=5.789179e-01 dt=5.484412e-05
elapsed=1.137315e+04 cycle=10210 time=5.789727e-01 dt=5.484358e-05
elapsed=1.137412e+04 cycle=10211 time=5.790276e-01 dt=5.484305e-05
elapsed=1.137507e+04 cycle=10212 time=5.790824e-01 dt=5.484251e-05
elapsed=1.137616e+04 cycle=10213 time=5.791373e-01 dt=5.484196e-05
elapsed=1.137712e+04 cycle=10214 time=5.791921e-01 dt=5.484142e-05
elapsed=1.137809e+04 cycle=10215 time=5.792469e-01 dt=5.484087e-05
elapsed=1.137907e+04 cycle=10216 time=5.793018e-01 dt=5.484032e-05
elapsed=1.138016e+04 cycle=10217 time=5.793566e-01 dt=5.483978e-05
elapsed=1.138113e+04 cycle=10218 time=5.794115e-01 dt=5.483926e-05
elapsed=1.138207e+04 cycle=10219 time=5.794663e-01 dt=5.483874e-05
elapsed=1.138302e+04 cycle=10220 time=5.795211e-01 dt=5.483821e-05
elapsed=1.138399e+04 cycle=10221 time=5.795760e-01 dt=5.483768e-05
elapsed=1.138497e+04 cycle=10222 time=5.796308e-01 dt=5.483714e-05
elapsed=1.138595e+04 cycle=10223 time=5.796857e-01 dt=5.483661e-05
elapsed=1.138693e+04 cycle=10224 time=5.797405e-01 dt=5.483607e-05
elapsed=1.138788e+04 cycle=10225 time=5.797953e-01 dt=5.483556e-05
elapsed=1.138884e+04 cycle=10226 time=5.798502e-01 dt=5.483506e-05
elapsed=1.138980e+04 cycle=10227 time=5.799050e-01 dt=5.483458e-05
elapsed=1.139077e+04 cycle=10228 time=5.799598e-01 dt=5.483411e-05
[Tue Dec 30 09:04:54 EST 2025] Found 11 bin files, deleting 1 oldest...
[Tue Dec 30 09:04:56 EST 2025] Kept 10 most recent bin files.
elapsed=1.141274e+04 cycle=10229 time=5.800147e-01 dt=5.483363e-05
elapsed=1.141372e+04 cycle=10230 time=5.800695e-01 dt=5.483317e-05
elapsed=1.141471e+04 cycle=10231 time=5.801243e-01 dt=5.483271e-05
elapsed=1.141569e+04 cycle=10232 time=5.801792e-01 dt=5.483226e-05
elapsed=1.141663e+04 cycle=10233 time=5.802340e-01 dt=5.483183e-05
elapsed=1.141762e+04 cycle=10234 time=5.802888e-01 dt=5.483138e-05
elapsed=1.141859e+04 cycle=10235 time=5.803437e-01 dt=5.483093e-05
elapsed=1.141957e+04 cycle=10236 time=5.803985e-01 dt=5.483050e-05
elapsed=1.142056e+04 cycle=10237 time=5.804533e-01 dt=5.483006e-05
elapsed=1.142167e+04 cycle=10238 time=5.805082e-01 dt=5.482964e-05
elapsed=1.142265e+04 cycle=10239 time=5.805630e-01 dt=5.482922e-05
elapsed=1.142359e+04 cycle=10240 time=5.806178e-01 dt=5.482880e-05
elapsed=1.142454e+04 cycle=10241 time=5.806726e-01 dt=5.482838e-05
elapsed=1.142551e+04 cycle=10242 time=5.807275e-01 dt=5.482796e-05
elapsed=1.142646e+04 cycle=10243 time=5.807823e-01 dt=5.482754e-05
elapsed=1.142744e+04 cycle=10244 time=5.808371e-01 dt=5.482712e-05
elapsed=1.142838e+04 cycle=10245 time=5.808920e-01 dt=5.482671e-05
elapsed=1.142935e+04 cycle=10246 time=5.809468e-01 dt=5.482630e-05
elapsed=1.143033e+04 cycle=10247 time=5.810016e-01 dt=5.482590e-05
elapsed=1.143130e+04 cycle=10248 time=5.810564e-01 dt=5.482551e-05
elapsed=1.143224e+04 cycle=10249 time=5.811113e-01 dt=5.482513e-05
elapsed=1.143336e+04 cycle=10250 time=5.811661e-01 dt=5.482474e-05
elapsed=1.143447e+04 cycle=10251 time=5.812209e-01 dt=5.482436e-05
elapsed=1.143542e+04 cycle=10252 time=5.812757e-01 dt=5.482397e-05
elapsed=1.143636e+04 cycle=10253 time=5.813306e-01 dt=5.482360e-05
elapsed=1.143731e+04 cycle=10254 time=5.813854e-01 dt=5.482323e-05
elapsed=1.143827e+04 cycle=10255 time=5.814402e-01 dt=5.482287e-05
elapsed=1.143923e+04 cycle=10256 time=5.814950e-01 dt=5.482252e-05
elapsed=1.144021e+04 cycle=10257 time=5.815498e-01 dt=5.482218e-05
elapsed=1.144116e+04 cycle=10258 time=5.816047e-01 dt=5.482182e-05
elapsed=1.144213e+04 cycle=10259 time=5.816595e-01 dt=5.482147e-05
elapsed=1.144309e+04 cycle=10260 time=5.817143e-01 dt=5.482112e-05
elapsed=1.144404e+04 cycle=10261 time=5.817691e-01 dt=5.482078e-05
elapsed=1.144500e+04 cycle=10262 time=5.818240e-01 dt=5.482045e-05
elapsed=1.144596e+04 cycle=10263 time=5.818788e-01 dt=5.482012e-05
elapsed=1.144693e+04 cycle=10264 time=5.819336e-01 dt=5.481980e-05
elapsed=1.144803e+04 cycle=10265 time=5.819884e-01 dt=5.481948e-05
elapsed=1.144901e+04 cycle=10266 time=5.820432e-01 dt=5.481916e-05
elapsed=1.144997e+04 cycle=10267 time=5.820981e-01 dt=5.481884e-05
elapsed=1.145093e+04 cycle=10268 time=5.821529e-01 dt=5.481852e-05
elapsed=1.145189e+04 cycle=10269 time=5.822077e-01 dt=5.481820e-05
elapsed=1.145286e+04 cycle=10270 time=5.822625e-01 dt=5.481788e-05
elapsed=1.145384e+04 cycle=10271 time=5.823173e-01 dt=5.481756e-05
elapsed=1.145480e+04 cycle=10272 time=5.823721e-01 dt=5.481724e-05
elapsed=1.145577e+04 cycle=10273 time=5.824270e-01 dt=5.481691e-05
elapsed=1.145675e+04 cycle=10274 time=5.824818e-01 dt=5.481659e-05
elapsed=1.145786e+04 cycle=10275 time=5.825366e-01 dt=5.481628e-05
elapsed=1.145882e+04 cycle=10276 time=5.825914e-01 dt=5.481597e-05
elapsed=1.145978e+04 cycle=10277 time=5.826462e-01 dt=5.481568e-05
elapsed=1.146076e+04 cycle=10278 time=5.827010e-01 dt=5.481539e-05
elapsed=1.146171e+04 cycle=10279 time=5.827559e-01 dt=5.481511e-05
elapsed=1.146280e+04 cycle=10280 time=5.828107e-01 dt=5.481483e-05
elapsed=1.146378e+04 cycle=10281 time=5.828655e-01 dt=5.481455e-05
elapsed=1.146475e+04 cycle=10282 time=5.829203e-01 dt=5.481427e-05
elapsed=1.146571e+04 cycle=10283 time=5.829751e-01 dt=5.481397e-05
elapsed=1.146667e+04 cycle=10284 time=5.830299e-01 dt=5.481368e-05
elapsed=1.146763e+04 cycle=10285 time=5.830847e-01 dt=5.481339e-05
elapsed=1.146861e+04 cycle=10286 time=5.831396e-01 dt=5.481310e-05
elapsed=1.146960e+04 cycle=10287 time=5.831944e-01 dt=5.481282e-05
elapsed=1.147057e+04 cycle=10288 time=5.832492e-01 dt=5.481253e-05
elapsed=1.147154e+04 cycle=10289 time=5.833040e-01 dt=5.481224e-05
elapsed=1.147265e+04 cycle=10290 time=5.833588e-01 dt=5.481194e-05
elapsed=1.147376e+04 cycle=10291 time=5.834136e-01 dt=5.481166e-05
elapsed=1.147472e+04 cycle=10292 time=5.834684e-01 dt=5.481138e-05
elapsed=1.147569e+04 cycle=10293 time=5.835232e-01 dt=5.481110e-05
elapsed=1.147666e+04 cycle=10294 time=5.835781e-01 dt=5.481082e-05
elapsed=1.147761e+04 cycle=10295 time=5.836329e-01 dt=5.481054e-05
elapsed=1.147859e+04 cycle=10296 time=5.836877e-01 dt=5.481026e-05
elapsed=1.147956e+04 cycle=10297 time=5.837425e-01 dt=5.480999e-05
elapsed=1.148052e+04 cycle=10298 time=5.837973e-01 dt=5.480974e-05
elapsed=1.148148e+04 cycle=10299 time=5.838521e-01 dt=5.480948e-05
elapsed=1.148246e+04 cycle=10300 time=5.839069e-01 dt=5.480923e-05
elapsed=1.148345e+04 cycle=10301 time=5.839617e-01 dt=5.480898e-05
elapsed=1.148439e+04 cycle=10302 time=5.840165e-01 dt=5.480872e-05
elapsed=1.148536e+04 cycle=10303 time=5.840713e-01 dt=5.480848e-05
elapsed=1.148633e+04 cycle=10304 time=5.841261e-01 dt=5.480825e-05
elapsed=1.148729e+04 cycle=10305 time=5.841810e-01 dt=5.480801e-05
elapsed=1.148827e+04 cycle=10306 time=5.842358e-01 dt=5.480779e-05
elapsed=1.148937e+04 cycle=10307 time=5.842906e-01 dt=5.480756e-05
elapsed=1.149032e+04 cycle=10308 time=5.843454e-01 dt=5.480733e-05
elapsed=1.149130e+04 cycle=10309 time=5.844002e-01 dt=5.480711e-05
elapsed=1.149228e+04 cycle=10310 time=5.844550e-01 dt=5.480688e-05
elapsed=1.149323e+04 cycle=10311 time=5.845098e-01 dt=5.480666e-05
elapsed=1.149418e+04 cycle=10312 time=5.845646e-01 dt=5.480644e-05
elapsed=1.149514e+04 cycle=10313 time=5.846194e-01 dt=5.480624e-05
elapsed=1.149610e+04 cycle=10314 time=5.846742e-01 dt=5.480604e-05
elapsed=1.149705e+04 cycle=10315 time=5.847290e-01 dt=5.480586e-05
elapsed=1.149802e+04 cycle=10316 time=5.847838e-01 dt=5.480568e-05
elapsed=1.149899e+04 cycle=10317 time=5.848386e-01 dt=5.480550e-05
elapsed=1.149997e+04 cycle=10318 time=5.848934e-01 dt=5.480532e-05
elapsed=1.150092e+04 cycle=10319 time=5.849483e-01 dt=5.480515e-05
elapsed=1.150188e+04 cycle=10320 time=5.850031e-01 dt=5.480497e-05
elapsed=1.150285e+04 cycle=10321 time=5.850579e-01 dt=5.480480e-05
elapsed=1.150380e+04 cycle=10322 time=5.851127e-01 dt=5.480463e-05
elapsed=1.150491e+04 cycle=10323 time=5.851675e-01 dt=5.480447e-05
elapsed=1.150600e+04 cycle=10324 time=5.852223e-01 dt=5.480430e-05
elapsed=1.150697e+04 cycle=10325 time=5.852771e-01 dt=5.480414e-05
elapsed=1.150795e+04 cycle=10326 time=5.853319e-01 dt=5.480398e-05
elapsed=1.150892e+04 cycle=10327 time=5.853867e-01 dt=5.480383e-05
elapsed=1.150987e+04 cycle=10328 time=5.854415e-01 dt=5.480368e-05
elapsed=1.151083e+04 cycle=10329 time=5.854963e-01 dt=5.480354e-05
elapsed=1.151181e+04 cycle=10330 time=5.855511e-01 dt=5.480340e-05
elapsed=1.151279e+04 cycle=10331 time=5.856059e-01 dt=5.480325e-05
elapsed=1.151376e+04 cycle=10332 time=5.856607e-01 dt=5.480311e-05
elapsed=1.151472e+04 cycle=10333 time=5.857155e-01 dt=5.480296e-05
elapsed=1.151569e+04 cycle=10334 time=5.857703e-01 dt=5.480280e-05
elapsed=1.151666e+04 cycle=10335 time=5.858251e-01 dt=5.480265e-05
elapsed=1.151764e+04 cycle=10336 time=5.858799e-01 dt=5.480249e-05
elapsed=1.151860e+04 cycle=10337 time=5.859347e-01 dt=5.480235e-05
elapsed=1.151970e+04 cycle=10338 time=5.859895e-01 dt=5.480224e-05
elapsed=1.152068e+04 cycle=10339 time=5.860443e-01 dt=5.480212e-05
elapsed=1.152177e+04 cycle=10340 time=5.860991e-01 dt=5.480200e-05
elapsed=1.152272e+04 cycle=10341 time=5.861539e-01 dt=5.480188e-05
elapsed=1.152381e+04 cycle=10342 time=5.862087e-01 dt=5.480177e-05
elapsed=1.152476e+04 cycle=10343 time=5.862635e-01 dt=5.480167e-05
elapsed=1.152572e+04 cycle=10344 time=5.863183e-01 dt=5.480156e-05
elapsed=1.152667e+04 cycle=10345 time=5.863731e-01 dt=5.480146e-05
elapsed=1.152763e+04 cycle=10346 time=5.864279e-01 dt=5.480136e-05
elapsed=1.152862e+04 cycle=10347 time=5.864827e-01 dt=5.480127e-05
elapsed=1.152956e+04 cycle=10348 time=5.865375e-01 dt=5.480116e-05
elapsed=1.153052e+04 cycle=10349 time=5.865923e-01 dt=5.480104e-05
elapsed=1.153149e+04 cycle=10350 time=5.866471e-01 dt=5.480092e-05
elapsed=1.153258e+04 cycle=10351 time=5.867019e-01 dt=5.480080e-05
elapsed=1.153356e+04 cycle=10352 time=5.867567e-01 dt=5.480070e-05
elapsed=1.153454e+04 cycle=10353 time=5.868115e-01 dt=5.480060e-05
elapsed=1.153551e+04 cycle=10354 time=5.868663e-01 dt=5.480051e-05
elapsed=1.153647e+04 cycle=10355 time=5.869211e-01 dt=5.480041e-05
elapsed=1.153759e+04 cycle=10356 time=5.869759e-01 dt=5.480031e-05
elapsed=1.153870e+04 cycle=10357 time=5.870307e-01 dt=5.480022e-05
elapsed=1.153966e+04 cycle=10358 time=5.870855e-01 dt=5.480012e-05
elapsed=1.154062e+04 cycle=10359 time=5.871403e-01 dt=5.480003e-05
elapsed=1.154159e+04 cycle=10360 time=5.871951e-01 dt=5.479995e-05
elapsed=1.154257e+04 cycle=10361 time=5.872499e-01 dt=5.479987e-05
elapsed=1.154368e+04 cycle=10362 time=5.873047e-01 dt=5.479980e-05
elapsed=1.154479e+04 cycle=10363 time=5.873595e-01 dt=5.479972e-05
elapsed=1.154576e+04 cycle=10364 time=5.874143e-01 dt=5.479965e-05
elapsed=1.154673e+04 cycle=10365 time=5.874691e-01 dt=5.479956e-05
elapsed=1.154769e+04 cycle=10366 time=5.875239e-01 dt=5.479948e-05
elapsed=1.154878e+04 cycle=10367 time=5.875787e-01 dt=5.479942e-05
elapsed=1.154988e+04 cycle=10368 time=5.876335e-01 dt=5.479936e-05
elapsed=1.155082e+04 cycle=10369 time=5.876883e-01 dt=5.479932e-05
elapsed=1.155179e+04 cycle=10370 time=5.877431e-01 dt=5.479928e-05
elapsed=1.155274e+04 cycle=10371 time=5.877979e-01 dt=5.479923e-05
elapsed=1.155369e+04 cycle=10372 time=5.878527e-01 dt=5.479918e-05
elapsed=1.155466e+04 cycle=10373 time=5.879075e-01 dt=5.479914e-05
elapsed=1.155561e+04 cycle=10374 time=5.879623e-01 dt=5.479910e-05
elapsed=1.155658e+04 cycle=10375 time=5.880171e-01 dt=5.479905e-05
elapsed=1.155753e+04 cycle=10376 time=5.880719e-01 dt=5.479900e-05
elapsed=1.155864e+04 cycle=10377 time=5.881267e-01 dt=5.479894e-05
elapsed=1.155959e+04 cycle=10378 time=5.881815e-01 dt=5.479889e-05
elapsed=1.156057e+04 cycle=10379 time=5.882363e-01 dt=5.479883e-05
elapsed=1.156152e+04 cycle=10380 time=5.882911e-01 dt=5.479877e-05
elapsed=1.156249e+04 cycle=10381 time=5.883459e-01 dt=5.479871e-05
elapsed=1.156358e+04 cycle=10382 time=5.884007e-01 dt=5.479865e-05
elapsed=1.156456e+04 cycle=10383 time=5.884555e-01 dt=5.479858e-05
elapsed=1.156551e+04 cycle=10384 time=5.885103e-01 dt=5.479852e-05
elapsed=1.156662e+04 cycle=10385 time=5.885651e-01 dt=5.479846e-05
elapsed=1.156760e+04 cycle=10386 time=5.886199e-01 dt=5.479842e-05
elapsed=1.156858e+04 cycle=10387 time=5.886747e-01 dt=5.479838e-05
elapsed=1.156955e+04 cycle=10388 time=5.887295e-01 dt=5.479834e-05
elapsed=1.157051e+04 cycle=10389 time=5.887843e-01 dt=5.479831e-05
elapsed=1.157146e+04 cycle=10390 time=5.888391e-01 dt=5.479829e-05
elapsed=1.157257e+04 cycle=10391 time=5.888939e-01 dt=5.479827e-05
elapsed=1.157354e+04 cycle=10392 time=5.889487e-01 dt=5.479826e-05
elapsed=1.157463e+04 cycle=10393 time=5.890035e-01 dt=5.479824e-05
elapsed=1.157558e+04 cycle=10394 time=5.890583e-01 dt=5.479823e-05
elapsed=1.157654e+04 cycle=10395 time=5.891131e-01 dt=5.479822e-05
elapsed=1.157753e+04 cycle=10396 time=5.891679e-01 dt=5.479822e-05
elapsed=1.157864e+04 cycle=10397 time=5.892227e-01 dt=5.479822e-05
elapsed=1.157959e+04 cycle=10398 time=5.892775e-01 dt=5.479822e-05
elapsed=1.158070e+04 cycle=10399 time=5.893323e-01 dt=5.479823e-05
elapsed=1.158165e+04 cycle=10400 time=5.893871e-01 dt=5.479824e-05
elapsed=1.158263e+04 cycle=10401 time=5.894419e-01 dt=5.479825e-05
elapsed=1.158360e+04 cycle=10402 time=5.894967e-01 dt=5.479825e-05
elapsed=1.158456e+04 cycle=10403 time=5.895515e-01 dt=5.479824e-05
elapsed=1.158553e+04 cycle=10404 time=5.896063e-01 dt=5.479824e-05
elapsed=1.158650e+04 cycle=10405 time=5.896611e-01 dt=5.479824e-05
elapsed=1.158761e+04 cycle=10406 time=5.897159e-01 dt=5.479824e-05
elapsed=1.158856e+04 cycle=10407 time=5.897707e-01 dt=5.479824e-05
elapsed=1.158952e+04 cycle=10408 time=5.898255e-01 dt=5.479823e-05
elapsed=1.159049e+04 cycle=10409 time=5.898803e-01 dt=5.479821e-05
elapsed=1.159146e+04 cycle=10410 time=5.899351e-01 dt=5.479819e-05
elapsed=1.159240e+04 cycle=10411 time=5.899899e-01 dt=5.479815e-05
elapsed=1.161354e+04 cycle=10412 time=5.900447e-01 dt=5.479811e-05
elapsed=1.161465e+04 cycle=10413 time=5.900995e-01 dt=5.479807e-05
elapsed=1.161576e+04 cycle=10414 time=5.901543e-01 dt=5.479804e-05
elapsed=1.161671e+04 cycle=10415 time=5.902091e-01 dt=5.479800e-05
elapsed=1.161768e+04 cycle=10416 time=5.902639e-01 dt=5.479797e-05
elapsed=1.161865e+04 cycle=10417 time=5.903187e-01 dt=5.479793e-05
elapsed=1.161960e+04 cycle=10418 time=5.903735e-01 dt=5.479792e-05
elapsed=1.162055e+04 cycle=10419 time=5.904283e-01 dt=5.479791e-05
elapsed=1.162153e+04 cycle=10420 time=5.904831e-01 dt=5.479790e-05
elapsed=1.162249e+04 cycle=10421 time=5.905379e-01 dt=5.479789e-05
elapsed=1.162344e+04 cycle=10422 time=5.905927e-01 dt=5.479788e-05
elapsed=1.162439e+04 cycle=10423 time=5.906475e-01 dt=5.479788e-05
elapsed=1.162536e+04 cycle=10424 time=5.907023e-01 dt=5.479788e-05
elapsed=1.162634e+04 cycle=10425 time=5.907571e-01 dt=5.479789e-05
elapsed=1.162730e+04 cycle=10426 time=5.908118e-01 dt=5.479792e-05
elapsed=1.162829e+04 cycle=10427 time=5.908666e-01 dt=5.479795e-05
elapsed=1.162926e+04 cycle=10428 time=5.909214e-01 dt=5.479798e-05
elapsed=1.163021e+04 cycle=10429 time=5.909762e-01 dt=5.479800e-05
elapsed=1.163117e+04 cycle=10430 time=5.910310e-01 dt=5.479803e-05
elapsed=1.163211e+04 cycle=10431 time=5.910858e-01 dt=5.479805e-05
elapsed=1.163306e+04 cycle=10432 time=5.911406e-01 dt=5.479805e-05
elapsed=1.163404e+04 cycle=10433 time=5.911954e-01 dt=5.479805e-05
elapsed=1.163499e+04 cycle=10434 time=5.912502e-01 dt=5.479805e-05
elapsed=1.163595e+04 cycle=10435 time=5.913050e-01 dt=5.479806e-05
elapsed=1.163692e+04 cycle=10436 time=5.913598e-01 dt=5.479807e-05
elapsed=1.163789e+04 cycle=10437 time=5.914146e-01 dt=5.479808e-05
elapsed=1.163887e+04 cycle=10438 time=5.914694e-01 dt=5.479810e-05
elapsed=1.163984e+04 cycle=10439 time=5.915242e-01 dt=5.479810e-05
elapsed=1.164079e+04 cycle=10440 time=5.915790e-01 dt=5.479810e-05
elapsed=1.164175e+04 cycle=10441 time=5.916338e-01 dt=5.479810e-05
elapsed=1.164272e+04 cycle=10442 time=5.916886e-01 dt=5.479810e-05
elapsed=1.164366e+04 cycle=10443 time=5.917434e-01 dt=5.479809e-05
elapsed=1.164464e+04 cycle=10444 time=5.917982e-01 dt=5.479808e-05
elapsed=1.164575e+04 cycle=10445 time=5.918530e-01 dt=5.479806e-05
elapsed=1.164685e+04 cycle=10446 time=5.919078e-01 dt=5.479804e-05
[Tue Dec 30 09:08:56 EST 2025] Found 11 bin files, deleting 1 oldest...
elapsed=1.164781e+04 cycle=10447 time=5.919626e-01 dt=5.479803e-05
[Tue Dec 30 09:08:58 EST 2025] Kept 10 most recent bin files.
elapsed=1.164891e+04 cycle=10448 time=5.920174e-01 dt=5.479801e-05
elapsed=1.164988e+04 cycle=10449 time=5.920722e-01 dt=5.479800e-05
elapsed=1.165083e+04 cycle=10450 time=5.921270e-01 dt=5.479798e-05
elapsed=1.165179e+04 cycle=10451 time=5.921818e-01 dt=5.479797e-05
elapsed=1.165276e+04 cycle=10452 time=5.922366e-01 dt=5.479795e-05
elapsed=1.165374e+04 cycle=10453 time=5.922914e-01 dt=5.479792e-05
elapsed=1.165472e+04 cycle=10454 time=5.923462e-01 dt=5.479791e-05
elapsed=1.165568e+04 cycle=10455 time=5.924010e-01 dt=5.479789e-05
elapsed=1.165663e+04 cycle=10456 time=5.924558e-01 dt=5.479787e-05
elapsed=1.165761e+04 cycle=10457 time=5.925106e-01 dt=5.479786e-05
elapsed=1.165857e+04 cycle=10458 time=5.925654e-01 dt=5.479784e-05
elapsed=1.165954e+04 cycle=10459 time=5.926202e-01 dt=5.479782e-05
elapsed=1.166051e+04 cycle=10460 time=5.926750e-01 dt=5.479780e-05
elapsed=1.166149e+04 cycle=10461 time=5.927298e-01 dt=5.479778e-05
elapsed=1.166245e+04 cycle=10462 time=5.927846e-01 dt=5.479776e-05
elapsed=1.166340e+04 cycle=10463 time=5.928394e-01 dt=5.479773e-05
elapsed=1.166437e+04 cycle=10464 time=5.928942e-01 dt=5.479771e-05
elapsed=1.166532e+04 cycle=10465 time=5.929490e-01 dt=5.479768e-05
elapsed=1.166630e+04 cycle=10466 time=5.930038e-01 dt=5.479767e-05
elapsed=1.166726e+04 cycle=10467 time=5.930586e-01 dt=5.479765e-05
elapsed=1.166824e+04 cycle=10468 time=5.931134e-01 dt=5.479763e-05
elapsed=1.166919e+04 cycle=10469 time=5.931682e-01 dt=5.479761e-05
elapsed=1.167014e+04 cycle=10470 time=5.932230e-01 dt=5.479760e-05
elapsed=1.167109e+04 cycle=10471 time=5.932778e-01 dt=5.479758e-05
elapsed=1.167205e+04 cycle=10472 time=5.933326e-01 dt=5.479757e-05
elapsed=1.167302e+04 cycle=10473 time=5.933874e-01 dt=5.479758e-05
elapsed=1.167400e+04 cycle=10474 time=5.934421e-01 dt=5.479759e-05
elapsed=1.167498e+04 cycle=10475 time=5.934969e-01 dt=5.479761e-05
elapsed=1.167595e+04 cycle=10476 time=5.935517e-01 dt=5.479764e-05
elapsed=1.167692e+04 cycle=10477 time=5.936065e-01 dt=5.479767e-05
elapsed=1.167789e+04 cycle=10478 time=5.936613e-01 dt=5.479770e-05
elapsed=1.167885e+04 cycle=10479 time=5.937161e-01 dt=5.479773e-05
elapsed=1.167982e+04 cycle=10480 time=5.937709e-01 dt=5.479776e-05
elapsed=1.168080e+04 cycle=10481 time=5.938257e-01 dt=5.479779e-05
elapsed=1.168175e+04 cycle=10482 time=5.938805e-01 dt=5.479782e-05
elapsed=1.168273e+04 cycle=10483 time=5.939353e-01 dt=5.479785e-05
elapsed=1.168369e+04 cycle=10484 time=5.939901e-01 dt=5.479790e-05
elapsed=1.168466e+04 cycle=10485 time=5.940449e-01 dt=5.479795e-05
elapsed=1.168563e+04 cycle=10486 time=5.940997e-01 dt=5.479801e-05
elapsed=1.168674e+04 cycle=10487 time=5.941545e-01 dt=5.479806e-05
elapsed=1.168771e+04 cycle=10488 time=5.942093e-01 dt=5.479811e-05
elapsed=1.168867e+04 cycle=10489 time=5.942641e-01 dt=5.479818e-05
elapsed=1.168962e+04 cycle=10490 time=5.943189e-01 dt=5.479824e-05
elapsed=1.169060e+04 cycle=10491 time=5.943737e-01 dt=5.479830e-05
elapsed=1.169157e+04 cycle=10492 time=5.944285e-01 dt=5.479838e-05
elapsed=1.169253e+04 cycle=10493 time=5.944833e-01 dt=5.479846e-05
elapsed=1.169348e+04 cycle=10494 time=5.945381e-01 dt=5.479855e-05
elapsed=1.169443e+04 cycle=10495 time=5.945929e-01 dt=5.479864e-05
elapsed=1.169540e+04 cycle=10496 time=5.946477e-01 dt=5.479874e-05
elapsed=1.169636e+04 cycle=10497 time=5.947025e-01 dt=5.479886e-05
elapsed=1.169735e+04 cycle=10498 time=5.947573e-01 dt=5.479898e-05
elapsed=1.169844e+04 cycle=10499 time=5.948121e-01 dt=5.479911e-05
elapsed=1.169942e+04 cycle=10500 time=5.948669e-01 dt=5.479923e-05
elapsed=1.170038e+04 cycle=10501 time=5.949217e-01 dt=5.479934e-05
elapsed=1.170149e+04 cycle=10502 time=5.949765e-01 dt=5.479945e-05
elapsed=1.170244e+04 cycle=10503 time=5.950313e-01 dt=5.479956e-05
elapsed=1.170340e+04 cycle=10504 time=5.950861e-01 dt=5.479967e-05
elapsed=1.170435e+04 cycle=10505 time=5.951409e-01 dt=5.479978e-05
elapsed=1.170530e+04 cycle=10506 time=5.951957e-01 dt=5.479989e-05
elapsed=1.170641e+04 cycle=10507 time=5.952505e-01 dt=5.480001e-05
elapsed=1.170739e+04 cycle=10508 time=5.953053e-01 dt=5.480012e-05
elapsed=1.170835e+04 cycle=10509 time=5.953601e-01 dt=5.480023e-05
elapsed=1.170932e+04 cycle=10510 time=5.954149e-01 dt=5.480035e-05
elapsed=1.171026e+04 cycle=10511 time=5.954697e-01 dt=5.480048e-05
elapsed=1.171121e+04 cycle=10512 time=5.955245e-01 dt=5.480059e-05
elapsed=1.171216e+04 cycle=10513 time=5.955793e-01 dt=5.480070e-05
elapsed=1.171314e+04 cycle=10514 time=5.956341e-01 dt=5.480081e-05
elapsed=1.171411e+04 cycle=10515 time=5.956889e-01 dt=5.480092e-05
elapsed=1.171507e+04 cycle=10516 time=5.957437e-01 dt=5.480103e-05
elapsed=1.171605e+04 cycle=10517 time=5.957985e-01 dt=5.480115e-05
elapsed=1.171702e+04 cycle=10518 time=5.958533e-01 dt=5.480127e-05
elapsed=1.171801e+04 cycle=10519 time=5.959081e-01 dt=5.480137e-05
elapsed=1.171896e+04 cycle=10520 time=5.959629e-01 dt=5.480149e-05
elapsed=1.171993e+04 cycle=10521 time=5.960177e-01 dt=5.480159e-05
elapsed=1.172091e+04 cycle=10522 time=5.960725e-01 dt=5.480169e-05
elapsed=1.172187e+04 cycle=10523 time=5.961273e-01 dt=5.480178e-05
elapsed=1.172285e+04 cycle=10524 time=5.961821e-01 dt=5.480188e-05
elapsed=1.172380e+04 cycle=10525 time=5.962369e-01 dt=5.480197e-05
elapsed=1.172475e+04 cycle=10526 time=5.962917e-01 dt=5.480206e-05
elapsed=1.172573e+04 cycle=10527 time=5.963465e-01 dt=5.480215e-05
elapsed=1.172669e+04 cycle=10528 time=5.964013e-01 dt=5.480225e-05
elapsed=1.172780e+04 cycle=10529 time=5.964561e-01 dt=5.480234e-05
elapsed=1.172875e+04 cycle=10530 time=5.965109e-01 dt=5.480244e-05
elapsed=1.172973e+04 cycle=10531 time=5.965657e-01 dt=5.480253e-05
elapsed=1.173084e+04 cycle=10532 time=5.966205e-01 dt=5.480262e-05
elapsed=1.173181e+04 cycle=10533 time=5.966753e-01 dt=5.480271e-05
elapsed=1.173292e+04 cycle=10534 time=5.967301e-01 dt=5.480281e-05
elapsed=1.173390e+04 cycle=10535 time=5.967849e-01 dt=5.480291e-05
elapsed=1.173485e+04 cycle=10536 time=5.968397e-01 dt=5.480301e-05
elapsed=1.173582e+04 cycle=10537 time=5.968945e-01 dt=5.480310e-05
elapsed=1.173678e+04 cycle=10538 time=5.969493e-01 dt=5.480320e-05
elapsed=1.173777e+04 cycle=10539 time=5.970042e-01 dt=5.480329e-05
elapsed=1.173888e+04 cycle=10540 time=5.970590e-01 dt=5.480337e-05
elapsed=1.173984e+04 cycle=10541 time=5.971138e-01 dt=5.480344e-05
elapsed=1.174081e+04 cycle=10542 time=5.971686e-01 dt=5.480351e-05
elapsed=1.174176e+04 cycle=10543 time=5.972234e-01 dt=5.480360e-05
elapsed=1.174287e+04 cycle=10544 time=5.972782e-01 dt=5.480371e-05
elapsed=1.174396e+04 cycle=10545 time=5.973330e-01 dt=5.480381e-05
elapsed=1.174493e+04 cycle=10546 time=5.973878e-01 dt=5.480391e-05
elapsed=1.174589e+04 cycle=10547 time=5.974426e-01 dt=5.480402e-05
elapsed=1.174684e+04 cycle=10548 time=5.974974e-01 dt=5.480414e-05
elapsed=1.174780e+04 cycle=10549 time=5.975522e-01 dt=5.480427e-05
elapsed=1.174877e+04 cycle=10550 time=5.976070e-01 dt=5.480439e-05
elapsed=1.174975e+04 cycle=10551 time=5.976618e-01 dt=5.480452e-05
elapsed=1.175073e+04 cycle=10552 time=5.977166e-01 dt=5.480464e-05
elapsed=1.175170e+04 cycle=10553 time=5.977714e-01 dt=5.480477e-05
elapsed=1.175266e+04 cycle=10554 time=5.978262e-01 dt=5.480489e-05
elapsed=1.175363e+04 cycle=10555 time=5.978810e-01 dt=5.480501e-05
elapsed=1.175459e+04 cycle=10556 time=5.979358e-01 dt=5.480513e-05
elapsed=1.175556e+04 cycle=10557 time=5.979906e-01 dt=5.480524e-05
elapsed=1.175665e+04 cycle=10558 time=5.980454e-01 dt=5.480535e-05
elapsed=1.175763e+04 cycle=10559 time=5.981002e-01 dt=5.480546e-05
elapsed=1.175861e+04 cycle=10560 time=5.981550e-01 dt=5.480557e-05
elapsed=1.175956e+04 cycle=10561 time=5.982098e-01 dt=5.480568e-05
elapsed=1.176054e+04 cycle=10562 time=5.982647e-01 dt=5.480579e-05
elapsed=1.176150e+04 cycle=10563 time=5.983195e-01 dt=5.480589e-05
elapsed=1.176246e+04 cycle=10564 time=5.983743e-01 dt=5.480599e-05
elapsed=1.176358e+04 cycle=10565 time=5.984291e-01 dt=5.480608e-05
elapsed=1.176454e+04 cycle=10566 time=5.984839e-01 dt=5.480617e-05
elapsed=1.176549e+04 cycle=10567 time=5.985387e-01 dt=5.480625e-05
elapsed=1.176646e+04 cycle=10568 time=5.985935e-01 dt=5.480633e-05
elapsed=1.176742e+04 cycle=10569 time=5.986483e-01 dt=5.480641e-05
elapsed=1.176838e+04 cycle=10570 time=5.987031e-01 dt=5.480648e-05
elapsed=1.176934e+04 cycle=10571 time=5.987579e-01 dt=5.480656e-05
elapsed=1.177030e+04 cycle=10572 time=5.988127e-01 dt=5.480663e-05
elapsed=1.177127e+04 cycle=10573 time=5.988675e-01 dt=5.480671e-05
elapsed=1.177223e+04 cycle=10574 time=5.989223e-01 dt=5.480677e-05
elapsed=1.177318e+04 cycle=10575 time=5.989771e-01 dt=5.480682e-05
elapsed=1.177414e+04 cycle=10576 time=5.990319e-01 dt=5.480687e-05
elapsed=1.177510e+04 cycle=10577 time=5.990867e-01 dt=5.480692e-05
elapsed=1.177605e+04 cycle=10578 time=5.991416e-01 dt=5.480697e-05
elapsed=1.177701e+04 cycle=10579 time=5.991964e-01 dt=5.480703e-05
elapsed=1.177798e+04 cycle=10580 time=5.992512e-01 dt=5.480708e-05
elapsed=1.177896e+04 cycle=10581 time=5.993060e-01 dt=5.480713e-05
elapsed=1.178007e+04 cycle=10582 time=5.993608e-01 dt=5.480719e-05
elapsed=1.178117e+04 cycle=10583 time=5.994156e-01 dt=5.480725e-05
elapsed=1.178213e+04 cycle=10584 time=5.994704e-01 dt=5.480732e-05
elapsed=1.178322e+04 cycle=10585 time=5.995252e-01 dt=5.480740e-05
elapsed=1.178419e+04 cycle=10586 time=5.995800e-01 dt=5.480748e-05
elapsed=1.178515e+04 cycle=10587 time=5.996348e-01 dt=5.480758e-05
elapsed=1.178610e+04 cycle=10588 time=5.996896e-01 dt=5.480768e-05
elapsed=1.178705e+04 cycle=10589 time=5.997444e-01 dt=5.480779e-05
elapsed=1.178800e+04 cycle=10590 time=5.997992e-01 dt=5.480789e-05
elapsed=1.178896e+04 cycle=10591 time=5.998541e-01 dt=5.480799e-05
elapsed=1.178991e+04 cycle=10592 time=5.999089e-01 dt=5.480809e-05
elapsed=1.179086e+04 cycle=10593 time=5.999637e-01 dt=5.480819e-05
[Tue Dec 30 09:11:58 EST 2025] Found 11 bin files, deleting 1 oldest...
[Tue Dec 30 09:12:00 EST 2025] Kept 10 most recent bin files.
[Tue Dec 30 09:12:00 EST 2025] Found 2 restart files, deleting 1 oldest...
[Tue Dec 30 09:12:07 EST 2025] Kept only the most recent restart file.
elapsed=1.187022e+04 cycle=10594 time=6.000185e-01 dt=5.480828e-05
elapsed=1.187119e+04 cycle=10595 time=6.000733e-01 dt=5.480837e-05
elapsed=1.187217e+04 cycle=10596 time=6.001281e-01 dt=5.480846e-05
elapsed=1.187314e+04 cycle=10597 time=6.001829e-01 dt=5.480855e-05
elapsed=1.187410e+04 cycle=10598 time=6.002377e-01 dt=5.480864e-05
elapsed=1.187505e+04 cycle=10599 time=6.002925e-01 dt=5.480874e-05
elapsed=1.187601e+04 cycle=10600 time=6.003473e-01 dt=5.480883e-05
elapsed=1.187698e+04 cycle=10601 time=6.004021e-01 dt=5.480892e-05
elapsed=1.187793e+04 cycle=10602 time=6.004569e-01 dt=5.480901e-05
elapsed=1.187888e+04 cycle=10603 time=6.005118e-01 dt=5.480910e-05
elapsed=1.187984e+04 cycle=10604 time=6.005666e-01 dt=5.480920e-05
elapsed=1.188095e+04 cycle=10605 time=6.006214e-01 dt=5.480932e-05
elapsed=1.188192e+04 cycle=10606 time=6.006762e-01 dt=5.480945e-05
elapsed=1.188286e+04 cycle=10607 time=6.007310e-01 dt=5.480957e-05
elapsed=1.188383e+04 cycle=10608 time=6.007858e-01 dt=5.480969e-05
elapsed=1.188478e+04 cycle=10609 time=6.008406e-01 dt=5.480982e-05
elapsed=1.188572e+04 cycle=10610 time=6.008954e-01 dt=5.480995e-05
elapsed=1.188670e+04 cycle=10611 time=6.009502e-01 dt=5.481009e-05
elapsed=1.188767e+04 cycle=10612 time=6.010050e-01 dt=5.481024e-05
elapsed=1.188864e+04 cycle=10613 time=6.010598e-01 dt=5.481040e-05
elapsed=1.188962e+04 cycle=10614 time=6.011147e-01 dt=5.481057e-05
elapsed=1.189058e+04 cycle=10615 time=6.011695e-01 dt=5.481074e-05
elapsed=1.189169e+04 cycle=10616 time=6.012243e-01 dt=5.481092e-05
elapsed=1.189266e+04 cycle=10617 time=6.012791e-01 dt=5.481110e-05
elapsed=1.189364e+04 cycle=10618 time=6.013339e-01 dt=5.481128e-05
elapsed=1.189462e+04 cycle=10619 time=6.013887e-01 dt=5.481146e-05
elapsed=1.189559e+04 cycle=10620 time=6.014435e-01 dt=5.481165e-05
elapsed=1.189655e+04 cycle=10621 time=6.014983e-01 dt=5.481184e-05
elapsed=1.189753e+04 cycle=10622 time=6.015531e-01 dt=5.481202e-05
elapsed=1.189850e+04 cycle=10623 time=6.016080e-01 dt=5.481221e-05
elapsed=1.189947e+04 cycle=10624 time=6.016628e-01 dt=5.481241e-05
elapsed=1.190045e+04 cycle=10625 time=6.017176e-01 dt=5.481260e-05
elapsed=1.190141e+04 cycle=10626 time=6.017724e-01 dt=5.481279e-05
elapsed=1.190240e+04 cycle=10627 time=6.018272e-01 dt=5.481298e-05
elapsed=1.190337e+04 cycle=10628 time=6.018820e-01 dt=5.481317e-05
elapsed=1.190431e+04 cycle=10629 time=6.019368e-01 dt=5.481336e-05
elapsed=1.190528e+04 cycle=10630 time=6.019917e-01 dt=5.481353e-05
elapsed=1.190622e+04 cycle=10631 time=6.020465e-01 dt=5.481371e-05
elapsed=1.190720e+04 cycle=10632 time=6.021013e-01 dt=5.481388e-05
elapsed=1.190817e+04 cycle=10633 time=6.021561e-01 dt=5.481405e-05
elapsed=1.190913e+04 cycle=10634 time=6.022109e-01 dt=5.481423e-05
elapsed=1.191010e+04 cycle=10635 time=6.022657e-01 dt=5.481440e-05
elapsed=1.191108e+04 cycle=10636 time=6.023205e-01 dt=5.481457e-05
elapsed=1.191204e+04 cycle=10637 time=6.023753e-01 dt=5.481475e-05
elapsed=1.191301e+04 cycle=10638 time=6.024302e-01 dt=5.481492e-05
elapsed=1.191397e+04 cycle=10639 time=6.024850e-01 dt=5.481508e-05
elapsed=1.191508e+04 cycle=10640 time=6.025398e-01 dt=5.481524e-05
elapsed=1.191603e+04 cycle=10641 time=6.025946e-01 dt=5.481540e-05
elapsed=1.191702e+04 cycle=10642 time=6.026494e-01 dt=5.481557e-05
elapsed=1.191798e+04 cycle=10643 time=6.027042e-01 dt=5.481575e-05
elapsed=1.191894e+04 cycle=10644 time=6.027591e-01 dt=5.481594e-05
elapsed=1.191991e+04 cycle=10645 time=6.028139e-01 dt=5.481612e-05
elapsed=1.192087e+04 cycle=10646 time=6.028687e-01 dt=5.481631e-05
elapsed=1.192186e+04 cycle=10647 time=6.029235e-01 dt=5.481650e-05
elapsed=1.192282e+04 cycle=10648 time=6.029783e-01 dt=5.481668e-05
elapsed=1.192380e+04 cycle=10649 time=6.030331e-01 dt=5.481687e-05
elapsed=1.192477e+04 cycle=10650 time=6.030880e-01 dt=5.481706e-05
elapsed=1.192586e+04 cycle=10651 time=6.031428e-01 dt=5.481724e-05
elapsed=1.192685e+04 cycle=10652 time=6.031976e-01 dt=5.481743e-05
elapsed=1.192781e+04 cycle=10653 time=6.032524e-01 dt=5.481761e-05
elapsed=1.192878e+04 cycle=10654 time=6.033072e-01 dt=5.481780e-05
elapsed=1.192972e+04 cycle=10655 time=6.033620e-01 dt=5.481799e-05
elapsed=1.193069e+04 cycle=10656 time=6.034169e-01 dt=5.481819e-05
elapsed=1.193165e+04 cycle=10657 time=6.034717e-01 dt=5.481839e-05
elapsed=1.193262e+04 cycle=10658 time=6.035265e-01 dt=5.481858e-05
elapsed=1.193358e+04 cycle=10659 time=6.035813e-01 dt=5.481877e-05
elapsed=1.193454e+04 cycle=10660 time=6.036361e-01 dt=5.481896e-05
elapsed=1.193551e+04 cycle=10661 time=6.036910e-01 dt=5.481916e-05
elapsed=1.193649e+04 cycle=10662 time=6.037458e-01 dt=5.481935e-05
elapsed=1.193746e+04 cycle=10663 time=6.038006e-01 dt=5.481955e-05
elapsed=1.193844e+04 cycle=10664 time=6.038554e-01 dt=5.481975e-05
elapsed=1.193955e+04 cycle=10665 time=6.039102e-01 dt=5.481994e-05
elapsed=1.194054e+04 cycle=10666 time=6.039651e-01 dt=5.482014e-05
elapsed=1.194152e+04 cycle=10667 time=6.040199e-01 dt=5.482033e-05
elapsed=1.194250e+04 cycle=10668 time=6.040747e-01 dt=5.482050e-05
elapsed=1.194347e+04 cycle=10669 time=6.041295e-01 dt=5.482068e-05
elapsed=1.194441e+04 cycle=10670 time=6.041843e-01 dt=5.482085e-05
elapsed=1.194539e+04 cycle=10671 time=6.042392e-01 dt=5.482101e-05
elapsed=1.194636e+04 cycle=10672 time=6.042940e-01 dt=5.482117e-05
elapsed=1.194733e+04 cycle=10673 time=6.043488e-01 dt=5.482132e-05
elapsed=1.194829e+04 cycle=10674 time=6.044036e-01 dt=5.482148e-05
elapsed=1.194925e+04 cycle=10675 time=6.044584e-01 dt=5.482164e-05
elapsed=1.195021e+04 cycle=10676 time=6.045133e-01 dt=5.482181e-05
elapsed=1.195118e+04 cycle=10677 time=6.045681e-01 dt=5.482197e-05
elapsed=1.195216e+04 cycle=10678 time=6.046229e-01 dt=5.482212e-05
elapsed=1.195313e+04 cycle=10679 time=6.046777e-01 dt=5.482227e-05
elapsed=1.195408e+04 cycle=10680 time=6.047325e-01 dt=5.482242e-05
elapsed=1.195503e+04 cycle=10681 time=6.047874e-01 dt=5.482255e-05
elapsed=1.195601e+04 cycle=10682 time=6.048422e-01 dt=5.482269e-05
elapsed=1.195697e+04 cycle=10683 time=6.048970e-01 dt=5.482282e-05
elapsed=1.195792e+04 cycle=10684 time=6.049518e-01 dt=5.482294e-05
elapsed=1.195888e+04 cycle=10685 time=6.050067e-01 dt=5.482306e-05
elapsed=1.195998e+04 cycle=10686 time=6.050615e-01 dt=5.482318e-05
elapsed=1.196095e+04 cycle=10687 time=6.051163e-01 dt=5.482329e-05
elapsed=1.196191e+04 cycle=10688 time=6.051711e-01 dt=5.482341e-05
elapsed=1.196287e+04 cycle=10689 time=6.052260e-01 dt=5.482354e-05
elapsed=1.196383e+04 cycle=10690 time=6.052808e-01 dt=5.482368e-05
elapsed=1.196480e+04 cycle=10691 time=6.053356e-01 dt=5.482384e-05
elapsed=1.196576e+04 cycle=10692 time=6.053904e-01 dt=5.482401e-05
elapsed=1.196671e+04 cycle=10693 time=6.054452e-01 dt=5.482418e-05
elapsed=1.196767e+04 cycle=10694 time=6.055001e-01 dt=5.482435e-05
elapsed=1.196866e+04 cycle=10695 time=6.055549e-01 dt=5.482452e-05
elapsed=1.196964e+04 cycle=10696 time=6.056097e-01 dt=5.482468e-05
elapsed=1.197073e+04 cycle=10697 time=6.056645e-01 dt=5.482484e-05
elapsed=1.197171e+04 cycle=10698 time=6.057194e-01 dt=5.482502e-05
elapsed=1.197267e+04 cycle=10699 time=6.057742e-01 dt=5.482519e-05
elapsed=1.197378e+04 cycle=10700 time=6.058290e-01 dt=5.482537e-05
elapsed=1.197473e+04 cycle=10701 time=6.058838e-01 dt=5.482554e-05
elapsed=1.197570e+04 cycle=10702 time=6.059387e-01 dt=5.482571e-05
elapsed=1.197666e+04 cycle=10703 time=6.059935e-01 dt=5.482588e-05
elapsed=1.197763e+04 cycle=10704 time=6.060483e-01 dt=5.482604e-05
elapsed=1.197857e+04 cycle=10705 time=6.061032e-01 dt=5.482619e-05
elapsed=1.197952e+04 cycle=10706 time=6.061580e-01 dt=5.482635e-05
elapsed=1.198048e+04 cycle=10707 time=6.062128e-01 dt=5.482653e-05
elapsed=1.198145e+04 cycle=10708 time=6.062676e-01 dt=5.482670e-05
elapsed=1.198240e+04 cycle=10709 time=6.063225e-01 dt=5.482688e-05
elapsed=1.198335e+04 cycle=10710 time=6.063773e-01 dt=5.482706e-05
elapsed=1.198431e+04 cycle=10711 time=6.064321e-01 dt=5.482725e-05
elapsed=1.198542e+04 cycle=10712 time=6.064869e-01 dt=5.482743e-05
elapsed=1.198639e+04 cycle=10713 time=6.065418e-01 dt=5.482761e-05
elapsed=1.198734e+04 cycle=10714 time=6.065966e-01 dt=5.482779e-05
elapsed=1.198843e+04 cycle=10715 time=6.066514e-01 dt=5.482796e-05
elapsed=1.198954e+04 cycle=10716 time=6.067062e-01 dt=5.482813e-05
elapsed=1.199049e+04 cycle=10717 time=6.067611e-01 dt=5.482831e-05
elapsed=1.199146e+04 cycle=10718 time=6.068159e-01 dt=5.482849e-05
elapsed=1.199244e+04 cycle=10719 time=6.068707e-01 dt=5.482866e-05
elapsed=1.199340e+04 cycle=10720 time=6.069256e-01 dt=5.482885e-05
elapsed=1.199438e+04 cycle=10721 time=6.069804e-01 dt=5.482904e-05
elapsed=1.199533e+04 cycle=10722 time=6.070352e-01 dt=5.482923e-05
elapsed=1.199629e+04 cycle=10723 time=6.070900e-01 dt=5.482943e-05
elapsed=1.199726e+04 cycle=10724 time=6.071449e-01 dt=5.482964e-05
elapsed=1.199822e+04 cycle=10725 time=6.071997e-01 dt=5.482984e-05
elapsed=1.199931e+04 cycle=10726 time=6.072545e-01 dt=5.483006e-05
elapsed=1.200028e+04 cycle=10727 time=6.073094e-01 dt=5.483027e-05
elapsed=1.200137e+04 cycle=10728 time=6.073642e-01 dt=5.483049e-05
elapsed=1.200234e+04 cycle=10729 time=6.074190e-01 dt=5.483073e-05
elapsed=1.200343e+04 cycle=10730 time=6.074739e-01 dt=5.483096e-05
elapsed=1.200452e+04 cycle=10731 time=6.075287e-01 dt=5.483120e-05
elapsed=1.200549e+04 cycle=10732 time=6.075835e-01 dt=5.483142e-05
elapsed=1.200658e+04 cycle=10733 time=6.076384e-01 dt=5.483164e-05
elapsed=1.200768e+04 cycle=10734 time=6.076932e-01 dt=5.483185e-05
elapsed=1.200864e+04 cycle=10735 time=6.077480e-01 dt=5.483207e-05
elapsed=1.200962e+04 cycle=10736 time=6.078028e-01 dt=5.483230e-05
elapsed=1.201060e+04 cycle=10737 time=6.078577e-01 dt=5.483253e-05
elapsed=1.201157e+04 cycle=10738 time=6.079125e-01 dt=5.483277e-05
elapsed=1.201253e+04 cycle=10739 time=6.079673e-01 dt=5.483302e-05
elapsed=1.201350e+04 cycle=10740 time=6.080222e-01 dt=5.483328e-05
elapsed=1.201446e+04 cycle=10741 time=6.080770e-01 dt=5.483354e-05
elapsed=1.201544e+04 cycle=10742 time=6.081318e-01 dt=5.483379e-05
elapsed=1.201640e+04 cycle=10743 time=6.081867e-01 dt=5.483405e-05
elapsed=1.201737e+04 cycle=10744 time=6.082415e-01 dt=5.483431e-05
elapsed=1.201832e+04 cycle=10745 time=6.082963e-01 dt=5.483457e-05
elapsed=1.201941e+04 cycle=10746 time=6.083512e-01 dt=5.483483e-05
elapsed=1.202036e+04 cycle=10747 time=6.084060e-01 dt=5.483510e-05
elapsed=1.202134e+04 cycle=10748 time=6.084609e-01 dt=5.483538e-05
elapsed=1.202229e+04 cycle=10749 time=6.085157e-01 dt=5.483566e-05
elapsed=1.202325e+04 cycle=10750 time=6.085705e-01 dt=5.483595e-05
elapsed=1.202420e+04 cycle=10751 time=6.086254e-01 dt=5.483623e-05
elapsed=1.202518e+04 cycle=10752 time=6.086802e-01 dt=5.483651e-05
elapsed=1.202614e+04 cycle=10753 time=6.087350e-01 dt=5.483679e-05
elapsed=1.202709e+04 cycle=10754 time=6.087899e-01 dt=5.483708e-05
elapsed=1.202805e+04 cycle=10755 time=6.088447e-01 dt=5.483736e-05
elapsed=1.202900e+04 cycle=10756 time=6.088995e-01 dt=5.483765e-05
elapsed=1.202996e+04 cycle=10757 time=6.089544e-01 dt=5.483794e-05
elapsed=1.203094e+04 cycle=10758 time=6.090092e-01 dt=5.483822e-05
elapsed=1.203205e+04 cycle=10759 time=6.090641e-01 dt=5.483851e-05
elapsed=1.203301e+04 cycle=10760 time=6.091189e-01 dt=5.483881e-05
elapsed=1.203398e+04 cycle=10761 time=6.091737e-01 dt=5.483913e-05
elapsed=1.203494e+04 cycle=10762 time=6.092286e-01 dt=5.483946e-05
elapsed=1.203589e+04 cycle=10763 time=6.092834e-01 dt=5.483981e-05
elapsed=1.203686e+04 cycle=10764 time=6.093383e-01 dt=5.484015e-05
elapsed=1.203783e+04 cycle=10765 time=6.093931e-01 dt=5.484050e-05
elapsed=1.203878e+04 cycle=10766 time=6.094479e-01 dt=5.484085e-05
elapsed=1.203974e+04 cycle=10767 time=6.095028e-01 dt=5.484119e-05
elapsed=1.204085e+04 cycle=10768 time=6.095576e-01 dt=5.484153e-05
elapsed=1.204181e+04 cycle=10769 time=6.096125e-01 dt=5.484187e-05
elapsed=1.204291e+04 cycle=10770 time=6.096673e-01 dt=5.484221e-05
elapsed=1.204388e+04 cycle=10771 time=6.097221e-01 dt=5.484255e-05
elapsed=1.204498e+04 cycle=10772 time=6.097770e-01 dt=5.484289e-05
elapsed=1.204595e+04 cycle=10773 time=6.098318e-01 dt=5.484322e-05
elapsed=1.204690e+04 cycle=10774 time=6.098867e-01 dt=5.484356e-05
elapsed=1.204784e+04 cycle=10775 time=6.099415e-01 dt=5.484390e-05
elapsed=1.204881e+04 cycle=10776 time=6.099964e-01 dt=5.484423e-05
elapsed=1.207036e+04 cycle=10777 time=6.100512e-01 dt=5.484457e-05
elapsed=1.207132e+04 cycle=10778 time=6.101060e-01 dt=5.484491e-05
elapsed=1.207229e+04 cycle=10779 time=6.101609e-01 dt=5.484525e-05
elapsed=1.207327e+04 cycle=10780 time=6.102157e-01 dt=5.484559e-05
elapsed=1.207423e+04 cycle=10781 time=6.102706e-01 dt=5.484593e-05
elapsed=1.207521e+04 cycle=10782 time=6.103254e-01 dt=5.484627e-05
elapsed=1.207618e+04 cycle=10783 time=6.103803e-01 dt=5.484661e-05
elapsed=1.207714e+04 cycle=10784 time=6.104351e-01 dt=5.484695e-05
elapsed=1.207813e+04 cycle=10785 time=6.104900e-01 dt=5.484729e-05
[Tue Dec 30 09:16:08 EST 2025] Found 11 bin files, deleting 1 oldest...
elapsed=1.207910e+04 cycle=10786 time=6.105448e-01 dt=5.484764e-05
elapsed=1.208006e+04 cycle=10787 time=6.105997e-01 dt=5.484798e-05
[Tue Dec 30 09:16:09 EST 2025] Kept 10 most recent bin files.
elapsed=1.208102e+04 cycle=10788 time=6.106545e-01 dt=5.484833e-05
elapsed=1.208213e+04 cycle=10789 time=6.107094e-01 dt=5.484867e-05
elapsed=1.208310e+04 cycle=10790 time=6.107642e-01 dt=5.484900e-05
elapsed=1.208407e+04 cycle=10791 time=6.108191e-01 dt=5.484933e-05
elapsed=1.208503e+04 cycle=10792 time=6.108739e-01 dt=5.484967e-05
elapsed=1.208601e+04 cycle=10793 time=6.109288e-01 dt=5.485000e-05
elapsed=1.208698e+04 cycle=10794 time=6.109836e-01 dt=5.485034e-05
elapsed=1.208795e+04 cycle=10795 time=6.110385e-01 dt=5.485067e-05
elapsed=1.208893e+04 cycle=10796 time=6.110933e-01 dt=5.485100e-05
elapsed=1.208991e+04 cycle=10797 time=6.111482e-01 dt=5.485134e-05
elapsed=1.209087e+04 cycle=10798 time=6.112030e-01 dt=5.485169e-05
elapsed=1.209185e+04 cycle=10799 time=6.112579e-01 dt=5.485205e-05
elapsed=1.209282e+04 cycle=10800 time=6.113127e-01 dt=5.485240e-05
elapsed=1.209376e+04 cycle=10801 time=6.113676e-01 dt=5.485276e-05
elapsed=1.209473e+04 cycle=10802 time=6.114224e-01 dt=5.485311e-05
elapsed=1.209570e+04 cycle=10803 time=6.114773e-01 dt=5.485347e-05
elapsed=1.209679e+04 cycle=10804 time=6.115321e-01 dt=5.485383e-05
elapsed=1.209790e+04 cycle=10805 time=6.115870e-01 dt=5.485420e-05
elapsed=1.209885e+04 cycle=10806 time=6.116418e-01 dt=5.485456e-05
elapsed=1.209981e+04 cycle=10807 time=6.116967e-01 dt=5.485493e-05
elapsed=1.210079e+04 cycle=10808 time=6.117515e-01 dt=5.485529e-05
elapsed=1.210175e+04 cycle=10809 time=6.118064e-01 dt=5.485563e-05
elapsed=1.210271e+04 cycle=10810 time=6.118613e-01 dt=5.485597e-05
elapsed=1.210370e+04 cycle=10811 time=6.119161e-01 dt=5.485631e-05
elapsed=1.210481e+04 cycle=10812 time=6.119710e-01 dt=5.485663e-05
elapsed=1.210579e+04 cycle=10813 time=6.120258e-01 dt=5.485696e-05
elapsed=1.210690e+04 cycle=10814 time=6.120807e-01 dt=5.485730e-05
elapsed=1.210788e+04 cycle=10815 time=6.121355e-01 dt=5.485765e-05
elapsed=1.210884e+04 cycle=10816 time=6.121904e-01 dt=5.485800e-05
elapsed=1.210981e+04 cycle=10817 time=6.122453e-01 dt=5.485835e-05
elapsed=1.211076e+04 cycle=10818 time=6.123001e-01 dt=5.485870e-05
elapsed=1.211172e+04 cycle=10819 time=6.123550e-01 dt=5.485905e-05
elapsed=1.211268e+04 cycle=10820 time=6.124098e-01 dt=5.485941e-05
elapsed=1.211365e+04 cycle=10821 time=6.124647e-01 dt=5.485978e-05
elapsed=1.211459e+04 cycle=10822 time=6.125195e-01 dt=5.486015e-05
elapsed=1.211557e+04 cycle=10823 time=6.125744e-01 dt=5.486052e-05
elapsed=1.211655e+04 cycle=10824 time=6.126293e-01 dt=5.486088e-05
elapsed=1.211752e+04 cycle=10825 time=6.126841e-01 dt=5.486124e-05
elapsed=1.211861e+04 cycle=10826 time=6.127390e-01 dt=5.486160e-05
elapsed=1.211970e+04 cycle=10827 time=6.127939e-01 dt=5.486196e-05
elapsed=1.212067e+04 cycle=10828 time=6.128487e-01 dt=5.486232e-05
elapsed=1.212162e+04 cycle=10829 time=6.129036e-01 dt=5.486268e-05
elapsed=1.212259e+04 cycle=10830 time=6.129584e-01 dt=5.486304e-05
elapsed=1.212353e+04 cycle=10831 time=6.130133e-01 dt=5.486339e-05
elapsed=1.212450e+04 cycle=10832 time=6.130682e-01 dt=5.486373e-05
elapsed=1.212559e+04 cycle=10833 time=6.131230e-01 dt=5.486408e-05
elapsed=1.212656e+04 cycle=10834 time=6.131779e-01 dt=5.486442e-05
elapsed=1.212752e+04 cycle=10835 time=6.132328e-01 dt=5.486474e-05
elapsed=1.212864e+04 cycle=10836 time=6.132876e-01 dt=5.486505e-05
elapsed=1.212962e+04 cycle=10837 time=6.133425e-01 dt=5.486536e-05
elapsed=1.213056e+04 cycle=10838 time=6.133974e-01 dt=5.486568e-05
elapsed=1.213153e+04 cycle=10839 time=6.134522e-01 dt=5.486599e-05
elapsed=1.213251e+04 cycle=10840 time=6.135071e-01 dt=5.486631e-05
elapsed=1.213349e+04 cycle=10841 time=6.135620e-01 dt=5.486664e-05
elapsed=1.213444e+04 cycle=10842 time=6.136168e-01 dt=5.486697e-05
elapsed=1.213542e+04 cycle=10843 time=6.136717e-01 dt=5.486730e-05
elapsed=1.213640e+04 cycle=10844 time=6.137266e-01 dt=5.486764e-05
elapsed=1.213736e+04 cycle=10845 time=6.137814e-01 dt=5.486799e-05
elapsed=1.213833e+04 cycle=10846 time=6.138363e-01 dt=5.486835e-05
elapsed=1.213929e+04 cycle=10847 time=6.138912e-01 dt=5.486871e-05
elapsed=1.214040e+04 cycle=10848 time=6.139460e-01 dt=5.486906e-05
elapsed=1.214139e+04 cycle=10849 time=6.140009e-01 dt=5.486941e-05
elapsed=1.214235e+04 cycle=10850 time=6.140558e-01 dt=5.486975e-05
elapsed=1.214331e+04 cycle=10851 time=6.141106e-01 dt=5.487011e-05
elapsed=1.214428e+04 cycle=10852 time=6.141655e-01 dt=5.487047e-05
elapsed=1.214523e+04 cycle=10853 time=6.142204e-01 dt=5.487084e-05
elapsed=1.214617e+04 cycle=10854 time=6.142752e-01 dt=5.487121e-05
elapsed=1.214716e+04 cycle=10855 time=6.143301e-01 dt=5.487159e-05
elapsed=1.214811e+04 cycle=10856 time=6.143850e-01 dt=5.487196e-05
elapsed=1.214907e+04 cycle=10857 time=6.144399e-01 dt=5.487234e-05
elapsed=1.215004e+04 cycle=10858 time=6.144947e-01 dt=5.487272e-05
elapsed=1.215102e+04 cycle=10859 time=6.145496e-01 dt=5.487309e-05
elapsed=1.215198e+04 cycle=10860 time=6.146045e-01 dt=5.487346e-05
elapsed=1.215307e+04 cycle=10861 time=6.146594e-01 dt=5.487383e-05
elapsed=1.215402e+04 cycle=10862 time=6.147142e-01 dt=5.487419e-05
elapsed=1.215497e+04 cycle=10863 time=6.147691e-01 dt=5.487455e-05
elapsed=1.215593e+04 cycle=10864 time=6.148240e-01 dt=5.487491e-05
elapsed=1.215690e+04 cycle=10865 time=6.148788e-01 dt=5.487527e-05
elapsed=1.215785e+04 cycle=10866 time=6.149337e-01 dt=5.487563e-05
elapsed=1.215880e+04 cycle=10867 time=6.149886e-01 dt=5.487599e-05
elapsed=1.215977e+04 cycle=10868 time=6.150435e-01 dt=5.487635e-05
elapsed=1.216074e+04 cycle=10869 time=6.150984e-01 dt=5.487671e-05
elapsed=1.216170e+04 cycle=10870 time=6.151532e-01 dt=5.487708e-05
elapsed=1.216268e+04 cycle=10871 time=6.152081e-01 dt=5.487746e-05
elapsed=1.216363e+04 cycle=10872 time=6.152630e-01 dt=5.487783e-05
elapsed=1.216459e+04 cycle=10873 time=6.153179e-01 dt=5.487821e-05
elapsed=1.216557e+04 cycle=10874 time=6.153727e-01 dt=5.487858e-05
elapsed=1.216654e+04 cycle=10875 time=6.154276e-01 dt=5.487895e-05
elapsed=1.216752e+04 cycle=10876 time=6.154825e-01 dt=5.487932e-05
elapsed=1.216850e+04 cycle=10877 time=6.155374e-01 dt=5.487969e-05
elapsed=1.216947e+04 cycle=10878 time=6.155923e-01 dt=5.488006e-05
elapsed=1.217043e+04 cycle=10879 time=6.156471e-01 dt=5.488044e-05
elapsed=1.217142e+04 cycle=10880 time=6.157020e-01 dt=5.488081e-05
elapsed=1.217253e+04 cycle=10881 time=6.157569e-01 dt=5.488119e-05
elapsed=1.217349e+04 cycle=10882 time=6.158118e-01 dt=5.488156e-05
elapsed=1.217444e+04 cycle=10883 time=6.158667e-01 dt=5.488194e-05
elapsed=1.217555e+04 cycle=10884 time=6.159215e-01 dt=5.488232e-05
elapsed=1.217650e+04 cycle=10885 time=6.159764e-01 dt=5.488271e-05
elapsed=1.217747e+04 cycle=10886 time=6.160313e-01 dt=5.488311e-05
elapsed=1.217844e+04 cycle=10887 time=6.160862e-01 dt=5.488350e-05
elapsed=1.217941e+04 cycle=10888 time=6.161411e-01 dt=5.488391e-05
elapsed=1.218037e+04 cycle=10889 time=6.161960e-01 dt=5.488431e-05
elapsed=1.218132e+04 cycle=10890 time=6.162508e-01 dt=5.488472e-05
elapsed=1.218227e+04 cycle=10891 time=6.163057e-01 dt=5.488512e-05
elapsed=1.218322e+04 cycle=10892 time=6.163606e-01 dt=5.488552e-05
elapsed=1.218420e+04 cycle=10893 time=6.164155e-01 dt=5.488479e-05
elapsed=1.218529e+04 cycle=10894 time=6.164704e-01 dt=5.488358e-05
elapsed=1.218626e+04 cycle=10895 time=6.165253e-01 dt=5.488238e-05
elapsed=1.218724e+04 cycle=10896 time=6.165801e-01 dt=5.488118e-05
elapsed=1.218822e+04 cycle=10897 time=6.166350e-01 dt=5.487998e-05
elapsed=1.218917e+04 cycle=10898 time=6.166899e-01 dt=5.487878e-05
elapsed=1.219014e+04 cycle=10899 time=6.167448e-01 dt=5.487759e-05
elapsed=1.219111e+04 cycle=10900 time=6.167997e-01 dt=5.487640e-05
elapsed=1.219207e+04 cycle=10901 time=6.168545e-01 dt=5.487522e-05
elapsed=1.219304e+04 cycle=10902 time=6.169094e-01 dt=5.487404e-05
elapsed=1.219401e+04 cycle=10903 time=6.169643e-01 dt=5.487285e-05
elapsed=1.219497e+04 cycle=10904 time=6.170192e-01 dt=5.487166e-05
elapsed=1.219609e+04 cycle=10905 time=6.170740e-01 dt=5.487047e-05
elapsed=1.219707e+04 cycle=10906 time=6.171289e-01 dt=5.486929e-05
elapsed=1.219801e+04 cycle=10907 time=6.171838e-01 dt=5.486810e-05
elapsed=1.219896e+04 cycle=10908 time=6.172386e-01 dt=5.486692e-05
elapsed=1.219993e+04 cycle=10909 time=6.172935e-01 dt=5.486574e-05
elapsed=1.220089e+04 cycle=10910 time=6.173484e-01 dt=5.486455e-05
elapsed=1.220187e+04 cycle=10911 time=6.174032e-01 dt=5.486336e-05
elapsed=1.220281e+04 cycle=10912 time=6.174581e-01 dt=5.486216e-05
elapsed=1.220377e+04 cycle=10913 time=6.175130e-01 dt=5.486096e-05
elapsed=1.220474e+04 cycle=10914 time=6.175678e-01 dt=5.485978e-05
elapsed=1.220569e+04 cycle=10915 time=6.176227e-01 dt=5.485861e-05
elapsed=1.220664e+04 cycle=10916 time=6.176775e-01 dt=5.485743e-05
elapsed=1.220758e+04 cycle=10917 time=6.177324e-01 dt=5.485625e-05
elapsed=1.220855e+04 cycle=10918 time=6.177873e-01 dt=5.485508e-05
elapsed=1.220967e+04 cycle=10919 time=6.178421e-01 dt=5.485391e-05
elapsed=1.221063e+04 cycle=10920 time=6.178970e-01 dt=5.485274e-05
elapsed=1.221158e+04 cycle=10921 time=6.179518e-01 dt=5.485156e-05
elapsed=1.221267e+04 cycle=10922 time=6.180067e-01 dt=5.485039e-05
elapsed=1.221363e+04 cycle=10923 time=6.180615e-01 dt=5.484922e-05
elapsed=1.221460e+04 cycle=10924 time=6.181164e-01 dt=5.484805e-05
elapsed=1.221558e+04 cycle=10925 time=6.181712e-01 dt=5.484689e-05
elapsed=1.221653e+04 cycle=10926 time=6.182261e-01 dt=5.484573e-05
elapsed=1.221749e+04 cycle=10927 time=6.182809e-01 dt=5.484459e-05
elapsed=1.221845e+04 cycle=10928 time=6.183358e-01 dt=5.484345e-05
elapsed=1.221943e+04 cycle=10929 time=6.183906e-01 dt=5.484229e-05
elapsed=1.222040e+04 cycle=10930 time=6.184454e-01 dt=5.484114e-05
elapsed=1.222135e+04 cycle=10931 time=6.185003e-01 dt=5.483998e-05
elapsed=1.222230e+04 cycle=10932 time=6.185551e-01 dt=5.483882e-05
elapsed=1.222326e+04 cycle=10933 time=6.186100e-01 dt=5.483765e-05
elapsed=1.222421e+04 cycle=10934 time=6.186648e-01 dt=5.483647e-05
elapsed=1.222532e+04 cycle=10935 time=6.187196e-01 dt=5.483530e-05
elapsed=1.222629e+04 cycle=10936 time=6.187745e-01 dt=5.483413e-05
elapsed=1.222738e+04 cycle=10937 time=6.188293e-01 dt=5.483298e-05
elapsed=1.222849e+04 cycle=10938 time=6.188841e-01 dt=5.483184e-05
elapsed=1.222947e+04 cycle=10939 time=6.189390e-01 dt=5.483069e-05
elapsed=1.223043e+04 cycle=10940 time=6.189938e-01 dt=5.482953e-05
elapsed=1.223138e+04 cycle=10941 time=6.190486e-01 dt=5.482837e-05
elapsed=1.223234e+04 cycle=10942 time=6.191035e-01 dt=5.482720e-05
elapsed=1.223344e+04 cycle=10943 time=6.191583e-01 dt=5.482602e-05
elapsed=1.223441e+04 cycle=10944 time=6.192131e-01 dt=5.482484e-05
elapsed=1.223537e+04 cycle=10945 time=6.192679e-01 dt=5.482366e-05
elapsed=1.223633e+04 cycle=10946 time=6.193228e-01 dt=5.482249e-05
elapsed=1.223728e+04 cycle=10947 time=6.193776e-01 dt=5.482133e-05
elapsed=1.223823e+04 cycle=10948 time=6.194324e-01 dt=5.482016e-05
elapsed=1.223919e+04 cycle=10949 time=6.194872e-01 dt=5.481900e-05
elapsed=1.224014e+04 cycle=10950 time=6.195420e-01 dt=5.481783e-05
elapsed=1.224125e+04 cycle=10951 time=6.195969e-01 dt=5.481668e-05
elapsed=1.224222e+04 cycle=10952 time=6.196517e-01 dt=5.481553e-05
elapsed=1.224320e+04 cycle=10953 time=6.197065e-01 dt=5.481438e-05
elapsed=1.224415e+04 cycle=10954 time=6.197613e-01 dt=5.481322e-05
elapsed=1.224513e+04 cycle=10955 time=6.198161e-01 dt=5.481208e-05
elapsed=1.224609e+04 cycle=10956 time=6.198709e-01 dt=5.481094e-05
elapsed=1.224707e+04 cycle=10957 time=6.199257e-01 dt=5.480979e-05
elapsed=1.224805e+04 cycle=10958 time=6.199806e-01 dt=5.480865e-05
[Tue Dec 30 09:19:10 EST 2025] Found 11 bin files, deleting 1 oldest...
[Tue Dec 30 09:19:12 EST 2025] Kept 10 most recent bin files.
elapsed=1.226982e+04 cycle=10959 time=6.200354e-01 dt=5.480752e-05
elapsed=1.227080e+04 cycle=10960 time=6.200902e-01 dt=5.480638e-05
elapsed=1.227176e+04 cycle=10961 time=6.201450e-01 dt=5.480525e-05
elapsed=1.227271e+04 cycle=10962 time=6.201998e-01 dt=5.480413e-05
elapsed=1.227369e+04 cycle=10963 time=6.202546e-01 dt=5.480301e-05
elapsed=1.227478e+04 cycle=10964 time=6.203094e-01 dt=5.480190e-05
elapsed=1.227573e+04 cycle=10965 time=6.203642e-01 dt=5.480079e-05
elapsed=1.227684e+04 cycle=10966 time=6.204190e-01 dt=5.479970e-05
elapsed=1.227781e+04 cycle=10967 time=6.204738e-01 dt=5.479862e-05
elapsed=1.227878e+04 cycle=10968 time=6.205286e-01 dt=5.479755e-05
elapsed=1.227974e+04 cycle=10969 time=6.205834e-01 dt=5.479650e-05
elapsed=1.228085e+04 cycle=10970 time=6.206382e-01 dt=5.479545e-05
elapsed=1.228181e+04 cycle=10971 time=6.206930e-01 dt=5.479439e-05
elapsed=1.228277e+04 cycle=10972 time=6.207478e-01 dt=5.479335e-05
elapsed=1.228373e+04 cycle=10973 time=6.208026e-01 dt=5.479231e-05
elapsed=1.228484e+04 cycle=10974 time=6.208574e-01 dt=5.479127e-05
elapsed=1.228579e+04 cycle=10975 time=6.209122e-01 dt=5.479025e-05
elapsed=1.228674e+04 cycle=10976 time=6.209669e-01 dt=5.478922e-05
elapsed=1.228770e+04 cycle=10977 time=6.210217e-01 dt=5.478819e-05
elapsed=1.228867e+04 cycle=10978 time=6.210765e-01 dt=5.478716e-05
elapsed=1.228963e+04 cycle=10979 time=6.211313e-01 dt=5.478613e-05
elapsed=1.229060e+04 cycle=10980 time=6.211861e-01 dt=5.478510e-05
elapsed=1.229156e+04 cycle=10981 time=6.212409e-01 dt=5.478406e-05
elapsed=1.229251e+04 cycle=10982 time=6.212957e-01 dt=5.478303e-05
elapsed=1.229348e+04 cycle=10983 time=6.213504e-01 dt=5.478200e-05
elapsed=1.229443e+04 cycle=10984 time=6.214052e-01 dt=5.478097e-05
elapsed=1.229539e+04 cycle=10985 time=6.214600e-01 dt=5.477996e-05
elapsed=1.229634e+04 cycle=10986 time=6.215148e-01 dt=5.477896e-05
elapsed=1.229729e+04 cycle=10987 time=6.215696e-01 dt=5.477796e-05
elapsed=1.229828e+04 cycle=10988 time=6.216243e-01 dt=5.477696e-05
elapsed=1.229923e+04 cycle=10989 time=6.216791e-01 dt=5.477596e-05
elapsed=1.230019e+04 cycle=10990 time=6.217339e-01 dt=5.477496e-05
elapsed=1.230115e+04 cycle=10991 time=6.217887e-01 dt=5.477396e-05
elapsed=1.230212e+04 cycle=10992 time=6.218434e-01 dt=5.477295e-05
elapsed=1.230310e+04 cycle=10993 time=6.218982e-01 dt=5.477195e-05
elapsed=1.230406e+04 cycle=10994 time=6.219530e-01 dt=5.477094e-05
elapsed=1.230503e+04 cycle=10995 time=6.220078e-01 dt=5.476994e-05
elapsed=1.230612e+04 cycle=10996 time=6.220625e-01 dt=5.476894e-05
elapsed=1.230708e+04 cycle=10997 time=6.221173e-01 dt=5.476793e-05
elapsed=1.230806e+04 cycle=10998 time=6.221721e-01 dt=5.476694e-05
elapsed=1.230904e+04 cycle=10999 time=6.222268e-01 dt=5.476595e-05
elapsed=1.231001e+04 cycle=11000 time=6.222816e-01 dt=5.476496e-05
elapsed=1.231098e+04 cycle=11001 time=6.223364e-01 dt=5.476398e-05
elapsed=1.231207e+04 cycle=11002 time=6.223911e-01 dt=5.476299e-05
elapsed=1.231302e+04 cycle=11003 time=6.224459e-01 dt=5.476201e-05
elapsed=1.231398e+04 cycle=11004 time=6.225007e-01 dt=5.476103e-05
elapsed=1.231493e+04 cycle=11005 time=6.225554e-01 dt=5.476003e-05
elapsed=1.231590e+04 cycle=11006 time=6.226102e-01 dt=5.475902e-05
elapsed=1.231686e+04 cycle=11007 time=6.226649e-01 dt=5.475800e-05
elapsed=1.231781e+04 cycle=11008 time=6.227197e-01 dt=5.475699e-05
elapsed=1.231876e+04 cycle=11009 time=6.227744e-01 dt=5.475598e-05
elapsed=1.231974e+04 cycle=11010 time=6.228292e-01 dt=5.475497e-05
elapsed=1.232073e+04 cycle=11011 time=6.228840e-01 dt=5.475395e-05
elapsed=1.232170e+04 cycle=11012 time=6.229387e-01 dt=5.475294e-05
elapsed=1.232268e+04 cycle=11013 time=6.229935e-01 dt=5.475193e-05
elapsed=1.232365e+04 cycle=11014 time=6.230482e-01 dt=5.475091e-05
elapsed=1.232462e+04 cycle=11015 time=6.231030e-01 dt=5.474990e-05
elapsed=1.232559e+04 cycle=11016 time=6.231577e-01 dt=5.474888e-05
elapsed=1.232657e+04 cycle=11017 time=6.232125e-01 dt=5.474786e-05
elapsed=1.232754e+04 cycle=11018 time=6.232672e-01 dt=5.474685e-05
elapsed=1.232851e+04 cycle=11019 time=6.233220e-01 dt=5.474584e-05
elapsed=1.232946e+04 cycle=11020 time=6.233767e-01 dt=5.474483e-05
elapsed=1.233055e+04 cycle=11021 time=6.234315e-01 dt=5.474383e-05
elapsed=1.233166e+04 cycle=11022 time=6.234862e-01 dt=5.474283e-05
elapsed=1.233263e+04 cycle=11023 time=6.235409e-01 dt=5.474184e-05
elapsed=1.233359e+04 cycle=11024 time=6.235957e-01 dt=5.474086e-05
elapsed=1.233457e+04 cycle=11025 time=6.236504e-01 dt=5.473988e-05
elapsed=1.233555e+04 cycle=11026 time=6.237052e-01 dt=5.473889e-05
elapsed=1.233654e+04 cycle=11027 time=6.237599e-01 dt=5.473788e-05
elapsed=1.233752e+04 cycle=11028 time=6.238146e-01 dt=5.473689e-05
elapsed=1.233847e+04 cycle=11029 time=6.238694e-01 dt=5.473589e-05
elapsed=1.233945e+04 cycle=11030 time=6.239241e-01 dt=5.473487e-05
elapsed=1.234041e+04 cycle=11031 time=6.239788e-01 dt=5.473385e-05
elapsed=1.234137e+04 cycle=11032 time=6.240336e-01 dt=5.473283e-05
elapsed=1.234235e+04 cycle=11033 time=6.240883e-01 dt=5.473181e-05
elapsed=1.234330e+04 cycle=11034 time=6.241430e-01 dt=5.473079e-05
elapsed=1.234439e+04 cycle=11035 time=6.241978e-01 dt=5.472978e-05
elapsed=1.234535e+04 cycle=11036 time=6.242525e-01 dt=5.472877e-05
elapsed=1.234633e+04 cycle=11037 time=6.243072e-01 dt=5.472776e-05
elapsed=1.234728e+04 cycle=11038 time=6.243620e-01 dt=5.472676e-05
elapsed=1.234824e+04 cycle=11039 time=6.244167e-01 dt=5.472576e-05
elapsed=1.234922e+04 cycle=11040 time=6.244714e-01 dt=5.472477e-05
elapsed=1.235021e+04 cycle=11041 time=6.245261e-01 dt=5.472378e-05
elapsed=1.235118e+04 cycle=11042 time=6.245809e-01 dt=5.472279e-05
elapsed=1.235213e+04 cycle=11043 time=6.246356e-01 dt=5.472181e-05
elapsed=1.235311e+04 cycle=11044 time=6.246903e-01 dt=5.472082e-05
elapsed=1.235406e+04 cycle=11045 time=6.247450e-01 dt=5.471985e-05
elapsed=1.235500e+04 cycle=11046 time=6.247998e-01 dt=5.471887e-05
elapsed=1.235595e+04 cycle=11047 time=6.248545e-01 dt=5.471790e-05
elapsed=1.235692e+04 cycle=11048 time=6.249092e-01 dt=5.471692e-05
elapsed=1.235790e+04 cycle=11049 time=6.249639e-01 dt=5.471594e-05
elapsed=1.235888e+04 cycle=11050 time=6.250186e-01 dt=5.471497e-05
elapsed=1.235983e+04 cycle=11051 time=6.250733e-01 dt=5.471399e-05
elapsed=1.236080e+04 cycle=11052 time=6.251280e-01 dt=5.471301e-05
elapsed=1.236175e+04 cycle=11053 time=6.251828e-01 dt=5.471203e-05
elapsed=1.236271e+04 cycle=11054 time=6.252375e-01 dt=5.471106e-05
elapsed=1.236366e+04 cycle=11055 time=6.252922e-01 dt=5.471010e-05
elapsed=1.236463e+04 cycle=11056 time=6.253469e-01 dt=5.470913e-05
elapsed=1.236561e+04 cycle=11057 time=6.254016e-01 dt=5.470816e-05
elapsed=1.236658e+04 cycle=11058 time=6.254563e-01 dt=5.470719e-05
elapsed=1.236753e+04 cycle=11059 time=6.255110e-01 dt=5.470624e-05
elapsed=1.236849e+04 cycle=11060 time=6.255657e-01 dt=5.470529e-05
elapsed=1.236960e+04 cycle=11061 time=6.256204e-01 dt=5.470435e-05
elapsed=1.237057e+04 cycle=11062 time=6.256751e-01 dt=5.470341e-05
elapsed=1.237154e+04 cycle=11063 time=6.257298e-01 dt=5.470247e-05
elapsed=1.237251e+04 cycle=11064 time=6.257845e-01 dt=5.470153e-05
elapsed=1.237346e+04 cycle=11065 time=6.258392e-01 dt=5.470060e-05
elapsed=1.237444e+04 cycle=11066 time=6.258939e-01 dt=5.469966e-05
elapsed=1.237539e+04 cycle=11067 time=6.259486e-01 dt=5.469872e-05
elapsed=1.237637e+04 cycle=11068 time=6.260033e-01 dt=5.469779e-05
elapsed=1.237734e+04 cycle=11069 time=6.260580e-01 dt=5.469686e-05
elapsed=1.237843e+04 cycle=11070 time=6.261127e-01 dt=5.469595e-05
elapsed=1.237938e+04 cycle=11071 time=6.261674e-01 dt=5.469503e-05
elapsed=1.238033e+04 cycle=11072 time=6.262221e-01 dt=5.469411e-05
elapsed=1.238128e+04 cycle=11073 time=6.262768e-01 dt=5.469319e-05
elapsed=1.238224e+04 cycle=11074 time=6.263315e-01 dt=5.469228e-05
elapsed=1.238321e+04 cycle=11075 time=6.263862e-01 dt=5.469138e-05
elapsed=1.238415e+04 cycle=11076 time=6.264409e-01 dt=5.469048e-05
elapsed=1.238510e+04 cycle=11077 time=6.264956e-01 dt=5.468958e-05
elapsed=1.238607e+04 cycle=11078 time=6.265503e-01 dt=5.468868e-05
elapsed=1.238703e+04 cycle=11079 time=6.266050e-01 dt=5.468777e-05
elapsed=1.238798e+04 cycle=11080 time=6.266597e-01 dt=5.468686e-05
elapsed=1.238893e+04 cycle=11081 time=6.267143e-01 dt=5.468595e-05
elapsed=1.238989e+04 cycle=11082 time=6.267690e-01 dt=5.468505e-05
elapsed=1.239085e+04 cycle=11083 time=6.268237e-01 dt=5.468417e-05
elapsed=1.239180e+04 cycle=11084 time=6.268784e-01 dt=5.468328e-05
elapsed=1.239277e+04 cycle=11085 time=6.269331e-01 dt=5.468239e-05
elapsed=1.239373e+04 cycle=11086 time=6.269878e-01 dt=5.468148e-05
elapsed=1.239470e+04 cycle=11087 time=6.270424e-01 dt=5.468058e-05
elapsed=1.239566e+04 cycle=11088 time=6.270971e-01 dt=5.467967e-05
elapsed=1.239662e+04 cycle=11089 time=6.271518e-01 dt=5.467876e-05
elapsed=1.239756e+04 cycle=11090 time=6.272065e-01 dt=5.467786e-05
elapsed=1.239853e+04 cycle=11091 time=6.272612e-01 dt=5.467695e-05
elapsed=1.239949e+04 cycle=11092 time=6.273158e-01 dt=5.467605e-05
elapsed=1.240045e+04 cycle=11093 time=6.273705e-01 dt=5.467514e-05
elapsed=1.240140e+04 cycle=11094 time=6.274252e-01 dt=5.467425e-05
elapsed=1.240250e+04 cycle=11095 time=6.274799e-01 dt=5.467336e-05
elapsed=1.240345e+04 cycle=11096 time=6.275345e-01 dt=5.467247e-05
elapsed=1.240440e+04 cycle=11097 time=6.275892e-01 dt=5.467159e-05
elapsed=1.240551e+04 cycle=11098 time=6.276439e-01 dt=5.467072e-05
elapsed=1.240648e+04 cycle=11099 time=6.276986e-01 dt=5.466984e-05
elapsed=1.240743e+04 cycle=11100 time=6.277532e-01 dt=5.466897e-05
elapsed=1.240840e+04 cycle=11101 time=6.278079e-01 dt=5.466810e-05
elapsed=1.240936e+04 cycle=11102 time=6.278626e-01 dt=5.466722e-05
elapsed=1.241032e+04 cycle=11103 time=6.279172e-01 dt=5.466635e-05
elapsed=1.241129e+04 cycle=11104 time=6.279719e-01 dt=5.466547e-05
elapsed=1.241227e+04 cycle=11105 time=6.280266e-01 dt=5.466460e-05
elapsed=1.241325e+04 cycle=11106 time=6.280812e-01 dt=5.466372e-05
elapsed=1.241423e+04 cycle=11107 time=6.281359e-01 dt=5.466285e-05
elapsed=1.241517e+04 cycle=11108 time=6.281905e-01 dt=5.466196e-05
elapsed=1.241614e+04 cycle=11109 time=6.282452e-01 dt=5.466107e-05
elapsed=1.241723e+04 cycle=11110 time=6.282999e-01 dt=5.466016e-05
elapsed=1.241821e+04 cycle=11111 time=6.283545e-01 dt=5.465927e-05
elapsed=1.241917e+04 cycle=11112 time=6.284092e-01 dt=5.465838e-05
elapsed=1.242014e+04 cycle=11113 time=6.284638e-01 dt=5.465750e-05
elapsed=1.242109e+04 cycle=11114 time=6.285185e-01 dt=5.465661e-05
elapsed=1.242206e+04 cycle=11115 time=6.285732e-01 dt=5.465572e-05
elapsed=1.242303e+04 cycle=11116 time=6.286278e-01 dt=5.465483e-05
elapsed=1.242401e+04 cycle=11117 time=6.286825e-01 dt=5.465395e-05
elapsed=1.242496e+04 cycle=11118 time=6.287371e-01 dt=5.465306e-05
elapsed=1.242593e+04 cycle=11119 time=6.287918e-01 dt=5.465218e-05
elapsed=1.242689e+04 cycle=11120 time=6.288464e-01 dt=5.465130e-05
elapsed=1.242787e+04 cycle=11121 time=6.289011e-01 dt=5.465042e-05
elapsed=1.242885e+04 cycle=11122 time=6.289557e-01 dt=5.464955e-05
elapsed=1.242996e+04 cycle=11123 time=6.290104e-01 dt=5.464869e-05
elapsed=1.243093e+04 cycle=11124 time=6.290650e-01 dt=5.464785e-05
elapsed=1.243204e+04 cycle=11125 time=6.291197e-01 dt=5.464701e-05
elapsed=1.243301e+04 cycle=11126 time=6.291743e-01 dt=5.464618e-05
elapsed=1.243399e+04 cycle=11127 time=6.292290e-01 dt=5.464534e-05
elapsed=1.243496e+04 cycle=11128 time=6.292836e-01 dt=5.464450e-05
elapsed=1.243605e+04 cycle=11129 time=6.293383e-01 dt=5.464366e-05
elapsed=1.243703e+04 cycle=11130 time=6.293929e-01 dt=5.464281e-05
elapsed=1.243799e+04 cycle=11131 time=6.294476e-01 dt=5.464197e-05
elapsed=1.243894e+04 cycle=11132 time=6.295022e-01 dt=5.464112e-05
elapsed=1.243990e+04 cycle=11133 time=6.295568e-01 dt=5.464027e-05
elapsed=1.244088e+04 cycle=11134 time=6.296115e-01 dt=5.463942e-05
elapsed=1.244183e+04 cycle=11135 time=6.296661e-01 dt=5.463857e-05
elapsed=1.244293e+04 cycle=11136 time=6.297208e-01 dt=5.463771e-05
elapsed=1.244390e+04 cycle=11137 time=6.297754e-01 dt=5.463684e-05
elapsed=1.244488e+04 cycle=11138 time=6.298300e-01 dt=5.463598e-05
elapsed=1.244583e+04 cycle=11139 time=6.298847e-01 dt=5.463513e-05
elapsed=1.244679e+04 cycle=11140 time=6.299393e-01 dt=5.463428e-05
elapsed=1.244774e+04 cycle=11141 time=6.299939e-01 dt=5.463343e-05
elapsed=1.246824e+04 cycle=11142 time=6.300486e-01 dt=5.463259e-05
elapsed=1.246920e+04 cycle=11143 time=6.301032e-01 dt=5.463175e-05
elapsed=1.247016e+04 cycle=11144 time=6.301578e-01 dt=5.463090e-05
elapsed=1.247113e+04 cycle=11145 time=6.302125e-01 dt=5.463006e-05
elapsed=1.247208e+04 cycle=11146 time=6.302671e-01 dt=5.462922e-05
elapsed=1.247303e+04 cycle=11147 time=6.303217e-01 dt=5.462837e-05
elapsed=1.247397e+04 cycle=11148 time=6.303763e-01 dt=5.462753e-05
elapsed=1.247496e+04 cycle=11149 time=6.304310e-01 dt=5.462669e-05
elapsed=1.247594e+04 cycle=11150 time=6.304856e-01 dt=5.462585e-05
elapsed=1.247690e+04 cycle=11151 time=6.305402e-01 dt=5.462502e-05
elapsed=1.247784e+04 cycle=11152 time=6.305949e-01 dt=5.462419e-05
elapsed=1.247881e+04 cycle=11153 time=6.306495e-01 dt=5.462336e-05
elapsed=1.247978e+04 cycle=11154 time=6.307041e-01 dt=5.462253e-05
elapsed=1.248075e+04 cycle=11155 time=6.307587e-01 dt=5.462169e-05
elapsed=1.248172e+04 cycle=11156 time=6.308133e-01 dt=5.462088e-05
elapsed=1.248268e+04 cycle=11157 time=6.308680e-01 dt=5.462008e-05
elapsed=1.248367e+04 cycle=11158 time=6.309226e-01 dt=5.461929e-05
elapsed=1.248463e+04 cycle=11159 time=6.309772e-01 dt=5.461850e-05
elapsed=1.248560e+04 cycle=11160 time=6.310318e-01 dt=5.461773e-05
elapsed=1.248658e+04 cycle=11161 time=6.310864e-01 dt=5.461697e-05
elapsed=1.248755e+04 cycle=11162 time=6.311411e-01 dt=5.461619e-05
elapsed=1.248853e+04 cycle=11163 time=6.311957e-01 dt=5.461542e-05
elapsed=1.248950e+04 cycle=11164 time=6.312503e-01 dt=5.461466e-05
elapsed=1.249059e+04 cycle=11165 time=6.313049e-01 dt=5.461390e-05
elapsed=1.249157e+04 cycle=11166 time=6.313595e-01 dt=5.461315e-05
elapsed=1.249252e+04 cycle=11167 time=6.314141e-01 dt=5.461240e-05
elapsed=1.249347e+04 cycle=11168 time=6.314687e-01 dt=5.461165e-05
elapsed=1.249443e+04 cycle=11169 time=6.315234e-01 dt=5.461089e-05
elapsed=1.249539e+04 cycle=11170 time=6.315780e-01 dt=5.461013e-05
elapsed=1.249634e+04 cycle=11171 time=6.316326e-01 dt=5.460936e-05
elapsed=1.249732e+04 cycle=11172 time=6.316872e-01 dt=5.460860e-05
elapsed=1.249829e+04 cycle=11173 time=6.317418e-01 dt=5.460783e-05
elapsed=1.249924e+04 cycle=11174 time=6.317964e-01 dt=5.460708e-05
elapsed=1.250021e+04 cycle=11175 time=6.318510e-01 dt=5.460633e-05
elapsed=1.250118e+04 cycle=11176 time=6.319056e-01 dt=5.460559e-05
elapsed=1.250216e+04 cycle=11177 time=6.319602e-01 dt=5.460484e-05
[Tue Dec 30 09:23:12 EST 2025] Found 11 bin files, deleting 1 oldest...
elapsed=1.250312e+04 cycle=11178 time=6.320148e-01 dt=5.460409e-05
elapsed=1.250409e+04 cycle=11179 time=6.320694e-01 dt=5.460335e-05
[Tue Dec 30 09:23:14 EST 2025] Kept 10 most recent bin files.
elapsed=1.250506e+04 cycle=11180 time=6.321240e-01 dt=5.460263e-05
elapsed=1.250604e+04 cycle=11181 time=6.321786e-01 dt=5.460191e-05
elapsed=1.250700e+04 cycle=11182 time=6.322332e-01 dt=5.460118e-05
elapsed=1.250797e+04 cycle=11183 time=6.322878e-01 dt=5.460046e-05
elapsed=1.250891e+04 cycle=11184 time=6.323424e-01 dt=5.459974e-05
elapsed=1.250989e+04 cycle=11185 time=6.323970e-01 dt=5.459902e-05
elapsed=1.251101e+04 cycle=11186 time=6.324516e-01 dt=5.459830e-05
elapsed=1.251199e+04 cycle=11187 time=6.325062e-01 dt=5.459759e-05
elapsed=1.251293e+04 cycle=11188 time=6.325608e-01 dt=5.459687e-05
elapsed=1.251388e+04 cycle=11189 time=6.326154e-01 dt=5.459616e-05
elapsed=1.251485e+04 cycle=11190 time=6.326700e-01 dt=5.459544e-05
elapsed=1.251579e+04 cycle=11191 time=6.327246e-01 dt=5.459471e-05
elapsed=1.251675e+04 cycle=11192 time=6.327792e-01 dt=5.459398e-05
elapsed=1.251773e+04 cycle=11193 time=6.328338e-01 dt=5.459325e-05
elapsed=1.251871e+04 cycle=11194 time=6.328884e-01 dt=5.459255e-05
elapsed=1.251968e+04 cycle=11195 time=6.329430e-01 dt=5.459185e-05
elapsed=1.252064e+04 cycle=11196 time=6.329976e-01 dt=5.459116e-05
elapsed=1.252174e+04 cycle=11197 time=6.330522e-01 dt=5.459046e-05
elapsed=1.252272e+04 cycle=11198 time=6.331068e-01 dt=5.458976e-05
elapsed=1.252369e+04 cycle=11199 time=6.331614e-01 dt=5.458907e-05
elapsed=1.252466e+04 cycle=11200 time=6.332160e-01 dt=5.458837e-05
elapsed=1.252561e+04 cycle=11201 time=6.332705e-01 dt=5.458767e-05
elapsed=1.252658e+04 cycle=11202 time=6.333251e-01 dt=5.458697e-05
elapsed=1.252754e+04 cycle=11203 time=6.333797e-01 dt=5.458629e-05
elapsed=1.252851e+04 cycle=11204 time=6.334343e-01 dt=5.458562e-05
elapsed=1.252945e+04 cycle=11205 time=6.334889e-01 dt=5.458495e-05
elapsed=1.253055e+04 cycle=11206 time=6.335435e-01 dt=5.458428e-05
elapsed=1.253149e+04 cycle=11207 time=6.335981e-01 dt=5.458360e-05
elapsed=1.253246e+04 cycle=11208 time=6.336526e-01 dt=5.458293e-05
elapsed=1.253344e+04 cycle=11209 time=6.337072e-01 dt=5.458227e-05
elapsed=1.253439e+04 cycle=11210 time=6.337618e-01 dt=5.458160e-05
elapsed=1.253535e+04 cycle=11211 time=6.338164e-01 dt=5.458093e-05
elapsed=1.253630e+04 cycle=11212 time=6.338710e-01 dt=5.458027e-05
elapsed=1.253727e+04 cycle=11213 time=6.339255e-01 dt=5.457963e-05
elapsed=1.253824e+04 cycle=11214 time=6.339801e-01 dt=5.457900e-05
elapsed=1.253922e+04 cycle=11215 time=6.340347e-01 dt=5.457838e-05
elapsed=1.254019e+04 cycle=11216 time=6.340893e-01 dt=5.457775e-05
elapsed=1.254117e+04 cycle=11217 time=6.341439e-01 dt=5.457712e-05
elapsed=1.254213e+04 cycle=11218 time=6.341984e-01 dt=5.457649e-05
elapsed=1.254310e+04 cycle=11219 time=6.342530e-01 dt=5.457587e-05
elapsed=1.254408e+04 cycle=11220 time=6.343076e-01 dt=5.457524e-05
elapsed=1.254503e+04 cycle=11221 time=6.343622e-01 dt=5.457461e-05
elapsed=1.254602e+04 cycle=11222 time=6.344167e-01 dt=5.457398e-05
elapsed=1.254698e+04 cycle=11223 time=6.344713e-01 dt=5.457336e-05
elapsed=1.254793e+04 cycle=11224 time=6.345259e-01 dt=5.457273e-05
elapsed=1.254889e+04 cycle=11225 time=6.345805e-01 dt=5.457210e-05
elapsed=1.254986e+04 cycle=11226 time=6.346350e-01 dt=5.457147e-05
elapsed=1.255083e+04 cycle=11227 time=6.346896e-01 dt=5.457083e-05
elapsed=1.255179e+04 cycle=11228 time=6.347442e-01 dt=5.457020e-05
elapsed=1.255275e+04 cycle=11229 time=6.347987e-01 dt=5.456956e-05
elapsed=1.255370e+04 cycle=11230 time=6.348533e-01 dt=5.456893e-05
elapsed=1.255467e+04 cycle=11231 time=6.349079e-01 dt=5.456829e-05
elapsed=1.255561e+04 cycle=11232 time=6.349625e-01 dt=5.456766e-05
elapsed=1.255658e+04 cycle=11233 time=6.350170e-01 dt=5.456705e-05
elapsed=1.255755e+04 cycle=11234 time=6.350716e-01 dt=5.456643e-05
elapsed=1.255849e+04 cycle=11235 time=6.351262e-01 dt=5.456583e-05
elapsed=1.255948e+04 cycle=11236 time=6.351807e-01 dt=5.456523e-05
elapsed=1.256045e+04 cycle=11237 time=6.352353e-01 dt=5.456462e-05
elapsed=1.256141e+04 cycle=11238 time=6.352898e-01 dt=5.456402e-05
elapsed=1.256238e+04 cycle=11239 time=6.353444e-01 dt=5.456341e-05
elapsed=1.256336e+04 cycle=11240 time=6.353990e-01 dt=5.456280e-05
elapsed=1.256432e+04 cycle=11241 time=6.354535e-01 dt=5.456217e-05
elapsed=1.256527e+04 cycle=11242 time=6.355081e-01 dt=5.456154e-05
elapsed=1.256621e+04 cycle=11243 time=6.355627e-01 dt=5.456092e-05
elapsed=1.256720e+04 cycle=11244 time=6.356172e-01 dt=5.456030e-05
elapsed=1.256816e+04 cycle=11245 time=6.356718e-01 dt=5.455968e-05
elapsed=1.256914e+04 cycle=11246 time=6.357263e-01 dt=5.455906e-05
elapsed=1.257011e+04 cycle=11247 time=6.357809e-01 dt=5.455845e-05
elapsed=1.257107e+04 cycle=11248 time=6.358355e-01 dt=5.455782e-05
elapsed=1.257218e+04 cycle=11249 time=6.358900e-01 dt=5.455720e-05
elapsed=1.257315e+04 cycle=11250 time=6.359446e-01 dt=5.455658e-05
elapsed=1.257409e+04 cycle=11251 time=6.359991e-01 dt=5.455596e-05
elapsed=1.257504e+04 cycle=11252 time=6.360537e-01 dt=5.455535e-05
elapsed=1.257599e+04 cycle=11253 time=6.361082e-01 dt=5.455475e-05
elapsed=1.257693e+04 cycle=11254 time=6.361628e-01 dt=5.455415e-05
elapsed=1.257790e+04 cycle=11255 time=6.362174e-01 dt=5.455355e-05
elapsed=1.257885e+04 cycle=11256 time=6.362719e-01 dt=5.455294e-05
elapsed=1.257982e+04 cycle=11257 time=6.363265e-01 dt=5.455234e-05
elapsed=1.258080e+04 cycle=11258 time=6.363810e-01 dt=5.455173e-05
elapsed=1.258176e+04 cycle=11259 time=6.364356e-01 dt=5.455112e-05
elapsed=1.258273e+04 cycle=11260 time=6.364901e-01 dt=5.455054e-05
elapsed=1.258369e+04 cycle=11261 time=6.365447e-01 dt=5.454996e-05
elapsed=1.258479e+04 cycle=11262 time=6.365992e-01 dt=5.454940e-05
elapsed=1.258575e+04 cycle=11263 time=6.366538e-01 dt=5.454884e-05
elapsed=1.258672e+04 cycle=11264 time=6.367083e-01 dt=5.454828e-05
elapsed=1.258767e+04 cycle=11265 time=6.367629e-01 dt=5.454773e-05
elapsed=1.258862e+04 cycle=11266 time=6.368174e-01 dt=5.454716e-05
elapsed=1.258956e+04 cycle=11267 time=6.368720e-01 dt=5.454659e-05
elapsed=1.259053e+04 cycle=11268 time=6.369265e-01 dt=5.454601e-05
elapsed=1.259151e+04 cycle=11269 time=6.369810e-01 dt=5.454543e-05
elapsed=1.259248e+04 cycle=11270 time=6.370356e-01 dt=5.454486e-05
elapsed=1.259346e+04 cycle=11271 time=6.370901e-01 dt=5.454429e-05
elapsed=1.259443e+04 cycle=11272 time=6.371447e-01 dt=5.454372e-05
elapsed=1.259553e+04 cycle=11273 time=6.371992e-01 dt=5.454314e-05
elapsed=1.259650e+04 cycle=11274 time=6.372538e-01 dt=5.454255e-05
elapsed=1.259747e+04 cycle=11275 time=6.373083e-01 dt=5.454197e-05
elapsed=1.259843e+04 cycle=11276 time=6.373629e-01 dt=5.454138e-05
elapsed=1.259940e+04 cycle=11277 time=6.374174e-01 dt=5.454081e-05
elapsed=1.260036e+04 cycle=11278 time=6.374719e-01 dt=5.454024e-05
elapsed=1.260145e+04 cycle=11279 time=6.375265e-01 dt=5.453968e-05
elapsed=1.260242e+04 cycle=11280 time=6.375810e-01 dt=5.453911e-05
elapsed=1.260339e+04 cycle=11281 time=6.376356e-01 dt=5.453854e-05
elapsed=1.260437e+04 cycle=11282 time=6.376901e-01 dt=5.453797e-05
elapsed=1.260535e+04 cycle=11283 time=6.377446e-01 dt=5.453741e-05
elapsed=1.260632e+04 cycle=11284 time=6.377992e-01 dt=5.453685e-05
elapsed=1.260743e+04 cycle=11285 time=6.378537e-01 dt=5.453629e-05
elapsed=1.260839e+04 cycle=11286 time=6.379082e-01 dt=5.453573e-05
elapsed=1.260936e+04 cycle=11287 time=6.379628e-01 dt=5.453517e-05
elapsed=1.261030e+04 cycle=11288 time=6.380173e-01 dt=5.453462e-05
elapsed=1.261125e+04 cycle=11289 time=6.380718e-01 dt=5.453406e-05
elapsed=1.261222e+04 cycle=11290 time=6.381264e-01 dt=5.453350e-05
elapsed=1.261318e+04 cycle=11291 time=6.381809e-01 dt=5.453294e-05
elapsed=1.261413e+04 cycle=11292 time=6.382354e-01 dt=5.453239e-05
elapsed=1.261508e+04 cycle=11293 time=6.382900e-01 dt=5.453184e-05
elapsed=1.261603e+04 cycle=11294 time=6.383445e-01 dt=5.453128e-05
elapsed=1.261698e+04 cycle=11295 time=6.383990e-01 dt=5.453073e-05
elapsed=1.261794e+04 cycle=11296 time=6.384536e-01 dt=5.453019e-05
elapsed=1.261892e+04 cycle=11297 time=6.385081e-01 dt=5.452966e-05
elapsed=1.261987e+04 cycle=11298 time=6.385626e-01 dt=5.452913e-05
elapsed=1.262083e+04 cycle=11299 time=6.386172e-01 dt=5.452861e-05
elapsed=1.262178e+04 cycle=11300 time=6.386717e-01 dt=5.452810e-05
elapsed=1.262273e+04 cycle=11301 time=6.387262e-01 dt=5.452759e-05
elapsed=1.262367e+04 cycle=11302 time=6.387807e-01 dt=5.452710e-05
elapsed=1.262466e+04 cycle=11303 time=6.388353e-01 dt=5.452660e-05
elapsed=1.262564e+04 cycle=11304 time=6.388898e-01 dt=5.452611e-05
elapsed=1.262673e+04 cycle=11305 time=6.389443e-01 dt=5.452562e-05
elapsed=1.262768e+04 cycle=11306 time=6.389989e-01 dt=5.452513e-05
elapsed=1.262879e+04 cycle=11307 time=6.390534e-01 dt=5.452463e-05
elapsed=1.262974e+04 cycle=11308 time=6.391079e-01 dt=5.452414e-05
elapsed=1.263069e+04 cycle=11309 time=6.391624e-01 dt=5.452366e-05
elapsed=1.263166e+04 cycle=11310 time=6.392170e-01 dt=5.452317e-05
elapsed=1.263261e+04 cycle=11311 time=6.392715e-01 dt=5.452271e-05
elapsed=1.263358e+04 cycle=11312 time=6.393260e-01 dt=5.452225e-05
elapsed=1.263454e+04 cycle=11313 time=6.393805e-01 dt=5.452181e-05
elapsed=1.263549e+04 cycle=11314 time=6.394350e-01 dt=5.452136e-05
elapsed=1.263643e+04 cycle=11315 time=6.394896e-01 dt=5.452093e-05
elapsed=1.263741e+04 cycle=11316 time=6.395441e-01 dt=5.452051e-05
elapsed=1.263837e+04 cycle=11317 time=6.395986e-01 dt=5.452011e-05
elapsed=1.263935e+04 cycle=11318 time=6.396531e-01 dt=5.451970e-05
elapsed=1.264033e+04 cycle=11319 time=6.397076e-01 dt=5.451929e-05
elapsed=1.264130e+04 cycle=11320 time=6.397622e-01 dt=5.451889e-05
elapsed=1.264239e+04 cycle=11321 time=6.398167e-01 dt=5.451848e-05
elapsed=1.264336e+04 cycle=11322 time=6.398712e-01 dt=5.451808e-05
elapsed=1.264434e+04 cycle=11323 time=6.399257e-01 dt=5.451768e-05
elapsed=1.264529e+04 cycle=11324 time=6.399802e-01 dt=5.451730e-05
elapsed=1.266572e+04 cycle=11325 time=6.400348e-01 dt=5.451692e-05
elapsed=1.266669e+04 cycle=11326 time=6.400893e-01 dt=5.451655e-05
elapsed=1.266764e+04 cycle=11327 time=6.401438e-01 dt=5.451618e-05
elapsed=1.266860e+04 cycle=11328 time=6.401983e-01 dt=5.451580e-05
elapsed=1.266955e+04 cycle=11329 time=6.402528e-01 dt=5.451543e-05
elapsed=1.267052e+04 cycle=11330 time=6.403073e-01 dt=5.451507e-05
elapsed=1.267150e+04 cycle=11331 time=6.403618e-01 dt=5.451472e-05
elapsed=1.267259e+04 cycle=11332 time=6.404164e-01 dt=5.451437e-05
elapsed=1.267357e+04 cycle=11333 time=6.404709e-01 dt=5.451404e-05
elapsed=1.267452e+04 cycle=11334 time=6.405254e-01 dt=5.451371e-05
elapsed=1.267550e+04 cycle=11335 time=6.405799e-01 dt=5.451337e-05
elapsed=1.267649e+04 cycle=11336 time=6.406344e-01 dt=5.451303e-05
elapsed=1.267760e+04 cycle=11337 time=6.406889e-01 dt=5.451271e-05
elapsed=1.267856e+04 cycle=11338 time=6.407434e-01 dt=5.451238e-05
elapsed=1.267953e+04 cycle=11339 time=6.407980e-01 dt=5.451204e-05
elapsed=1.268048e+04 cycle=11340 time=6.408525e-01 dt=5.451169e-05
elapsed=1.268146e+04 cycle=11341 time=6.409070e-01 dt=5.451136e-05
elapsed=1.268255e+04 cycle=11342 time=6.409615e-01 dt=5.451104e-05
elapsed=1.268352e+04 cycle=11343 time=6.410160e-01 dt=5.451073e-05
elapsed=1.268450e+04 cycle=11344 time=6.410705e-01 dt=5.451042e-05
[Tue Dec 30 09:26:14 EST 2025] Found 11 bin files, deleting 1 oldest...
elapsed=1.268544e+04 cycle=11345 time=6.411250e-01 dt=5.451011e-05
[Tue Dec 30 09:26:15 EST 2025] Kept 10 most recent bin files.
elapsed=1.268641e+04 cycle=11346 time=6.411795e-01 dt=5.450979e-05
elapsed=1.268739e+04 cycle=11347 time=6.412340e-01 dt=5.450948e-05
elapsed=1.268837e+04 cycle=11348 time=6.412886e-01 dt=5.450917e-05
elapsed=1.268948e+04 cycle=11349 time=6.413431e-01 dt=5.450884e-05
elapsed=1.269046e+04 cycle=11350 time=6.413976e-01 dt=5.450850e-05
elapsed=1.269144e+04 cycle=11351 time=6.414521e-01 dt=5.450815e-05
elapsed=1.269243e+04 cycle=11352 time=6.415066e-01 dt=5.450781e-05
elapsed=1.269340e+04 cycle=11353 time=6.415611e-01 dt=5.450746e-05
elapsed=1.269435e+04 cycle=11354 time=6.416156e-01 dt=5.450712e-05
elapsed=1.269532e+04 cycle=11355 time=6.416701e-01 dt=5.450678e-05
elapsed=1.269628e+04 cycle=11356 time=6.417246e-01 dt=5.450645e-05
elapsed=1.269727e+04 cycle=11357 time=6.417791e-01 dt=5.450613e-05
elapsed=1.269838e+04 cycle=11358 time=6.418336e-01 dt=5.450579e-05
elapsed=1.269947e+04 cycle=11359 time=6.418881e-01 dt=5.450546e-05
elapsed=1.270058e+04 cycle=11360 time=6.419426e-01 dt=5.450513e-05
elapsed=1.270154e+04 cycle=11361 time=6.419971e-01 dt=5.450480e-05
elapsed=1.270250e+04 cycle=11362 time=6.420517e-01 dt=5.450446e-05
elapsed=1.270347e+04 cycle=11363 time=6.421062e-01 dt=5.450413e-05
elapsed=1.270443e+04 cycle=11364 time=6.421607e-01 dt=5.450379e-05
elapsed=1.270538e+04 cycle=11365 time=6.422152e-01 dt=5.450346e-05
elapsed=1.270635e+04 cycle=11366 time=6.422697e-01 dt=5.450313e-05
elapsed=1.270729e+04 cycle=11367 time=6.423242e-01 dt=5.450279e-05
elapsed=1.270824e+04 cycle=11368 time=6.423787e-01 dt=5.450245e-05
elapsed=1.270921e+04 cycle=11369 time=6.424332e-01 dt=5.450213e-05
elapsed=1.271018e+04 cycle=11370 time=6.424877e-01 dt=5.450180e-05
elapsed=1.271114e+04 cycle=11371 time=6.425422e-01 dt=5.450147e-05
elapsed=1.271209e+04 cycle=11372 time=6.425967e-01 dt=5.450115e-05
elapsed=1.271318e+04 cycle=11373 time=6.426512e-01 dt=5.450083e-05
elapsed=1.271414e+04 cycle=11374 time=6.427057e-01 dt=5.450053e-05
elapsed=1.271513e+04 cycle=11375 time=6.427602e-01 dt=5.450022e-05
elapsed=1.271609e+04 cycle=11376 time=6.428147e-01 dt=5.449993e-05
elapsed=1.271718e+04 cycle=11377 time=6.428692e-01 dt=5.449964e-05
elapsed=1.271817e+04 cycle=11378 time=6.429237e-01 dt=5.449934e-05
elapsed=1.271928e+04 cycle=11379 time=6.429782e-01 dt=5.449905e-05
elapsed=1.272026e+04 cycle=11380 time=6.430327e-01 dt=5.449877e-05
elapsed=1.272124e+04 cycle=11381 time=6.430872e-01 dt=5.449849e-05
elapsed=1.272233e+04 cycle=11382 time=6.431417e-01 dt=5.449823e-05
elapsed=1.272331e+04 cycle=11383 time=6.431962e-01 dt=5.449796e-05
elapsed=1.272429e+04 cycle=11384 time=6.432507e-01 dt=5.449769e-05
elapsed=1.272525e+04 cycle=11385 time=6.433052e-01 dt=5.449742e-05
elapsed=1.272622e+04 cycle=11386 time=6.433597e-01 dt=5.449715e-05
elapsed=1.272717e+04 cycle=11387 time=6.434142e-01 dt=5.449689e-05
elapsed=1.272811e+04 cycle=11388 time=6.434687e-01 dt=5.449662e-05
elapsed=1.272910e+04 cycle=11389 time=6.435232e-01 dt=5.449635e-05
elapsed=1.273007e+04 cycle=11390 time=6.435777e-01 dt=5.449609e-05
elapsed=1.273103e+04 cycle=11391 time=6.436322e-01 dt=5.449585e-05
elapsed=1.273201e+04 cycle=11392 time=6.436867e-01 dt=5.449561e-05
elapsed=1.273299e+04 cycle=11393 time=6.437411e-01 dt=5.449537e-05
elapsed=1.273396e+04 cycle=11394 time=6.437956e-01 dt=5.449512e-05
elapsed=1.273492e+04 cycle=11395 time=6.438501e-01 dt=5.449487e-05
elapsed=1.273590e+04 cycle=11396 time=6.439046e-01 dt=5.449463e-05
elapsed=1.273687e+04 cycle=11397 time=6.439591e-01 dt=5.449439e-05
elapsed=1.273783e+04 cycle=11398 time=6.440136e-01 dt=5.449414e-05
elapsed=1.273879e+04 cycle=11399 time=6.440681e-01 dt=5.449390e-05
elapsed=1.273976e+04 cycle=11400 time=6.441226e-01 dt=5.449366e-05
elapsed=1.274070e+04 cycle=11401 time=6.441771e-01 dt=5.449341e-05
elapsed=1.274168e+04 cycle=11402 time=6.442316e-01 dt=5.449315e-05
elapsed=1.274265e+04 cycle=11403 time=6.442861e-01 dt=5.449288e-05
elapsed=1.274361e+04 cycle=11404 time=6.443406e-01 dt=5.449260e-05
elapsed=1.274459e+04 cycle=11405 time=6.443951e-01 dt=5.449232e-05
elapsed=1.274571e+04 cycle=11406 time=6.444496e-01 dt=5.449205e-05
elapsed=1.274667e+04 cycle=11407 time=6.445041e-01 dt=5.449179e-05
elapsed=1.274765e+04 cycle=11408 time=6.445585e-01 dt=5.449154e-05
elapsed=1.274861e+04 cycle=11409 time=6.446130e-01 dt=5.449129e-05
elapsed=1.274959e+04 cycle=11410 time=6.446675e-01 dt=5.449103e-05
elapsed=1.275055e+04 cycle=11411 time=6.447220e-01 dt=5.449077e-05
elapsed=1.275150e+04 cycle=11412 time=6.447765e-01 dt=5.449052e-05
elapsed=1.275247e+04 cycle=11413 time=6.448310e-01 dt=5.449026e-05
elapsed=1.275343e+04 cycle=11414 time=6.448855e-01 dt=5.449001e-05
elapsed=1.275438e+04 cycle=11415 time=6.449400e-01 dt=5.448978e-05
elapsed=1.275536e+04 cycle=11416 time=6.449945e-01 dt=5.448956e-05
elapsed=1.275633e+04 cycle=11417 time=6.450490e-01 dt=5.448934e-05
elapsed=1.275730e+04 cycle=11418 time=6.451035e-01 dt=5.448913e-05
elapsed=1.275841e+04 cycle=11419 time=6.451579e-01 dt=5.448892e-05
elapsed=1.275937e+04 cycle=11420 time=6.452124e-01 dt=5.448870e-05
elapsed=1.276031e+04 cycle=11421 time=6.452669e-01 dt=5.448847e-05
elapsed=1.276126e+04 cycle=11422 time=6.453214e-01 dt=5.448825e-05
elapsed=1.276223e+04 cycle=11423 time=6.453759e-01 dt=5.448803e-05
elapsed=1.276318e+04 cycle=11424 time=6.454304e-01 dt=5.448782e-05
elapsed=1.276416e+04 cycle=11425 time=6.454849e-01 dt=5.448762e-05
elapsed=1.276513e+04 cycle=11426 time=6.455394e-01 dt=5.448743e-05
elapsed=1.276608e+04 cycle=11427 time=6.455938e-01 dt=5.448726e-05
elapsed=1.276703e+04 cycle=11428 time=6.456483e-01 dt=5.448710e-05
elapsed=1.276801e+04 cycle=11429 time=6.457028e-01 dt=5.448693e-05
elapsed=1.276898e+04 cycle=11430 time=6.457573e-01 dt=5.448677e-05
elapsed=1.276995e+04 cycle=11431 time=6.458118e-01 dt=5.448662e-05
elapsed=1.277092e+04 cycle=11432 time=6.458663e-01 dt=5.448649e-05
elapsed=1.277188e+04 cycle=11433 time=6.459208e-01 dt=5.448636e-05
elapsed=1.277283e+04 cycle=11434 time=6.459753e-01 dt=5.448623e-05
elapsed=1.277380e+04 cycle=11435 time=6.460297e-01 dt=5.448611e-05
elapsed=1.277476e+04 cycle=11436 time=6.460842e-01 dt=5.448601e-05
elapsed=1.277573e+04 cycle=11437 time=6.461387e-01 dt=5.448591e-05
elapsed=1.277669e+04 cycle=11438 time=6.461932e-01 dt=5.448581e-05
elapsed=1.277765e+04 cycle=11439 time=6.462477e-01 dt=5.448571e-05
elapsed=1.277864e+04 cycle=11440 time=6.463022e-01 dt=5.448561e-05
elapsed=1.277959e+04 cycle=11441 time=6.463567e-01 dt=5.448552e-05
elapsed=1.278055e+04 cycle=11442 time=6.464111e-01 dt=5.448541e-05
elapsed=1.278154e+04 cycle=11443 time=6.464656e-01 dt=5.448531e-05
elapsed=1.278251e+04 cycle=11444 time=6.465201e-01 dt=5.448520e-05
elapsed=1.278346e+04 cycle=11445 time=6.465746e-01 dt=5.448510e-05
elapsed=1.278455e+04 cycle=11446 time=6.466291e-01 dt=5.448499e-05
elapsed=1.278551e+04 cycle=11447 time=6.466836e-01 dt=5.448488e-05
elapsed=1.278648e+04 cycle=11448 time=6.467381e-01 dt=5.448478e-05
elapsed=1.278742e+04 cycle=11449 time=6.467925e-01 dt=5.448467e-05
elapsed=1.278854e+04 cycle=11450 time=6.468470e-01 dt=5.448457e-05
elapsed=1.278952e+04 cycle=11451 time=6.469015e-01 dt=5.448446e-05
elapsed=1.279048e+04 cycle=11452 time=6.469560e-01 dt=5.448437e-05
elapsed=1.279143e+04 cycle=11453 time=6.470105e-01 dt=5.448428e-05
elapsed=1.279241e+04 cycle=11454 time=6.470650e-01 dt=5.448419e-05
elapsed=1.279336e+04 cycle=11455 time=6.471194e-01 dt=5.448410e-05
elapsed=1.279434e+04 cycle=11456 time=6.471739e-01 dt=5.448401e-05
elapsed=1.279530e+04 cycle=11457 time=6.472284e-01 dt=5.448392e-05
elapsed=1.279626e+04 cycle=11458 time=6.472829e-01 dt=5.448383e-05
elapsed=1.279721e+04 cycle=11459 time=6.473374e-01 dt=5.448375e-05
elapsed=1.279819e+04 cycle=11460 time=6.473919e-01 dt=5.448367e-05
elapsed=1.279916e+04 cycle=11461 time=6.474463e-01 dt=5.448360e-05
elapsed=1.280027e+04 cycle=11462 time=6.475008e-01 dt=5.448354e-05
elapsed=1.280125e+04 cycle=11463 time=6.475553e-01 dt=5.448348e-05
elapsed=1.280222e+04 cycle=11464 time=6.476098e-01 dt=5.448343e-05
elapsed=1.280318e+04 cycle=11465 time=6.476643e-01 dt=5.448336e-05
elapsed=1.280415e+04 cycle=11466 time=6.477188e-01 dt=5.448330e-05
elapsed=1.280511e+04 cycle=11467 time=6.477732e-01 dt=5.448325e-05
elapsed=1.280620e+04 cycle=11468 time=6.478277e-01 dt=5.448319e-05
elapsed=1.280732e+04 cycle=11469 time=6.478822e-01 dt=5.448312e-05
elapsed=1.280830e+04 cycle=11470 time=6.479367e-01 dt=5.448306e-05
elapsed=1.280927e+04 cycle=11471 time=6.479912e-01 dt=5.448299e-05
elapsed=1.281025e+04 cycle=11472 time=6.480457e-01 dt=5.448292e-05
elapsed=1.281120e+04 cycle=11473 time=6.481001e-01 dt=5.448284e-05
elapsed=1.281217e+04 cycle=11474 time=6.481546e-01 dt=5.448277e-05
elapsed=1.281326e+04 cycle=11475 time=6.482091e-01 dt=5.448270e-05
elapsed=1.281421e+04 cycle=11476 time=6.482636e-01 dt=5.448264e-05
elapsed=1.281516e+04 cycle=11477 time=6.483181e-01 dt=5.448257e-05
elapsed=1.281612e+04 cycle=11478 time=6.483726e-01 dt=5.448251e-05
elapsed=1.281721e+04 cycle=11479 time=6.484270e-01 dt=5.448247e-05
elapsed=1.281818e+04 cycle=11480 time=6.484815e-01 dt=5.448243e-05
elapsed=1.281914e+04 cycle=11481 time=6.485360e-01 dt=5.448238e-05
elapsed=1.282011e+04 cycle=11482 time=6.485905e-01 dt=5.448234e-05
elapsed=1.282106e+04 cycle=11483 time=6.486450e-01 dt=5.448230e-05
elapsed=1.282202e+04 cycle=11484 time=6.486995e-01 dt=5.448227e-05
elapsed=1.282300e+04 cycle=11485 time=6.487539e-01 dt=5.448224e-05
elapsed=1.282399e+04 cycle=11486 time=6.488084e-01 dt=5.448221e-05
elapsed=1.282510e+04 cycle=11487 time=6.488629e-01 dt=5.448217e-05
elapsed=1.282605e+04 cycle=11488 time=6.489174e-01 dt=5.448214e-05
elapsed=1.282701e+04 cycle=11489 time=6.489719e-01 dt=5.448211e-05
elapsed=1.282799e+04 cycle=11490 time=6.490263e-01 dt=5.448207e-05
elapsed=1.282896e+04 cycle=11491 time=6.490808e-01 dt=5.448203e-05
elapsed=1.282993e+04 cycle=11492 time=6.491353e-01 dt=5.448198e-05
elapsed=1.283090e+04 cycle=11493 time=6.491898e-01 dt=5.448194e-05
elapsed=1.283185e+04 cycle=11494 time=6.492443e-01 dt=5.448189e-05
elapsed=1.283281e+04 cycle=11495 time=6.492988e-01 dt=5.448184e-05
elapsed=1.283378e+04 cycle=11496 time=6.493532e-01 dt=5.448178e-05
elapsed=1.283475e+04 cycle=11497 time=6.494077e-01 dt=5.448173e-05
elapsed=1.283574e+04 cycle=11498 time=6.494622e-01 dt=5.448168e-05
elapsed=1.283670e+04 cycle=11499 time=6.495167e-01 dt=5.448162e-05
elapsed=1.283767e+04 cycle=11500 time=6.495712e-01 dt=5.448157e-05
elapsed=1.283865e+04 cycle=11501 time=6.496256e-01 dt=5.448152e-05
elapsed=1.283963e+04 cycle=11502 time=6.496801e-01 dt=5.448147e-05
elapsed=1.284072e+04 cycle=11503 time=6.497346e-01 dt=5.448141e-05
elapsed=1.284167e+04 cycle=11504 time=6.497891e-01 dt=5.448136e-05
elapsed=1.284264e+04 cycle=11505 time=6.498436e-01 dt=5.448131e-05
elapsed=1.284375e+04 cycle=11506 time=6.498981e-01 dt=5.448126e-05
elapsed=1.284487e+04 cycle=11507 time=6.499525e-01 dt=5.448121e-05
elapsed=1.286620e+04 cycle=11508 time=6.500070e-01 dt=5.448116e-05
elapsed=1.286714e+04 cycle=11509 time=6.500615e-01 dt=5.448111e-05
elapsed=1.286811e+04 cycle=11510 time=6.501160e-01 dt=5.448106e-05
elapsed=1.286907e+04 cycle=11511 time=6.501705e-01 dt=5.448101e-05
elapsed=1.287005e+04 cycle=11512 time=6.502249e-01 dt=5.448096e-05
elapsed=1.287116e+04 cycle=11513 time=6.502794e-01 dt=5.448091e-05
[Tue Dec 30 09:29:21 EST 2025] Found 11 bin files, deleting 1 oldest...
elapsed=1.287227e+04 cycle=11514 time=6.503339e-01 dt=5.448086e-05
[Tue Dec 30 09:29:22 EST 2025] Kept 10 most recent bin files.
elapsed=1.287324e+04 cycle=11515 time=6.503884e-01 dt=5.448083e-05
elapsed=1.287419e+04 cycle=11516 time=6.504429e-01 dt=5.448079e-05
elapsed=1.287514e+04 cycle=11517 time=6.504973e-01 dt=5.448075e-05
elapsed=1.287612e+04 cycle=11518 time=6.505518e-01 dt=5.448072e-05
elapsed=1.287708e+04 cycle=11519 time=6.506063e-01 dt=5.448069e-05
elapsed=1.287819e+04 cycle=11520 time=6.506608e-01 dt=5.448066e-05
elapsed=1.287914e+04 cycle=11521 time=6.507153e-01 dt=5.448062e-05
elapsed=1.288025e+04 cycle=11522 time=6.507698e-01 dt=5.448059e-05
elapsed=1.288121e+04 cycle=11523 time=6.508242e-01 dt=5.448057e-05
elapsed=1.288219e+04 cycle=11524 time=6.508787e-01 dt=5.448056e-05
elapsed=1.288313e+04 cycle=11525 time=6.509332e-01 dt=5.448054e-05
elapsed=1.288410e+04 cycle=11526 time=6.509877e-01 dt=5.448052e-05
elapsed=1.288519e+04 cycle=11527 time=6.510422e-01 dt=5.448051e-05
elapsed=1.288617e+04 cycle=11528 time=6.510966e-01 dt=5.448048e-05
elapsed=1.288714e+04 cycle=11529 time=6.511511e-01 dt=5.448046e-05
elapsed=1.288810e+04 cycle=11530 time=6.512056e-01 dt=5.448044e-05
elapsed=1.288907e+04 cycle=11531 time=6.512601e-01 dt=5.448043e-05
elapsed=1.289004e+04 cycle=11532 time=6.513146e-01 dt=5.448044e-05
elapsed=1.289100e+04 cycle=11533 time=6.513690e-01 dt=5.448045e-05
elapsed=1.289197e+04 cycle=11534 time=6.514235e-01 dt=5.448046e-05
elapsed=1.289291e+04 cycle=11535 time=6.514780e-01 dt=5.448048e-05
elapsed=1.289389e+04 cycle=11536 time=6.515325e-01 dt=5.448052e-05
elapsed=1.289485e+04 cycle=11537 time=6.515870e-01 dt=5.448057e-05
elapsed=1.289582e+04 cycle=11538 time=6.516414e-01 dt=5.448062e-05
elapsed=1.289678e+04 cycle=11539 time=6.516959e-01 dt=5.448067e-05
elapsed=1.289776e+04 cycle=11540 time=6.517504e-01 dt=5.448071e-05
elapsed=1.289872e+04 cycle=11541 time=6.518049e-01 dt=5.448076e-05
elapsed=1.289968e+04 cycle=11542 time=6.518594e-01 dt=5.448082e-05
elapsed=1.290065e+04 cycle=11543 time=6.519138e-01 dt=5.448088e-05
elapsed=1.290162e+04 cycle=11544 time=6.519683e-01 dt=5.448094e-05
elapsed=1.290258e+04 cycle=11545 time=6.520228e-01 dt=5.448100e-05
elapsed=1.290355e+04 cycle=11546 time=6.520773e-01 dt=5.448105e-05
elapsed=1.290452e+04 cycle=11547 time=6.521318e-01 dt=5.448110e-05
elapsed=1.290546e+04 cycle=11548 time=6.521862e-01 dt=5.448115e-05
elapsed=1.290642e+04 cycle=11549 time=6.522407e-01 dt=5.448120e-05
elapsed=1.290739e+04 cycle=11550 time=6.522952e-01 dt=5.448125e-05
elapsed=1.290834e+04 cycle=11551 time=6.523497e-01 dt=5.448130e-05
elapsed=1.290929e+04 cycle=11552 time=6.524042e-01 dt=5.448135e-05
elapsed=1.291025e+04 cycle=11553 time=6.524587e-01 dt=5.448142e-05
elapsed=1.291123e+04 cycle=11554 time=6.525131e-01 dt=5.448149e-05
elapsed=1.291219e+04 cycle=11555 time=6.525676e-01 dt=5.448157e-05
elapsed=1.291314e+04 cycle=11556 time=6.526221e-01 dt=5.448165e-05
elapsed=1.291409e+04 cycle=11557 time=6.526766e-01 dt=5.448173e-05
elapsed=1.291506e+04 cycle=11558 time=6.527311e-01 dt=5.448182e-05
elapsed=1.291601e+04 cycle=11559 time=6.527855e-01 dt=5.448191e-05
elapsed=1.291697e+04 cycle=11560 time=6.528400e-01 dt=5.448198e-05
elapsed=1.291795e+04 cycle=11561 time=6.528945e-01 dt=5.448206e-05
elapsed=1.291890e+04 cycle=11562 time=6.529490e-01 dt=5.448213e-05
elapsed=1.291988e+04 cycle=11563 time=6.530035e-01 dt=5.448220e-05
elapsed=1.292083e+04 cycle=11564 time=6.530580e-01 dt=5.448227e-05
elapsed=1.292181e+04 cycle=11565 time=6.531124e-01 dt=5.448234e-05
elapsed=1.292279e+04 cycle=11566 time=6.531669e-01 dt=5.448242e-05
elapsed=1.292390e+04 cycle=11567 time=6.532214e-01 dt=5.448252e-05
elapsed=1.292486e+04 cycle=11568 time=6.532759e-01 dt=5.448262e-05
elapsed=1.292598e+04 cycle=11569 time=6.533304e-01 dt=5.448272e-05
elapsed=1.292694e+04 cycle=11570 time=6.533848e-01 dt=5.448282e-05
elapsed=1.292788e+04 cycle=11571 time=6.534393e-01 dt=5.448292e-05
elapsed=1.292883e+04 cycle=11572 time=6.534938e-01 dt=5.448302e-05
elapsed=1.292978e+04 cycle=11573 time=6.535483e-01 dt=5.448311e-05
elapsed=1.293076e+04 cycle=11574 time=6.536028e-01 dt=5.448321e-05
elapsed=1.293174e+04 cycle=11575 time=6.536573e-01 dt=5.448330e-05
elapsed=1.293272e+04 cycle=11576 time=6.537117e-01 dt=5.448341e-05
elapsed=1.293368e+04 cycle=11577 time=6.537662e-01 dt=5.448351e-05
elapsed=1.293463e+04 cycle=11578 time=6.538207e-01 dt=5.448361e-05
elapsed=1.293561e+04 cycle=11579 time=6.538752e-01 dt=5.448371e-05
elapsed=1.293656e+04 cycle=11580 time=6.539297e-01 dt=5.448380e-05
elapsed=1.293752e+04 cycle=11581 time=6.539842e-01 dt=5.448391e-05
elapsed=1.293847e+04 cycle=11582 time=6.540386e-01 dt=5.448403e-05
elapsed=1.293945e+04 cycle=11583 time=6.540931e-01 dt=5.448415e-05
elapsed=1.294043e+04 cycle=11584 time=6.541476e-01 dt=5.448427e-05
elapsed=1.294140e+04 cycle=11585 time=6.542021e-01 dt=5.448439e-05
elapsed=1.294234e+04 cycle=11586 time=6.542566e-01 dt=5.448451e-05
elapsed=1.294329e+04 cycle=11587 time=6.543111e-01 dt=5.448464e-05
elapsed=1.294438e+04 cycle=11588 time=6.543656e-01 dt=5.448478e-05
elapsed=1.294549e+04 cycle=11589 time=6.544200e-01 dt=5.448492e-05
elapsed=1.294646e+04 cycle=11590 time=6.544745e-01 dt=5.448505e-05
elapsed=1.294743e+04 cycle=11591 time=6.545290e-01 dt=5.448518e-05
elapsed=1.294837e+04 cycle=11592 time=6.545835e-01 dt=5.448532e-05
elapsed=1.294933e+04 cycle=11593 time=6.546380e-01 dt=5.448546e-05
elapsed=1.295032e+04 cycle=11594 time=6.546925e-01 dt=5.448561e-05
elapsed=1.295128e+04 cycle=11595 time=6.547470e-01 dt=5.448578e-05
elapsed=1.295225e+04 cycle=11596 time=6.548014e-01 dt=5.448595e-05
elapsed=1.295321e+04 cycle=11597 time=6.548559e-01 dt=5.448613e-05
elapsed=1.295418e+04 cycle=11598 time=6.549104e-01 dt=5.448630e-05
elapsed=1.295530e+04 cycle=11599 time=6.549649e-01 dt=5.448647e-05
elapsed=1.295626e+04 cycle=11600 time=6.550194e-01 dt=5.448664e-05
elapsed=1.295737e+04 cycle=11601 time=6.550739e-01 dt=5.448680e-05
elapsed=1.295834e+04 cycle=11602 time=6.551284e-01 dt=5.448696e-05
elapsed=1.295930e+04 cycle=11603 time=6.551828e-01 dt=5.448713e-05
elapsed=1.296027e+04 cycle=11604 time=6.552373e-01 dt=5.448730e-05
elapsed=1.296122e+04 cycle=11605 time=6.552918e-01 dt=5.448748e-05
elapsed=1.296217e+04 cycle=11606 time=6.553463e-01 dt=5.448766e-05
elapsed=1.296326e+04 cycle=11607 time=6.554008e-01 dt=5.448783e-05
elapsed=1.296422e+04 cycle=11608 time=6.554553e-01 dt=5.448800e-05
elapsed=1.296533e+04 cycle=11609 time=6.555098e-01 dt=5.448818e-05
elapsed=1.296630e+04 cycle=11610 time=6.555643e-01 dt=5.448835e-05
elapsed=1.296740e+04 cycle=11611 time=6.556187e-01 dt=5.448852e-05
elapsed=1.296837e+04 cycle=11612 time=6.556732e-01 dt=5.448870e-05
elapsed=1.296934e+04 cycle=11613 time=6.557277e-01 dt=5.448889e-05
elapsed=1.297028e+04 cycle=11614 time=6.557822e-01 dt=5.448910e-05
elapsed=1.297125e+04 cycle=11615 time=6.558367e-01 dt=5.448933e-05
elapsed=1.297221e+04 cycle=11616 time=6.558912e-01 dt=5.448955e-05
elapsed=1.297317e+04 cycle=11617 time=6.559457e-01 dt=5.448977e-05
elapsed=1.297412e+04 cycle=11618 time=6.560002e-01 dt=5.448998e-05
elapsed=1.297510e+04 cycle=11619 time=6.560547e-01 dt=5.449019e-05
elapsed=1.297605e+04 cycle=11620 time=6.561091e-01 dt=5.449039e-05
elapsed=1.297703e+04 cycle=11621 time=6.561636e-01 dt=5.449061e-05
elapsed=1.297799e+04 cycle=11622 time=6.562181e-01 dt=5.449083e-05
elapsed=1.297896e+04 cycle=11623 time=6.562726e-01 dt=5.449105e-05
elapsed=1.297991e+04 cycle=11624 time=6.563271e-01 dt=5.449126e-05
elapsed=1.298086e+04 cycle=11625 time=6.563816e-01 dt=5.449147e-05
elapsed=1.298195e+04 cycle=11626 time=6.564361e-01 dt=5.449167e-05
elapsed=1.298290e+04 cycle=11627 time=6.564906e-01 dt=5.449187e-05
elapsed=1.298385e+04 cycle=11628 time=6.565451e-01 dt=5.449206e-05
elapsed=1.298481e+04 cycle=11629 time=6.565996e-01 dt=5.449226e-05
elapsed=1.298576e+04 cycle=11630 time=6.566541e-01 dt=5.449246e-05
elapsed=1.298672e+04 cycle=11631 time=6.567086e-01 dt=5.449265e-05
elapsed=1.298769e+04 cycle=11632 time=6.567630e-01 dt=5.449285e-05
elapsed=1.298867e+04 cycle=11633 time=6.568175e-01 dt=5.449305e-05
elapsed=1.298964e+04 cycle=11634 time=6.568720e-01 dt=5.449325e-05
elapsed=1.299062e+04 cycle=11635 time=6.569265e-01 dt=5.449346e-05
elapsed=1.299172e+04 cycle=11636 time=6.569810e-01 dt=5.449367e-05
elapsed=1.299281e+04 cycle=11637 time=6.570355e-01 dt=5.449389e-05
elapsed=1.299377e+04 cycle=11638 time=6.570900e-01 dt=5.449410e-05
elapsed=1.299474e+04 cycle=11639 time=6.571445e-01 dt=5.449432e-05
elapsed=1.299583e+04 cycle=11640 time=6.571990e-01 dt=5.449455e-05
elapsed=1.299692e+04 cycle=11641 time=6.572535e-01 dt=5.449478e-05
elapsed=1.299787e+04 cycle=11642 time=6.573080e-01 dt=5.449503e-05
elapsed=1.299898e+04 cycle=11643 time=6.573625e-01 dt=5.449528e-05
elapsed=1.299994e+04 cycle=11644 time=6.574170e-01 dt=5.449553e-05
elapsed=1.300093e+04 cycle=11645 time=6.574715e-01 dt=5.449578e-05
elapsed=1.300191e+04 cycle=11646 time=6.575260e-01 dt=5.449603e-05
elapsed=1.300289e+04 cycle=11647 time=6.575805e-01 dt=5.449628e-05
elapsed=1.300398e+04 cycle=11648 time=6.576350e-01 dt=5.449652e-05
elapsed=1.300509e+04 cycle=11649 time=6.576895e-01 dt=5.449677e-05
elapsed=1.300607e+04 cycle=11650 time=6.577440e-01 dt=5.449703e-05
elapsed=1.300703e+04 cycle=11651 time=6.577984e-01 dt=5.449730e-05
elapsed=1.300800e+04 cycle=11652 time=6.578529e-01 dt=5.449755e-05
elapsed=1.300911e+04 cycle=11653 time=6.579074e-01 dt=5.449780e-05
elapsed=1.301006e+04 cycle=11654 time=6.579619e-01 dt=5.449805e-05
elapsed=1.301103e+04 cycle=11655 time=6.580164e-01 dt=5.449831e-05
elapsed=1.301197e+04 cycle=11656 time=6.580709e-01 dt=5.449857e-05
elapsed=1.301308e+04 cycle=11657 time=6.581254e-01 dt=5.449883e-05
elapsed=1.301403e+04 cycle=11658 time=6.581799e-01 dt=5.449909e-05
elapsed=1.301498e+04 cycle=11659 time=6.582344e-01 dt=5.449934e-05
elapsed=1.301607e+04 cycle=11660 time=6.582889e-01 dt=5.449960e-05
elapsed=1.301702e+04 cycle=11661 time=6.583434e-01 dt=5.449987e-05
elapsed=1.301798e+04 cycle=11662 time=6.583979e-01 dt=5.450014e-05
elapsed=1.301895e+04 cycle=11663 time=6.584524e-01 dt=5.450041e-05
elapsed=1.301992e+04 cycle=11664 time=6.585069e-01 dt=5.450069e-05
elapsed=1.302087e+04 cycle=11665 time=6.585614e-01 dt=5.450096e-05
elapsed=1.302182e+04 cycle=11666 time=6.586159e-01 dt=5.450123e-05
elapsed=1.302291e+04 cycle=11667 time=6.586704e-01 dt=5.450149e-05
elapsed=1.302386e+04 cycle=11668 time=6.587249e-01 dt=5.450174e-05
elapsed=1.302481e+04 cycle=11669 time=6.587794e-01 dt=5.450198e-05
elapsed=1.302576e+04 cycle=11670 time=6.588339e-01 dt=5.450220e-05
elapsed=1.302673e+04 cycle=11671 time=6.588884e-01 dt=5.450243e-05
elapsed=1.302769e+04 cycle=11672 time=6.589429e-01 dt=5.450266e-05
elapsed=1.302864e+04 cycle=11673 time=6.589974e-01 dt=5.450289e-05
elapsed=1.302959e+04 cycle=11674 time=6.590520e-01 dt=5.450311e-05
elapsed=1.303056e+04 cycle=11675 time=6.591065e-01 dt=5.450333e-05
elapsed=1.303152e+04 cycle=11676 time=6.591610e-01 dt=5.450355e-05
elapsed=1.303262e+04 cycle=11677 time=6.592155e-01 dt=5.450375e-05
elapsed=1.303360e+04 cycle=11678 time=6.592700e-01 dt=5.450393e-05
elapsed=1.303455e+04 cycle=11679 time=6.593245e-01 dt=5.450411e-05
elapsed=1.303551e+04 cycle=11680 time=6.593790e-01 dt=5.450430e-05
elapsed=1.303661e+04 cycle=11681 time=6.594335e-01 dt=5.450448e-05
elapsed=1.303756e+04 cycle=11682 time=6.594880e-01 dt=5.450467e-05
elapsed=1.303854e+04 cycle=11683 time=6.595425e-01 dt=5.450485e-05
elapsed=1.303952e+04 cycle=11684 time=6.595970e-01 dt=5.450504e-05
elapsed=1.304049e+04 cycle=11685 time=6.596515e-01 dt=5.450523e-05
elapsed=1.304145e+04 cycle=11686 time=6.597060e-01 dt=5.450542e-05
elapsed=1.304241e+04 cycle=11687 time=6.597605e-01 dt=5.450563e-05
elapsed=1.304350e+04 cycle=11688 time=6.598150e-01 dt=5.450583e-05
elapsed=1.304446e+04 cycle=11689 time=6.598695e-01 dt=5.450603e-05
elapsed=1.304545e+04 cycle=11690 time=6.599240e-01 dt=5.450623e-05
elapsed=1.304640e+04 cycle=11691 time=6.599785e-01 dt=5.450643e-05
[Tue Dec 30 09:32:22 EST 2025] Found 11 bin files, deleting 1 oldest...
[Tue Dec 30 09:32:24 EST 2025] Kept 10 most recent bin files.
elapsed=1.306763e+04 cycle=11692 time=6.600330e-01 dt=5.450663e-05
elapsed=1.306860e+04 cycle=11693 time=6.600875e-01 dt=5.450684e-05
elapsed=1.306956e+04 cycle=11694 time=6.601421e-01 dt=5.450707e-05
elapsed=1.307053e+04 cycle=11695 time=6.601966e-01 dt=5.450729e-05
elapsed=1.307150e+04 cycle=11696 time=6.602511e-01 dt=5.450752e-05
elapsed=1.307244e+04 cycle=11697 time=6.603056e-01 dt=5.450774e-05
elapsed=1.307354e+04 cycle=11698 time=6.603601e-01 dt=5.450796e-05
elapsed=1.307450e+04 cycle=11699 time=6.604146e-01 dt=5.450817e-05
elapsed=1.307547e+04 cycle=11700 time=6.604691e-01 dt=5.450839e-05
elapsed=1.307645e+04 cycle=11701 time=6.605236e-01 dt=5.450860e-05
elapsed=1.307741e+04 cycle=11702 time=6.605781e-01 dt=5.450882e-05
elapsed=1.307840e+04 cycle=11703 time=6.606326e-01 dt=5.450904e-05
elapsed=1.307936e+04 cycle=11704 time=6.606871e-01 dt=5.450925e-05
elapsed=1.308031e+04 cycle=11705 time=6.607416e-01 dt=5.450947e-05
elapsed=1.308128e+04 cycle=11706 time=6.607962e-01 dt=5.450969e-05
elapsed=1.308223e+04 cycle=11707 time=6.608507e-01 dt=5.450990e-05
elapsed=1.308321e+04 cycle=11708 time=6.609052e-01 dt=5.451011e-05
elapsed=1.308416e+04 cycle=11709 time=6.609597e-01 dt=5.451031e-05
elapsed=1.308514e+04 cycle=11710 time=6.610142e-01 dt=5.451051e-05
elapsed=1.308609e+04 cycle=11711 time=6.610687e-01 dt=5.451071e-05
elapsed=1.308704e+04 cycle=11712 time=6.611232e-01 dt=5.451090e-05
elapsed=1.308799e+04 cycle=11713 time=6.611777e-01 dt=5.451110e-05
elapsed=1.308897e+04 cycle=11714 time=6.612322e-01 dt=5.451130e-05
elapsed=1.308995e+04 cycle=11715 time=6.612867e-01 dt=5.451150e-05
elapsed=1.309092e+04 cycle=11716 time=6.613413e-01 dt=5.451170e-05
elapsed=1.309191e+04 cycle=11717 time=6.613958e-01 dt=5.451190e-05
elapsed=1.309285e+04 cycle=11718 time=6.614503e-01 dt=5.451210e-05
elapsed=1.309382e+04 cycle=11719 time=6.615048e-01 dt=5.451230e-05
elapsed=1.309476e+04 cycle=11720 time=6.615593e-01 dt=5.451250e-05
elapsed=1.309573e+04 cycle=11721 time=6.616138e-01 dt=5.451271e-05
elapsed=1.309671e+04 cycle=11722 time=6.616683e-01 dt=5.451292e-05
elapsed=1.309767e+04 cycle=11723 time=6.617228e-01 dt=5.451313e-05
elapsed=1.309864e+04 cycle=11724 time=6.617774e-01 dt=5.451332e-05
elapsed=1.309963e+04 cycle=11725 time=6.618319e-01 dt=5.451351e-05
elapsed=1.310072e+04 cycle=11726 time=6.618864e-01 dt=5.451369e-05
elapsed=1.310167e+04 cycle=11727 time=6.619409e-01 dt=5.451388e-05
elapsed=1.310276e+04 cycle=11728 time=6.619954e-01 dt=5.451408e-05
elapsed=1.310373e+04 cycle=11729 time=6.620499e-01 dt=5.451429e-05
elapsed=1.310470e+04 cycle=11730 time=6.621044e-01 dt=5.451451e-05
elapsed=1.310568e+04 cycle=11731 time=6.621590e-01 dt=5.451473e-05
elapsed=1.310665e+04 cycle=11732 time=6.622135e-01 dt=5.451494e-05
elapsed=1.310762e+04 cycle=11733 time=6.622680e-01 dt=5.451516e-05
elapsed=1.310857e+04 cycle=11734 time=6.623225e-01 dt=5.451536e-05
elapsed=1.310953e+04 cycle=11735 time=6.623770e-01 dt=5.451558e-05
elapsed=1.311051e+04 cycle=11736 time=6.624315e-01 dt=5.451580e-05
elapsed=1.311150e+04 cycle=11737 time=6.624860e-01 dt=5.451602e-05
elapsed=1.311247e+04 cycle=11738 time=6.625406e-01 dt=5.451626e-05
elapsed=1.311344e+04 cycle=11739 time=6.625951e-01 dt=5.451650e-05
elapsed=1.311439e+04 cycle=11740 time=6.626496e-01 dt=5.451674e-05
elapsed=1.311533e+04 cycle=11741 time=6.627041e-01 dt=5.451698e-05
elapsed=1.311643e+04 cycle=11742 time=6.627586e-01 dt=5.451721e-05
elapsed=1.311741e+04 cycle=11743 time=6.628131e-01 dt=5.451745e-05
elapsed=1.311836e+04 cycle=11744 time=6.628677e-01 dt=5.451769e-05
elapsed=1.311932e+04 cycle=11745 time=6.629222e-01 dt=5.451794e-05
elapsed=1.312031e+04 cycle=11746 time=6.629767e-01 dt=5.451819e-05
elapsed=1.312129e+04 cycle=11747 time=6.630312e-01 dt=5.451843e-05
elapsed=1.312239e+04 cycle=11748 time=6.630857e-01 dt=5.451866e-05
elapsed=1.312335e+04 cycle=11749 time=6.631403e-01 dt=5.451889e-05
elapsed=1.312432e+04 cycle=11750 time=6.631948e-01 dt=5.451912e-05
elapsed=1.312528e+04 cycle=11751 time=6.632493e-01 dt=5.451936e-05
elapsed=1.312624e+04 cycle=11752 time=6.633038e-01 dt=5.451960e-05
elapsed=1.312733e+04 cycle=11753 time=6.633583e-01 dt=5.451984e-05
elapsed=1.312831e+04 cycle=11754 time=6.634128e-01 dt=5.452008e-05
elapsed=1.312943e+04 cycle=11755 time=6.634674e-01 dt=5.452031e-05
elapsed=1.313041e+04 cycle=11756 time=6.635219e-01 dt=5.452055e-05
elapsed=1.313150e+04 cycle=11757 time=6.635764e-01 dt=5.452078e-05
elapsed=1.313247e+04 cycle=11758 time=6.636309e-01 dt=5.452099e-05
elapsed=1.313343e+04 cycle=11759 time=6.636855e-01 dt=5.452121e-05
elapsed=1.313440e+04 cycle=11760 time=6.637400e-01 dt=5.452142e-05
elapsed=1.313537e+04 cycle=11761 time=6.637945e-01 dt=5.452163e-05
elapsed=1.313632e+04 cycle=11762 time=6.638490e-01 dt=5.452184e-05
elapsed=1.313730e+04 cycle=11763 time=6.639035e-01 dt=5.452204e-05
elapsed=1.313824e+04 cycle=11764 time=6.639581e-01 dt=5.452225e-05
elapsed=1.313919e+04 cycle=11765 time=6.640126e-01 dt=5.452246e-05
elapsed=1.314017e+04 cycle=11766 time=6.640671e-01 dt=5.452267e-05
elapsed=1.314114e+04 cycle=11767 time=6.641216e-01 dt=5.452288e-05
elapsed=1.314208e+04 cycle=11768 time=6.641762e-01 dt=5.452310e-05
elapsed=1.314305e+04 cycle=11769 time=6.642307e-01 dt=5.452332e-05
elapsed=1.314401e+04 cycle=11770 time=6.642852e-01 dt=5.452354e-05
elapsed=1.314497e+04 cycle=11771 time=6.643397e-01 dt=5.452376e-05
elapsed=1.314592e+04 cycle=11772 time=6.643942e-01 dt=5.452397e-05
elapsed=1.314690e+04 cycle=11773 time=6.644488e-01 dt=5.452419e-05
elapsed=1.314786e+04 cycle=11774 time=6.645033e-01 dt=5.452440e-05
elapsed=1.314884e+04 cycle=11775 time=6.645578e-01 dt=5.452460e-05
elapsed=1.314982e+04 cycle=11776 time=6.646123e-01 dt=5.452480e-05
elapsed=1.315078e+04 cycle=11777 time=6.646669e-01 dt=5.452500e-05
elapsed=1.315189e+04 cycle=11778 time=6.647214e-01 dt=5.452519e-05
elapsed=1.315284e+04 cycle=11779 time=6.647759e-01 dt=5.452537e-05
elapsed=1.315381e+04 cycle=11780 time=6.648304e-01 dt=5.452556e-05
elapsed=1.315476e+04 cycle=11781 time=6.648850e-01 dt=5.452574e-05
elapsed=1.315574e+04 cycle=11782 time=6.649395e-01 dt=5.452593e-05
elapsed=1.315685e+04 cycle=11783 time=6.649940e-01 dt=5.452611e-05
elapsed=1.315782e+04 cycle=11784 time=6.650485e-01 dt=5.452630e-05
elapsed=1.315878e+04 cycle=11785 time=6.651031e-01 dt=5.452649e-05
elapsed=1.315974e+04 cycle=11786 time=6.651576e-01 dt=5.452668e-05
elapsed=1.316085e+04 cycle=11787 time=6.652121e-01 dt=5.452686e-05
elapsed=1.316183e+04 cycle=11788 time=6.652667e-01 dt=5.452704e-05
elapsed=1.316279e+04 cycle=11789 time=6.653212e-01 dt=5.452721e-05
elapsed=1.316376e+04 cycle=11790 time=6.653757e-01 dt=5.452740e-05
elapsed=1.316473e+04 cycle=11791 time=6.654302e-01 dt=5.452758e-05
elapsed=1.316572e+04 cycle=11792 time=6.654848e-01 dt=5.452777e-05
elapsed=1.316666e+04 cycle=11793 time=6.655393e-01 dt=5.452797e-05
elapsed=1.316763e+04 cycle=11794 time=6.655938e-01 dt=5.452817e-05
elapsed=1.316857e+04 cycle=11795 time=6.656483e-01 dt=5.452838e-05
elapsed=1.316956e+04 cycle=11796 time=6.657029e-01 dt=5.452858e-05
elapsed=1.317054e+04 cycle=11797 time=6.657574e-01 dt=5.452879e-05
elapsed=1.317150e+04 cycle=11798 time=6.658119e-01 dt=5.452900e-05
elapsed=1.317247e+04 cycle=11799 time=6.658665e-01 dt=5.452921e-05
elapsed=1.317343e+04 cycle=11800 time=6.659210e-01 dt=5.452942e-05
elapsed=1.317437e+04 cycle=11801 time=6.659755e-01 dt=5.452963e-05
elapsed=1.317532e+04 cycle=11802 time=6.660300e-01 dt=5.452983e-05
elapsed=1.317629e+04 cycle=11803 time=6.660846e-01 dt=5.453005e-05
elapsed=1.317724e+04 cycle=11804 time=6.661391e-01 dt=5.453027e-05
elapsed=1.317820e+04 cycle=11805 time=6.661936e-01 dt=5.453049e-05
elapsed=1.317918e+04 cycle=11806 time=6.662482e-01 dt=5.453070e-05
elapsed=1.318014e+04 cycle=11807 time=6.663027e-01 dt=5.453091e-05
elapsed=1.318110e+04 cycle=11808 time=6.663572e-01 dt=5.453113e-05
elapsed=1.318207e+04 cycle=11809 time=6.664118e-01 dt=5.453135e-05
elapsed=1.318302e+04 cycle=11810 time=6.664663e-01 dt=5.453160e-05
elapsed=1.318398e+04 cycle=11811 time=6.665208e-01 dt=5.453185e-05
elapsed=1.318496e+04 cycle=11812 time=6.665754e-01 dt=5.453209e-05
elapsed=1.318591e+04 cycle=11813 time=6.666299e-01 dt=5.453234e-05
elapsed=1.318686e+04 cycle=11814 time=6.666844e-01 dt=5.453259e-05
elapsed=1.318782e+04 cycle=11815 time=6.667390e-01 dt=5.453285e-05
elapsed=1.318878e+04 cycle=11816 time=6.667935e-01 dt=5.453310e-05
elapsed=1.318973e+04 cycle=11817 time=6.668480e-01 dt=5.453337e-05
elapsed=1.319070e+04 cycle=11818 time=6.669026e-01 dt=5.453364e-05
elapsed=1.319181e+04 cycle=11819 time=6.669571e-01 dt=5.453391e-05
elapsed=1.319277e+04 cycle=11820 time=6.670116e-01 dt=5.453418e-05
elapsed=1.319388e+04 cycle=11821 time=6.670662e-01 dt=5.453445e-05
elapsed=1.319485e+04 cycle=11822 time=6.671207e-01 dt=5.453473e-05
elapsed=1.319579e+04 cycle=11823 time=6.671752e-01 dt=5.453501e-05
elapsed=1.319674e+04 cycle=11824 time=6.672298e-01 dt=5.453529e-05
elapsed=1.319770e+04 cycle=11825 time=6.672843e-01 dt=5.453556e-05
elapsed=1.319868e+04 cycle=11826 time=6.673388e-01 dt=5.453584e-05
elapsed=1.319965e+04 cycle=11827 time=6.673934e-01 dt=5.453612e-05
elapsed=1.320061e+04 cycle=11828 time=6.674479e-01 dt=5.453639e-05
elapsed=1.320156e+04 cycle=11829 time=6.675024e-01 dt=5.453667e-05
elapsed=1.320253e+04 cycle=11830 time=6.675570e-01 dt=5.453696e-05
elapsed=1.320350e+04 cycle=11831 time=6.676115e-01 dt=5.453725e-05
elapsed=1.320446e+04 cycle=11832 time=6.676660e-01 dt=5.453753e-05
elapsed=1.320544e+04 cycle=11833 time=6.677206e-01 dt=5.453780e-05
elapsed=1.320642e+04 cycle=11834 time=6.677751e-01 dt=5.453808e-05
elapsed=1.320740e+04 cycle=11835 time=6.678297e-01 dt=5.453836e-05
elapsed=1.320837e+04 cycle=11836 time=6.678842e-01 dt=5.453865e-05
elapsed=1.320934e+04 cycle=11837 time=6.679387e-01 dt=5.453894e-05
elapsed=1.321031e+04 cycle=11838 time=6.679933e-01 dt=5.453922e-05
elapsed=1.321127e+04 cycle=11839 time=6.680478e-01 dt=5.453950e-05
elapsed=1.321223e+04 cycle=11840 time=6.681024e-01 dt=5.453979e-05
elapsed=1.321322e+04 cycle=11841 time=6.681569e-01 dt=5.454009e-05
elapsed=1.321416e+04 cycle=11842 time=6.682114e-01 dt=5.454039e-05
elapsed=1.321513e+04 cycle=11843 time=6.682660e-01 dt=5.454070e-05
elapsed=1.321609e+04 cycle=11844 time=6.683205e-01 dt=5.454102e-05
elapsed=1.321704e+04 cycle=11845 time=6.683751e-01 dt=5.454134e-05
elapsed=1.321802e+04 cycle=11846 time=6.684296e-01 dt=5.454167e-05
elapsed=1.321901e+04 cycle=11847 time=6.684841e-01 dt=5.454201e-05
elapsed=1.322000e+04 cycle=11848 time=6.685387e-01 dt=5.454234e-05
elapsed=1.322096e+04 cycle=11849 time=6.685932e-01 dt=5.454268e-05
elapsed=1.322193e+04 cycle=11850 time=6.686478e-01 dt=5.454302e-05
elapsed=1.322289e+04 cycle=11851 time=6.687023e-01 dt=5.454336e-05
elapsed=1.322385e+04 cycle=11852 time=6.687569e-01 dt=5.454369e-05
elapsed=1.322480e+04 cycle=11853 time=6.688114e-01 dt=5.454403e-05
elapsed=1.322575e+04 cycle=11854 time=6.688659e-01 dt=5.454437e-05
elapsed=1.322686e+04 cycle=11855 time=6.689205e-01 dt=5.454471e-05
elapsed=1.322783e+04 cycle=11856 time=6.689750e-01 dt=5.454507e-05
elapsed=1.322880e+04 cycle=11857 time=6.690296e-01 dt=5.454543e-05
elapsed=1.322978e+04 cycle=11858 time=6.690841e-01 dt=5.454578e-05
elapsed=1.323074e+04 cycle=11859 time=6.691387e-01 dt=5.454613e-05
elapsed=1.323170e+04 cycle=11860 time=6.691932e-01 dt=5.454649e-05
elapsed=1.323266e+04 cycle=11861 time=6.692478e-01 dt=5.454684e-05
elapsed=1.323363e+04 cycle=11862 time=6.693023e-01 dt=5.454719e-05
elapsed=1.323461e+04 cycle=11863 time=6.693569e-01 dt=5.454754e-05
elapsed=1.323559e+04 cycle=11864 time=6.694114e-01 dt=5.454789e-05
elapsed=1.323654e+04 cycle=11865 time=6.694659e-01 dt=5.454824e-05
elapsed=1.323750e+04 cycle=11866 time=6.695205e-01 dt=5.454860e-05
elapsed=1.323848e+04 cycle=11867 time=6.695750e-01 dt=5.454895e-05
elapsed=1.323945e+04 cycle=11868 time=6.696296e-01 dt=5.454931e-05
elapsed=1.324040e+04 cycle=11869 time=6.696841e-01 dt=5.454966e-05
elapsed=1.324136e+04 cycle=11870 time=6.697387e-01 dt=5.455002e-05
elapsed=1.324234e+04 cycle=11871 time=6.697932e-01 dt=5.455037e-05
elapsed=1.324345e+04 cycle=11872 time=6.698478e-01 dt=5.455072e-05
elapsed=1.324442e+04 cycle=11873 time=6.699023e-01 dt=5.455108e-05
elapsed=1.324553e+04 cycle=11874 time=6.699569e-01 dt=5.455143e-05
elapsed=1.326623e+04 cycle=11875 time=6.700114e-01 dt=5.455178e-05
elapsed=1.326720e+04 cycle=11876 time=6.700660e-01 dt=5.455212e-05
elapsed=1.326815e+04 cycle=11877 time=6.701206e-01 dt=5.455247e-05
elapsed=1.326924e+04 cycle=11878 time=6.701751e-01 dt=5.455282e-05
elapsed=1.327021e+04 cycle=11879 time=6.702297e-01 dt=5.455318e-05
elapsed=1.327118e+04 cycle=11880 time=6.702842e-01 dt=5.455353e-05
elapsed=1.327216e+04 cycle=11881 time=6.703388e-01 dt=5.455388e-05
elapsed=1.327311e+04 cycle=11882 time=6.703933e-01 dt=5.455423e-05
elapsed=1.327410e+04 cycle=11883 time=6.704479e-01 dt=5.455458e-05
elapsed=1.327508e+04 cycle=11884 time=6.705024e-01 dt=5.455494e-05
elapsed=1.327604e+04 cycle=11885 time=6.705570e-01 dt=5.455532e-05
elapsed=1.327702e+04 cycle=11886 time=6.706115e-01 dt=5.455569e-05
elapsed=1.327797e+04 cycle=11887 time=6.706661e-01 dt=5.455607e-05
elapsed=1.327894e+04 cycle=11888 time=6.707206e-01 dt=5.455645e-05
elapsed=1.327990e+04 cycle=11889 time=6.707752e-01 dt=5.455683e-05
elapsed=1.328086e+04 cycle=11890 time=6.708298e-01 dt=5.455721e-05
elapsed=1.328183e+04 cycle=11891 time=6.708843e-01 dt=5.455758e-05
elapsed=1.328277e+04 cycle=11892 time=6.709389e-01 dt=5.455796e-05
elapsed=1.328372e+04 cycle=11893 time=6.709934e-01 dt=5.455835e-05
elapsed=1.328467e+04 cycle=11894 time=6.710480e-01 dt=5.455876e-05
elapsed=1.328563e+04 cycle=11895 time=6.711026e-01 dt=5.455917e-05
elapsed=1.328660e+04 cycle=11896 time=6.711571e-01 dt=5.455957e-05
elapsed=1.328757e+04 cycle=11897 time=6.712117e-01 dt=5.455998e-05
elapsed=1.328853e+04 cycle=11898 time=6.712662e-01 dt=5.456038e-05
elapsed=1.328949e+04 cycle=11899 time=6.713208e-01 dt=5.456080e-05
elapsed=1.329047e+04 cycle=11900 time=6.713754e-01 dt=5.456122e-05
elapsed=1.329158e+04 cycle=11901 time=6.714299e-01 dt=5.456165e-05
elapsed=1.329255e+04 cycle=11902 time=6.714845e-01 dt=5.456207e-05
elapsed=1.329352e+04 cycle=11903 time=6.715390e-01 dt=5.456250e-05
elapsed=1.329450e+04 cycle=11904 time=6.715936e-01 dt=5.456294e-05
[Tue Dec 30 09:36:24 EST 2025] Found 11 bin files, deleting 1 oldest...
elapsed=1.329548e+04 cycle=11905 time=6.716482e-01 dt=5.456338e-05
elapsed=1.329644e+04 cycle=11906 time=6.717027e-01 dt=5.456383e-05
[Tue Dec 30 09:36:26 EST 2025] Kept 10 most recent bin files.
elapsed=1.329740e+04 cycle=11907 time=6.717573e-01 dt=5.456428e-05
elapsed=1.329837e+04 cycle=11908 time=6.718119e-01 dt=5.456473e-05
elapsed=1.329932e+04 cycle=11909 time=6.718664e-01 dt=5.456517e-05
elapsed=1.330028e+04 cycle=11910 time=6.719210e-01 dt=5.456563e-05
elapsed=1.330125e+04 cycle=11911 time=6.719755e-01 dt=5.456608e-05
elapsed=1.330236e+04 cycle=11912 time=6.720301e-01 dt=5.456655e-05
elapsed=1.330334e+04 cycle=11913 time=6.720847e-01 dt=5.456701e-05
elapsed=1.330429e+04 cycle=11914 time=6.721392e-01 dt=5.456747e-05
elapsed=1.330526e+04 cycle=11915 time=6.721938e-01 dt=5.456793e-05
elapsed=1.330622e+04 cycle=11916 time=6.722484e-01 dt=5.456837e-05
elapsed=1.330720e+04 cycle=11917 time=6.723030e-01 dt=5.456882e-05
elapsed=1.330816e+04 cycle=11918 time=6.723575e-01 dt=5.456926e-05
elapsed=1.330911e+04 cycle=11919 time=6.724121e-01 dt=5.456970e-05
elapsed=1.331008e+04 cycle=11920 time=6.724667e-01 dt=5.457014e-05
elapsed=1.331104e+04 cycle=11921 time=6.725212e-01 dt=5.457059e-05
elapsed=1.331215e+04 cycle=11922 time=6.725758e-01 dt=5.457103e-05
elapsed=1.331311e+04 cycle=11923 time=6.726304e-01 dt=5.457147e-05
elapsed=1.331421e+04 cycle=11924 time=6.726849e-01 dt=5.457190e-05
elapsed=1.331515e+04 cycle=11925 time=6.727395e-01 dt=5.457233e-05
elapsed=1.331627e+04 cycle=11926 time=6.727941e-01 dt=5.457277e-05
elapsed=1.331738e+04 cycle=11927 time=6.728487e-01 dt=5.457321e-05
elapsed=1.331848e+04 cycle=11928 time=6.729032e-01 dt=5.457365e-05
elapsed=1.331942e+04 cycle=11929 time=6.729578e-01 dt=5.457411e-05
elapsed=1.332039e+04 cycle=11930 time=6.730124e-01 dt=5.457456e-05
elapsed=1.332134e+04 cycle=11931 time=6.730670e-01 dt=5.457500e-05
elapsed=1.332245e+04 cycle=11932 time=6.731215e-01 dt=5.457545e-05
elapsed=1.332356e+04 cycle=11933 time=6.731761e-01 dt=5.457590e-05
elapsed=1.332453e+04 cycle=11934 time=6.732307e-01 dt=5.457635e-05
elapsed=1.332549e+04 cycle=11935 time=6.732853e-01 dt=5.457678e-05
elapsed=1.332644e+04 cycle=11936 time=6.733398e-01 dt=5.457720e-05
elapsed=1.332742e+04 cycle=11937 time=6.733944e-01 dt=5.457763e-05
elapsed=1.332840e+04 cycle=11938 time=6.734490e-01 dt=5.457806e-05
elapsed=1.332935e+04 cycle=11939 time=6.735036e-01 dt=5.457849e-05
elapsed=1.333033e+04 cycle=11940 time=6.735581e-01 dt=5.457893e-05
elapsed=1.333130e+04 cycle=11941 time=6.736127e-01 dt=5.457936e-05
elapsed=1.333226e+04 cycle=11942 time=6.736673e-01 dt=5.457979e-05
elapsed=1.333322e+04 cycle=11943 time=6.737219e-01 dt=5.458024e-05
elapsed=1.333432e+04 cycle=11944 time=6.737765e-01 dt=5.458067e-05
elapsed=1.333530e+04 cycle=11945 time=6.738310e-01 dt=5.458109e-05
elapsed=1.333628e+04 cycle=11946 time=6.738856e-01 dt=5.458151e-05
elapsed=1.333726e+04 cycle=11947 time=6.739402e-01 dt=5.458193e-05
elapsed=1.333823e+04 cycle=11948 time=6.739948e-01 dt=5.458234e-05
elapsed=1.333918e+04 cycle=11949 time=6.740494e-01 dt=5.458276e-05
elapsed=1.334014e+04 cycle=11950 time=6.741040e-01 dt=5.458319e-05
elapsed=1.334109e+04 cycle=11951 time=6.741585e-01 dt=5.458361e-05
elapsed=1.334206e+04 cycle=11952 time=6.742131e-01 dt=5.458403e-05
elapsed=1.334317e+04 cycle=11953 time=6.742677e-01 dt=5.458446e-05
elapsed=1.334412e+04 cycle=11954 time=6.743223e-01 dt=5.458489e-05
elapsed=1.334510e+04 cycle=11955 time=6.743769e-01 dt=5.458531e-05
elapsed=1.334605e+04 cycle=11956 time=6.744315e-01 dt=5.458574e-05
elapsed=1.334703e+04 cycle=11957 time=6.744860e-01 dt=5.458617e-05
elapsed=1.334798e+04 cycle=11958 time=6.745406e-01 dt=5.458661e-05
elapsed=1.334895e+04 cycle=11959 time=6.745952e-01 dt=5.458704e-05
elapsed=1.334990e+04 cycle=11960 time=6.746498e-01 dt=5.458747e-05
elapsed=1.335086e+04 cycle=11961 time=6.747044e-01 dt=5.458791e-05
elapsed=1.335182e+04 cycle=11962 time=6.747590e-01 dt=5.458834e-05
elapsed=1.335277e+04 cycle=11963 time=6.748136e-01 dt=5.458878e-05
elapsed=1.335374e+04 cycle=11964 time=6.748682e-01 dt=5.458921e-05
elapsed=1.335472e+04 cycle=11965 time=6.749227e-01 dt=5.458962e-05
elapsed=1.335568e+04 cycle=11966 time=6.749773e-01 dt=5.459003e-05
elapsed=1.335665e+04 cycle=11967 time=6.750319e-01 dt=5.459042e-05
elapsed=1.335760e+04 cycle=11968 time=6.750865e-01 dt=5.459081e-05
elapsed=1.335856e+04 cycle=11969 time=6.751411e-01 dt=5.459121e-05
elapsed=1.335952e+04 cycle=11970 time=6.751957e-01 dt=5.459161e-05
elapsed=1.336048e+04 cycle=11971 time=6.752503e-01 dt=5.459202e-05
elapsed=1.336144e+04 cycle=11972 time=6.753049e-01 dt=5.459242e-05
elapsed=1.336241e+04 cycle=11973 time=6.753595e-01 dt=5.459281e-05
elapsed=1.336350e+04 cycle=11974 time=6.754141e-01 dt=5.459322e-05
elapsed=1.336447e+04 cycle=11975 time=6.754687e-01 dt=5.459363e-05
elapsed=1.336543e+04 cycle=11976 time=6.755233e-01 dt=5.459405e-05
elapsed=1.336641e+04 cycle=11977 time=6.755779e-01 dt=5.459446e-05
elapsed=1.336738e+04 cycle=11978 time=6.756324e-01 dt=5.459486e-05
elapsed=1.336833e+04 cycle=11979 time=6.756870e-01 dt=5.459527e-05
elapsed=1.336930e+04 cycle=11980 time=6.757416e-01 dt=5.459567e-05
elapsed=1.337025e+04 cycle=11981 time=6.757962e-01 dt=5.459607e-05
elapsed=1.337120e+04 cycle=11982 time=6.758508e-01 dt=5.459647e-05
elapsed=1.337216e+04 cycle=11983 time=6.759054e-01 dt=5.459687e-05
elapsed=1.337311e+04 cycle=11984 time=6.759600e-01 dt=5.459728e-05
elapsed=1.337407e+04 cycle=11985 time=6.760146e-01 dt=5.459770e-05
elapsed=1.337502e+04 cycle=11986 time=6.760692e-01 dt=5.459811e-05
elapsed=1.337599e+04 cycle=11987 time=6.761238e-01 dt=5.459853e-05
elapsed=1.337708e+04 cycle=11988 time=6.761784e-01 dt=5.459896e-05
elapsed=1.337806e+04 cycle=11989 time=6.762330e-01 dt=5.459939e-05
elapsed=1.337901e+04 cycle=11990 time=6.762876e-01 dt=5.459985e-05
elapsed=1.337996e+04 cycle=11991 time=6.763422e-01 dt=5.460031e-05
elapsed=1.338105e+04 cycle=11992 time=6.763968e-01 dt=5.460076e-05
elapsed=1.338203e+04 cycle=11993 time=6.764514e-01 dt=5.460122e-05
elapsed=1.338301e+04 cycle=11994 time=6.765060e-01 dt=5.460168e-05
elapsed=1.338397e+04 cycle=11995 time=6.765606e-01 dt=5.460214e-05
elapsed=1.338495e+04 cycle=11996 time=6.766152e-01 dt=5.460259e-05
elapsed=1.338591e+04 cycle=11997 time=6.766698e-01 dt=5.460305e-05
elapsed=1.338686e+04 cycle=11998 time=6.767244e-01 dt=5.460350e-05
elapsed=1.338782e+04 cycle=11999 time=6.767790e-01 dt=5.460397e-05
elapsed=1.338877e+04 cycle=12000 time=6.768336e-01 dt=5.460444e-05
elapsed=1.338974e+04 cycle=12001 time=6.768882e-01 dt=5.460491e-05
elapsed=1.339085e+04 cycle=12002 time=6.769428e-01 dt=5.460539e-05
elapsed=1.339181e+04 cycle=12003 time=6.769974e-01 dt=5.460586e-05
elapsed=1.339278e+04 cycle=12004 time=6.770520e-01 dt=5.460632e-05
elapsed=1.339373e+04 cycle=12005 time=6.771067e-01 dt=5.460679e-05
elapsed=1.339470e+04 cycle=12006 time=6.771613e-01 dt=5.460726e-05
elapsed=1.339565e+04 cycle=12007 time=6.772159e-01 dt=5.460773e-05
elapsed=1.339659e+04 cycle=12008 time=6.772705e-01 dt=5.460819e-05
elapsed=1.339756e+04 cycle=12009 time=6.773251e-01 dt=5.460866e-05
elapsed=1.339852e+04 cycle=12010 time=6.773797e-01 dt=5.460912e-05
elapsed=1.339949e+04 cycle=12011 time=6.774343e-01 dt=5.460958e-05
elapsed=1.340045e+04 cycle=12012 time=6.774889e-01 dt=5.461005e-05
elapsed=1.340143e+04 cycle=12013 time=6.775435e-01 dt=5.461051e-05
elapsed=1.340240e+04 cycle=12014 time=6.775981e-01 dt=5.461097e-05
elapsed=1.340337e+04 cycle=12015 time=6.776527e-01 dt=5.461143e-05
elapsed=1.340433e+04 cycle=12016 time=6.777074e-01 dt=5.461190e-05
elapsed=1.340529e+04 cycle=12017 time=6.777620e-01 dt=5.461238e-05
elapsed=1.340624e+04 cycle=12018 time=6.778166e-01 dt=5.461285e-05
elapsed=1.340719e+04 cycle=12019 time=6.778712e-01 dt=5.461332e-05
elapsed=1.340830e+04 cycle=12020 time=6.779258e-01 dt=5.461379e-05
elapsed=1.340925e+04 cycle=12021 time=6.779804e-01 dt=5.461426e-05
elapsed=1.341020e+04 cycle=12022 time=6.780350e-01 dt=5.461472e-05
elapsed=1.341117e+04 cycle=12023 time=6.780896e-01 dt=5.461519e-05
elapsed=1.341213e+04 cycle=12024 time=6.781443e-01 dt=5.461566e-05
elapsed=1.341310e+04 cycle=12025 time=6.781989e-01 dt=5.461614e-05
elapsed=1.341421e+04 cycle=12026 time=6.782535e-01 dt=5.461660e-05
elapsed=1.341517e+04 cycle=12027 time=6.783081e-01 dt=5.461707e-05
elapsed=1.341615e+04 cycle=12028 time=6.783627e-01 dt=5.461753e-05
elapsed=1.341711e+04 cycle=12029 time=6.784173e-01 dt=5.461799e-05
elapsed=1.341809e+04 cycle=12030 time=6.784720e-01 dt=5.461844e-05
elapsed=1.341906e+04 cycle=12031 time=6.785266e-01 dt=5.461890e-05
elapsed=1.342000e+04 cycle=12032 time=6.785812e-01 dt=5.461936e-05
elapsed=1.342110e+04 cycle=12033 time=6.786358e-01 dt=5.461982e-05
elapsed=1.342207e+04 cycle=12034 time=6.786904e-01 dt=5.462028e-05
elapsed=1.342302e+04 cycle=12035 time=6.787451e-01 dt=5.462073e-05
elapsed=1.342397e+04 cycle=12036 time=6.787997e-01 dt=5.462119e-05
elapsed=1.342492e+04 cycle=12037 time=6.788543e-01 dt=5.462165e-05
elapsed=1.342589e+04 cycle=12038 time=6.789089e-01 dt=5.462210e-05
elapsed=1.342685e+04 cycle=12039 time=6.789635e-01 dt=5.462257e-05
elapsed=1.342783e+04 cycle=12040 time=6.790182e-01 dt=5.462303e-05
elapsed=1.342880e+04 cycle=12041 time=6.790728e-01 dt=5.462350e-05
elapsed=1.342991e+04 cycle=12042 time=6.791274e-01 dt=5.462396e-05
elapsed=1.343086e+04 cycle=12043 time=6.791820e-01 dt=5.462442e-05
elapsed=1.343181e+04 cycle=12044 time=6.792367e-01 dt=5.462489e-05
elapsed=1.343292e+04 cycle=12045 time=6.792913e-01 dt=5.462535e-05
elapsed=1.343388e+04 cycle=12046 time=6.793459e-01 dt=5.462581e-05
elapsed=1.343499e+04 cycle=12047 time=6.794005e-01 dt=5.462627e-05
elapsed=1.343596e+04 cycle=12048 time=6.794552e-01 dt=5.462672e-05
elapsed=1.343705e+04 cycle=12049 time=6.795098e-01 dt=5.462718e-05
elapsed=1.343800e+04 cycle=12050 time=6.795644e-01 dt=5.462764e-05
elapsed=1.343911e+04 cycle=12051 time=6.796190e-01 dt=5.462810e-05
elapsed=1.344008e+04 cycle=12052 time=6.796737e-01 dt=5.462856e-05
elapsed=1.344105e+04 cycle=12053 time=6.797283e-01 dt=5.462903e-05
elapsed=1.344201e+04 cycle=12054 time=6.797829e-01 dt=5.462951e-05
elapsed=1.344297e+04 cycle=12055 time=6.798376e-01 dt=5.463000e-05
elapsed=1.344394e+04 cycle=12056 time=6.798922e-01 dt=5.463050e-05
elapsed=1.344490e+04 cycle=12057 time=6.799468e-01 dt=5.463100e-05
elapsed=1.346363e+04 cycle=12058 time=6.800015e-01 dt=5.463150e-05
elapsed=1.346461e+04 cycle=12059 time=6.800561e-01 dt=5.463202e-05
elapsed=1.346570e+04 cycle=12060 time=6.801107e-01 dt=5.463253e-05
elapsed=1.346664e+04 cycle=12061 time=6.801654e-01 dt=5.463304e-05
elapsed=1.346761e+04 cycle=12062 time=6.802200e-01 dt=5.463354e-05
elapsed=1.346857e+04 cycle=12063 time=6.802746e-01 dt=5.463405e-05
elapsed=1.346954e+04 cycle=12064 time=6.803293e-01 dt=5.463456e-05
elapsed=1.347051e+04 cycle=12065 time=6.803839e-01 dt=5.463508e-05
elapsed=1.347145e+04 cycle=12066 time=6.804385e-01 dt=5.463560e-05
elapsed=1.347242e+04 cycle=12067 time=6.804932e-01 dt=5.463612e-05
elapsed=1.347338e+04 cycle=12068 time=6.805478e-01 dt=5.463663e-05
elapsed=1.347436e+04 cycle=12069 time=6.806024e-01 dt=5.463715e-05
elapsed=1.347533e+04 cycle=12070 time=6.806571e-01 dt=5.463767e-05
elapsed=1.347630e+04 cycle=12071 time=6.807117e-01 dt=5.463818e-05
[Tue Dec 30 09:39:26 EST 2025] Found 11 bin files, deleting 1 oldest...
elapsed=1.347724e+04 cycle=12072 time=6.807663e-01 dt=5.463870e-05
elapsed=1.347836e+04 cycle=12073 time=6.808210e-01 dt=5.463921e-05
[Tue Dec 30 09:39:28 EST 2025] Kept 10 most recent bin files.
elapsed=1.347934e+04 cycle=12074 time=6.808756e-01 dt=5.463971e-05
elapsed=1.348030e+04 cycle=12075 time=6.809303e-01 dt=5.464022e-05
elapsed=1.348128e+04 cycle=12076 time=6.809849e-01 dt=5.464072e-05
elapsed=1.348227e+04 cycle=12077 time=6.810395e-01 dt=5.464123e-05
elapsed=1.348325e+04 cycle=12078 time=6.810942e-01 dt=5.464173e-05
elapsed=1.348423e+04 cycle=12079 time=6.811488e-01 dt=5.464224e-05
elapsed=1.348518e+04 cycle=12080 time=6.812035e-01 dt=5.464274e-05
elapsed=1.348630e+04 cycle=12081 time=6.812581e-01 dt=5.464325e-05
elapsed=1.348728e+04 cycle=12082 time=6.813128e-01 dt=5.464377e-05
elapsed=1.348822e+04 cycle=12083 time=6.813674e-01 dt=5.464428e-05
elapsed=1.348917e+04 cycle=12084 time=6.814220e-01 dt=5.464478e-05
elapsed=1.349014e+04 cycle=12085 time=6.814767e-01 dt=5.464529e-05
elapsed=1.349110e+04 cycle=12086 time=6.815313e-01 dt=5.464580e-05
elapsed=1.349206e+04 cycle=12087 time=6.815860e-01 dt=5.464632e-05
elapsed=1.349305e+04 cycle=12088 time=6.816406e-01 dt=5.464684e-05
elapsed=1.349401e+04 cycle=12089 time=6.816953e-01 dt=5.464736e-05
elapsed=1.349512e+04 cycle=12090 time=6.817499e-01 dt=5.464789e-05
elapsed=1.349623e+04 cycle=12091 time=6.818046e-01 dt=5.464841e-05
elapsed=1.349720e+04 cycle=12092 time=6.818592e-01 dt=5.464893e-05
elapsed=1.349816e+04 cycle=12093 time=6.819139e-01 dt=5.464944e-05
elapsed=1.349913e+04 cycle=12094 time=6.819685e-01 dt=5.464995e-05
elapsed=1.350011e+04 cycle=12095 time=6.820232e-01 dt=5.465045e-05
elapsed=1.350107e+04 cycle=12096 time=6.820778e-01 dt=5.465096e-05
elapsed=1.350201e+04 cycle=12097 time=6.821325e-01 dt=5.465149e-05
elapsed=1.350297e+04 cycle=12098 time=6.821871e-01 dt=5.465203e-05
elapsed=1.350394e+04 cycle=12099 time=6.822418e-01 dt=5.465256e-05
elapsed=1.350503e+04 cycle=12100 time=6.822964e-01 dt=5.465310e-05
elapsed=1.350601e+04 cycle=12101 time=6.823511e-01 dt=5.465363e-05
elapsed=1.350700e+04 cycle=12102 time=6.824057e-01 dt=5.465417e-05
elapsed=1.350796e+04 cycle=12103 time=6.824604e-01 dt=5.465472e-05
elapsed=1.350893e+04 cycle=12104 time=6.825150e-01 dt=5.465527e-05
elapsed=1.350990e+04 cycle=12105 time=6.825697e-01 dt=5.465582e-05
elapsed=1.351086e+04 cycle=12106 time=6.826243e-01 dt=5.465639e-05
elapsed=1.351183e+04 cycle=12107 time=6.826790e-01 dt=5.465695e-05
elapsed=1.351281e+04 cycle=12108 time=6.827337e-01 dt=5.465751e-05
elapsed=1.351377e+04 cycle=12109 time=6.827883e-01 dt=5.465807e-05
elapsed=1.351475e+04 cycle=12110 time=6.828430e-01 dt=5.465864e-05
elapsed=1.351573e+04 cycle=12111 time=6.828976e-01 dt=5.465920e-05
elapsed=1.351668e+04 cycle=12112 time=6.829523e-01 dt=5.465977e-05
elapsed=1.351764e+04 cycle=12113 time=6.830070e-01 dt=5.466033e-05
elapsed=1.351875e+04 cycle=12114 time=6.830616e-01 dt=5.466090e-05
elapsed=1.351973e+04 cycle=12115 time=6.831163e-01 dt=5.466146e-05
elapsed=1.352070e+04 cycle=12116 time=6.831709e-01 dt=5.466201e-05
elapsed=1.352165e+04 cycle=12117 time=6.832256e-01 dt=5.466256e-05
elapsed=1.352260e+04 cycle=12118 time=6.832803e-01 dt=5.466311e-05
elapsed=1.352357e+04 cycle=12119 time=6.833349e-01 dt=5.466366e-05
elapsed=1.352455e+04 cycle=12120 time=6.833896e-01 dt=5.466421e-05
elapsed=1.352553e+04 cycle=12121 time=6.834443e-01 dt=5.466476e-05
elapsed=1.352664e+04 cycle=12122 time=6.834989e-01 dt=5.466532e-05
elapsed=1.352762e+04 cycle=12123 time=6.835536e-01 dt=5.466586e-05
elapsed=1.352858e+04 cycle=12124 time=6.836082e-01 dt=5.466640e-05
elapsed=1.352953e+04 cycle=12125 time=6.836629e-01 dt=5.466694e-05
elapsed=1.353048e+04 cycle=12126 time=6.837176e-01 dt=5.466750e-05
elapsed=1.353144e+04 cycle=12127 time=6.837722e-01 dt=5.466808e-05
elapsed=1.353242e+04 cycle=12128 time=6.838269e-01 dt=5.466867e-05
elapsed=1.353353e+04 cycle=12129 time=6.838816e-01 dt=5.466924e-05
elapsed=1.353451e+04 cycle=12130 time=6.839363e-01 dt=5.466981e-05
elapsed=1.353547e+04 cycle=12131 time=6.839909e-01 dt=5.467036e-05
elapsed=1.353644e+04 cycle=12132 time=6.840456e-01 dt=5.467093e-05
elapsed=1.353742e+04 cycle=12133 time=6.841003e-01 dt=5.467149e-05
elapsed=1.353839e+04 cycle=12134 time=6.841549e-01 dt=5.467205e-05
elapsed=1.353933e+04 cycle=12135 time=6.842096e-01 dt=5.467261e-05
elapsed=1.354030e+04 cycle=12136 time=6.842643e-01 dt=5.467317e-05
elapsed=1.354141e+04 cycle=12137 time=6.843190e-01 dt=5.467371e-05
elapsed=1.354238e+04 cycle=12138 time=6.843736e-01 dt=5.467427e-05
elapsed=1.354336e+04 cycle=12139 time=6.844283e-01 dt=5.467483e-05
elapsed=1.354431e+04 cycle=12140 time=6.844830e-01 dt=5.467540e-05
elapsed=1.354526e+04 cycle=12141 time=6.845377e-01 dt=5.467598e-05
elapsed=1.354622e+04 cycle=12142 time=6.845923e-01 dt=5.467657e-05
elapsed=1.354720e+04 cycle=12143 time=6.846470e-01 dt=5.467716e-05
elapsed=1.354815e+04 cycle=12144 time=6.847017e-01 dt=5.467775e-05
elapsed=1.354912e+04 cycle=12145 time=6.847564e-01 dt=5.467835e-05
elapsed=1.355008e+04 cycle=12146 time=6.848110e-01 dt=5.467894e-05
elapsed=1.355103e+04 cycle=12147 time=6.848657e-01 dt=5.467953e-05
elapsed=1.355200e+04 cycle=12148 time=6.849204e-01 dt=5.468012e-05
elapsed=1.355296e+04 cycle=12149 time=6.849751e-01 dt=5.468071e-05
elapsed=1.355391e+04 cycle=12150 time=6.850298e-01 dt=5.468130e-05
elapsed=1.355487e+04 cycle=12151 time=6.850844e-01 dt=5.468189e-05
elapsed=1.355585e+04 cycle=12152 time=6.851391e-01 dt=5.468250e-05
elapsed=1.355682e+04 cycle=12153 time=6.851938e-01 dt=5.468310e-05
elapsed=1.355779e+04 cycle=12154 time=6.852485e-01 dt=5.468373e-05
elapsed=1.355876e+04 cycle=12155 time=6.853032e-01 dt=5.468435e-05
elapsed=1.355972e+04 cycle=12156 time=6.853579e-01 dt=5.468499e-05
elapsed=1.356067e+04 cycle=12157 time=6.854125e-01 dt=5.468564e-05
elapsed=1.356164e+04 cycle=12158 time=6.854672e-01 dt=5.468628e-05
elapsed=1.356262e+04 cycle=12159 time=6.855219e-01 dt=5.468690e-05
elapsed=1.356358e+04 cycle=12160 time=6.855766e-01 dt=5.468751e-05
elapsed=1.356453e+04 cycle=12161 time=6.856313e-01 dt=5.468813e-05
elapsed=1.356549e+04 cycle=12162 time=6.856860e-01 dt=5.468875e-05
elapsed=1.356644e+04 cycle=12163 time=6.857407e-01 dt=5.468937e-05
elapsed=1.356741e+04 cycle=12164 time=6.857954e-01 dt=5.468998e-05
elapsed=1.356852e+04 cycle=12165 time=6.858500e-01 dt=5.469059e-05
elapsed=1.356947e+04 cycle=12166 time=6.859047e-01 dt=5.469122e-05
elapsed=1.357041e+04 cycle=12167 time=6.859594e-01 dt=5.469185e-05
elapsed=1.357136e+04 cycle=12168 time=6.860141e-01 dt=5.469248e-05
elapsed=1.357245e+04 cycle=12169 time=6.860688e-01 dt=5.469311e-05
elapsed=1.357342e+04 cycle=12170 time=6.861235e-01 dt=5.469376e-05
elapsed=1.357439e+04 cycle=12171 time=6.861782e-01 dt=5.469442e-05
elapsed=1.357536e+04 cycle=12172 time=6.862329e-01 dt=5.469423e-05
elapsed=1.357648e+04 cycle=12173 time=6.862876e-01 dt=5.469266e-05
elapsed=1.357745e+04 cycle=12174 time=6.863423e-01 dt=5.469109e-05
elapsed=1.357841e+04 cycle=12175 time=6.863970e-01 dt=5.468952e-05
elapsed=1.357937e+04 cycle=12176 time=6.864517e-01 dt=5.468796e-05
elapsed=1.358048e+04 cycle=12177 time=6.865063e-01 dt=5.468639e-05
elapsed=1.358146e+04 cycle=12178 time=6.865610e-01 dt=5.468482e-05
elapsed=1.358242e+04 cycle=12179 time=6.866157e-01 dt=5.468325e-05
elapsed=1.358339e+04 cycle=12180 time=6.866704e-01 dt=5.468168e-05
elapsed=1.358436e+04 cycle=12181 time=6.867251e-01 dt=5.468011e-05
elapsed=1.358530e+04 cycle=12182 time=6.867798e-01 dt=5.467856e-05
elapsed=1.358627e+04 cycle=12183 time=6.868344e-01 dt=5.467701e-05
elapsed=1.358723e+04 cycle=12184 time=6.868891e-01 dt=5.467546e-05
elapsed=1.358821e+04 cycle=12185 time=6.869438e-01 dt=5.467390e-05
elapsed=1.358917e+04 cycle=12186 time=6.869985e-01 dt=5.467233e-05
elapsed=1.359016e+04 cycle=12187 time=6.870531e-01 dt=5.467075e-05
elapsed=1.359112e+04 cycle=12188 time=6.871078e-01 dt=5.466917e-05
elapsed=1.359208e+04 cycle=12189 time=6.871625e-01 dt=5.466760e-05
elapsed=1.359305e+04 cycle=12190 time=6.872171e-01 dt=5.466602e-05
elapsed=1.359400e+04 cycle=12191 time=6.872718e-01 dt=5.466445e-05
elapsed=1.359495e+04 cycle=12192 time=6.873265e-01 dt=5.466289e-05
elapsed=1.359591e+04 cycle=12193 time=6.873811e-01 dt=5.466134e-05
elapsed=1.359688e+04 cycle=12194 time=6.874358e-01 dt=5.465978e-05
elapsed=1.359784e+04 cycle=12195 time=6.874905e-01 dt=5.465824e-05
elapsed=1.359881e+04 cycle=12196 time=6.875451e-01 dt=5.465670e-05
elapsed=1.359978e+04 cycle=12197 time=6.875998e-01 dt=5.465516e-05
elapsed=1.360076e+04 cycle=12198 time=6.876544e-01 dt=5.465362e-05
elapsed=1.360174e+04 cycle=12199 time=6.877091e-01 dt=5.465207e-05
elapsed=1.360271e+04 cycle=12200 time=6.877637e-01 dt=5.465053e-05
elapsed=1.360367e+04 cycle=12201 time=6.878184e-01 dt=5.464899e-05
elapsed=1.360461e+04 cycle=12202 time=6.878730e-01 dt=5.464746e-05
elapsed=1.360558e+04 cycle=12203 time=6.879277e-01 dt=5.464594e-05
elapsed=1.360654e+04 cycle=12204 time=6.879823e-01 dt=5.464441e-05
elapsed=1.360749e+04 cycle=12205 time=6.880370e-01 dt=5.464289e-05
elapsed=1.360846e+04 cycle=12206 time=6.880916e-01 dt=5.464137e-05
elapsed=1.360944e+04 cycle=12207 time=6.881463e-01 dt=5.463984e-05
elapsed=1.361038e+04 cycle=12208 time=6.882009e-01 dt=5.463832e-05
elapsed=1.361135e+04 cycle=12209 time=6.882555e-01 dt=5.463679e-05
elapsed=1.361233e+04 cycle=12210 time=6.883102e-01 dt=5.463526e-05
elapsed=1.361330e+04 cycle=12211 time=6.883648e-01 dt=5.463374e-05
elapsed=1.361442e+04 cycle=12212 time=6.884194e-01 dt=5.463221e-05
elapsed=1.361540e+04 cycle=12213 time=6.884741e-01 dt=5.463068e-05
elapsed=1.361634e+04 cycle=12214 time=6.885287e-01 dt=5.462917e-05
elapsed=1.361730e+04 cycle=12215 time=6.885833e-01 dt=5.462765e-05
elapsed=1.361840e+04 cycle=12216 time=6.886380e-01 dt=5.462614e-05
elapsed=1.361938e+04 cycle=12217 time=6.886926e-01 dt=5.462464e-05
elapsed=1.362034e+04 cycle=12218 time=6.887472e-01 dt=5.462314e-05
elapsed=1.362131e+04 cycle=12219 time=6.888018e-01 dt=5.462165e-05
elapsed=1.362227e+04 cycle=12220 time=6.888565e-01 dt=5.462016e-05
elapsed=1.362325e+04 cycle=12221 time=6.889111e-01 dt=5.461868e-05
elapsed=1.362420e+04 cycle=12222 time=6.889657e-01 dt=5.461720e-05
elapsed=1.362515e+04 cycle=12223 time=6.890203e-01 dt=5.461572e-05
elapsed=1.362613e+04 cycle=12224 time=6.890749e-01 dt=5.461424e-05
elapsed=1.362708e+04 cycle=12225 time=6.891295e-01 dt=5.461277e-05
elapsed=1.362804e+04 cycle=12226 time=6.891842e-01 dt=5.461129e-05
elapsed=1.362899e+04 cycle=12227 time=6.892388e-01 dt=5.460981e-05
elapsed=1.362995e+04 cycle=12228 time=6.892934e-01 dt=5.460833e-05
elapsed=1.363091e+04 cycle=12229 time=6.893480e-01 dt=5.460685e-05
elapsed=1.363188e+04 cycle=12230 time=6.894026e-01 dt=5.460537e-05
elapsed=1.363284e+04 cycle=12231 time=6.894572e-01 dt=5.460389e-05
elapsed=1.363379e+04 cycle=12232 time=6.895118e-01 dt=5.460242e-05
elapsed=1.363475e+04 cycle=12233 time=6.895664e-01 dt=5.460094e-05
elapsed=1.363574e+04 cycle=12234 time=6.896210e-01 dt=5.459946e-05
elapsed=1.363670e+04 cycle=12235 time=6.896756e-01 dt=5.459797e-05
elapsed=1.363779e+04 cycle=12236 time=6.897302e-01 dt=5.459647e-05
elapsed=1.363877e+04 cycle=12237 time=6.897848e-01 dt=5.459498e-05
elapsed=1.363974e+04 cycle=12238 time=6.898394e-01 dt=5.459349e-05
elapsed=1.364072e+04 cycle=12239 time=6.898940e-01 dt=5.459201e-05
elapsed=1.364167e+04 cycle=12240 time=6.899486e-01 dt=5.459053e-05
[Tue Dec 30 09:42:28 EST 2025] Found 11 bin files, deleting 1 oldest...
[Tue Dec 30 09:42:30 EST 2025] Kept 10 most recent bin files.
elapsed=1.366084e+04 cycle=12241 time=6.900032e-01 dt=5.458904e-05
elapsed=1.366179e+04 cycle=12242 time=6.900578e-01 dt=5.458755e-05
elapsed=1.366276e+04 cycle=12243 time=6.901123e-01 dt=5.458606e-05
elapsed=1.366385e+04 cycle=12244 time=6.901669e-01 dt=5.458456e-05
elapsed=1.366480e+04 cycle=12245 time=6.902215e-01 dt=5.458306e-05
elapsed=1.366577e+04 cycle=12246 time=6.902761e-01 dt=5.458157e-05
elapsed=1.366675e+04 cycle=12247 time=6.903307e-01 dt=5.458007e-05
elapsed=1.366770e+04 cycle=12248 time=6.903853e-01 dt=5.457857e-05
elapsed=1.366866e+04 cycle=12249 time=6.904398e-01 dt=5.457707e-05
elapsed=1.366961e+04 cycle=12250 time=6.904944e-01 dt=5.457557e-05
elapsed=1.367058e+04 cycle=12251 time=6.905490e-01 dt=5.457406e-05
elapsed=1.367152e+04 cycle=12252 time=6.906036e-01 dt=5.457255e-05
elapsed=1.367251e+04 cycle=12253 time=6.906581e-01 dt=5.457104e-05
elapsed=1.367347e+04 cycle=12254 time=6.907127e-01 dt=5.456953e-05
elapsed=1.367445e+04 cycle=12255 time=6.907673e-01 dt=5.456802e-05
elapsed=1.367542e+04 cycle=12256 time=6.908218e-01 dt=5.456651e-05
elapsed=1.367637e+04 cycle=12257 time=6.908764e-01 dt=5.456500e-05
elapsed=1.367733e+04 cycle=12258 time=6.909310e-01 dt=5.456349e-05
elapsed=1.367842e+04 cycle=12259 time=6.909855e-01 dt=5.456198e-05
elapsed=1.367940e+04 cycle=12260 time=6.910401e-01 dt=5.456048e-05
elapsed=1.368035e+04 cycle=12261 time=6.910947e-01 dt=5.455897e-05
elapsed=1.368130e+04 cycle=12262 time=6.911492e-01 dt=5.455747e-05
elapsed=1.368228e+04 cycle=12263 time=6.912038e-01 dt=5.455597e-05
elapsed=1.368323e+04 cycle=12264 time=6.912583e-01 dt=5.455449e-05
elapsed=1.368418e+04 cycle=12265 time=6.913129e-01 dt=5.455301e-05
elapsed=1.368514e+04 cycle=12266 time=6.913674e-01 dt=5.455154e-05
elapsed=1.368609e+04 cycle=12267 time=6.914220e-01 dt=5.455006e-05
elapsed=1.368706e+04 cycle=12268 time=6.914765e-01 dt=5.454858e-05
elapsed=1.368815e+04 cycle=12269 time=6.915311e-01 dt=5.454711e-05
elapsed=1.368910e+04 cycle=12270 time=6.915856e-01 dt=5.454563e-05
elapsed=1.369004e+04 cycle=12271 time=6.916402e-01 dt=5.454415e-05
elapsed=1.369100e+04 cycle=12272 time=6.916947e-01 dt=5.454268e-05
elapsed=1.369198e+04 cycle=12273 time=6.917493e-01 dt=5.454122e-05
elapsed=1.369296e+04 cycle=12274 time=6.918038e-01 dt=5.453976e-05
elapsed=1.369394e+04 cycle=12275 time=6.918584e-01 dt=5.453829e-05
elapsed=1.369491e+04 cycle=12276 time=6.919129e-01 dt=5.453683e-05
elapsed=1.369588e+04 cycle=12277 time=6.919674e-01 dt=5.453536e-05
elapsed=1.369682e+04 cycle=12278 time=6.920220e-01 dt=5.453390e-05
elapsed=1.369780e+04 cycle=12279 time=6.920765e-01 dt=5.453244e-05
elapsed=1.369877e+04 cycle=12280 time=6.921310e-01 dt=5.453098e-05
elapsed=1.369972e+04 cycle=12281 time=6.921856e-01 dt=5.452953e-05
elapsed=1.370067e+04 cycle=12282 time=6.922401e-01 dt=5.452808e-05
elapsed=1.370176e+04 cycle=12283 time=6.922946e-01 dt=5.452665e-05
elapsed=1.370287e+04 cycle=12284 time=6.923491e-01 dt=5.452522e-05
elapsed=1.370386e+04 cycle=12285 time=6.924037e-01 dt=5.452380e-05
elapsed=1.370482e+04 cycle=12286 time=6.924582e-01 dt=5.452239e-05
elapsed=1.370578e+04 cycle=12287 time=6.925127e-01 dt=5.452097e-05
elapsed=1.370675e+04 cycle=12288 time=6.925672e-01 dt=5.451956e-05
elapsed=1.370771e+04 cycle=12289 time=6.926218e-01 dt=5.451815e-05
elapsed=1.370868e+04 cycle=12290 time=6.926763e-01 dt=5.451675e-05
elapsed=1.370964e+04 cycle=12291 time=6.927308e-01 dt=5.451536e-05
elapsed=1.371061e+04 cycle=12292 time=6.927853e-01 dt=5.451396e-05
elapsed=1.371170e+04 cycle=12293 time=6.928398e-01 dt=5.451255e-05
elapsed=1.371267e+04 cycle=12294 time=6.928943e-01 dt=5.451114e-05
elapsed=1.371365e+04 cycle=12295 time=6.929488e-01 dt=5.450974e-05
elapsed=1.371463e+04 cycle=12296 time=6.930034e-01 dt=5.450835e-05
elapsed=1.371560e+04 cycle=12297 time=6.930579e-01 dt=5.450698e-05
elapsed=1.371658e+04 cycle=12298 time=6.931124e-01 dt=5.450560e-05
elapsed=1.371754e+04 cycle=12299 time=6.931669e-01 dt=5.450423e-05
elapsed=1.371849e+04 cycle=12300 time=6.932214e-01 dt=5.450286e-05
elapsed=1.371945e+04 cycle=12301 time=6.932759e-01 dt=5.450149e-05
elapsed=1.372041e+04 cycle=12302 time=6.933304e-01 dt=5.450011e-05
elapsed=1.372138e+04 cycle=12303 time=6.933849e-01 dt=5.449873e-05
elapsed=1.372234e+04 cycle=12304 time=6.934394e-01 dt=5.449735e-05
elapsed=1.372345e+04 cycle=12305 time=6.934939e-01 dt=5.449596e-05
elapsed=1.372443e+04 cycle=12306 time=6.935484e-01 dt=5.449456e-05
elapsed=1.372540e+04 cycle=12307 time=6.936029e-01 dt=5.449317e-05
elapsed=1.372638e+04 cycle=12308 time=6.936574e-01 dt=5.449178e-05
elapsed=1.372733e+04 cycle=12309 time=6.937119e-01 dt=5.449039e-05
elapsed=1.372828e+04 cycle=12310 time=6.937663e-01 dt=5.448902e-05
elapsed=1.372926e+04 cycle=12311 time=6.938208e-01 dt=5.448766e-05
elapsed=1.373037e+04 cycle=12312 time=6.938753e-01 dt=5.448631e-05
elapsed=1.373134e+04 cycle=12313 time=6.939298e-01 dt=5.448496e-05
elapsed=1.373230e+04 cycle=12314 time=6.939843e-01 dt=5.448360e-05
elapsed=1.373328e+04 cycle=12315 time=6.940388e-01 dt=5.448224e-05
elapsed=1.373425e+04 cycle=12316 time=6.940933e-01 dt=5.448090e-05
elapsed=1.373521e+04 cycle=12317 time=6.941477e-01 dt=5.447955e-05
elapsed=1.373617e+04 cycle=12318 time=6.942022e-01 dt=5.447819e-05
elapsed=1.373715e+04 cycle=12319 time=6.942567e-01 dt=5.447684e-05
elapsed=1.373812e+04 cycle=12320 time=6.943112e-01 dt=5.447550e-05
elapsed=1.373909e+04 cycle=12321 time=6.943657e-01 dt=5.447416e-05
elapsed=1.374007e+04 cycle=12322 time=6.944201e-01 dt=5.447282e-05
elapsed=1.374106e+04 cycle=12323 time=6.944746e-01 dt=5.447149e-05
elapsed=1.374201e+04 cycle=12324 time=6.945291e-01 dt=5.447016e-05
elapsed=1.374310e+04 cycle=12325 time=6.945835e-01 dt=5.446884e-05
elapsed=1.374405e+04 cycle=12326 time=6.946380e-01 dt=5.446753e-05
elapsed=1.374502e+04 cycle=12327 time=6.946925e-01 dt=5.446622e-05
elapsed=1.374597e+04 cycle=12328 time=6.947469e-01 dt=5.446490e-05
elapsed=1.374694e+04 cycle=12329 time=6.948014e-01 dt=5.446358e-05
elapsed=1.374788e+04 cycle=12330 time=6.948559e-01 dt=5.446228e-05
elapsed=1.374886e+04 cycle=12331 time=6.949103e-01 dt=5.446098e-05
elapsed=1.374984e+04 cycle=12332 time=6.949648e-01 dt=5.445968e-05
elapsed=1.375081e+04 cycle=12333 time=6.950193e-01 dt=5.445838e-05
elapsed=1.375177e+04 cycle=12334 time=6.950737e-01 dt=5.445707e-05
elapsed=1.375286e+04 cycle=12335 time=6.951282e-01 dt=5.445578e-05
elapsed=1.375383e+04 cycle=12336 time=6.951826e-01 dt=5.445449e-05
elapsed=1.375478e+04 cycle=12337 time=6.952371e-01 dt=5.445321e-05
elapsed=1.375574e+04 cycle=12338 time=6.952915e-01 dt=5.445193e-05
elapsed=1.375668e+04 cycle=12339 time=6.953460e-01 dt=5.445066e-05
elapsed=1.375777e+04 cycle=12340 time=6.954004e-01 dt=5.444939e-05
elapsed=1.375875e+04 cycle=12341 time=6.954549e-01 dt=5.444814e-05
elapsed=1.375972e+04 cycle=12342 time=6.955093e-01 dt=5.444690e-05
elapsed=1.376069e+04 cycle=12343 time=6.955638e-01 dt=5.444565e-05
elapsed=1.376165e+04 cycle=12344 time=6.956182e-01 dt=5.444440e-05
elapsed=1.376262e+04 cycle=12345 time=6.956727e-01 dt=5.444316e-05
elapsed=1.376360e+04 cycle=12346 time=6.957271e-01 dt=5.444191e-05
elapsed=1.376456e+04 cycle=12347 time=6.957816e-01 dt=5.444066e-05
elapsed=1.376551e+04 cycle=12348 time=6.958360e-01 dt=5.443942e-05
elapsed=1.376646e+04 cycle=12349 time=6.958904e-01 dt=5.443819e-05
elapsed=1.376744e+04 cycle=12350 time=6.959449e-01 dt=5.443697e-05
elapsed=1.376839e+04 cycle=12351 time=6.959993e-01 dt=5.443576e-05
elapsed=1.376933e+04 cycle=12352 time=6.960537e-01 dt=5.443455e-05
elapsed=1.377030e+04 cycle=12353 time=6.961082e-01 dt=5.443335e-05
elapsed=1.377128e+04 cycle=12354 time=6.961626e-01 dt=5.443215e-05
elapsed=1.377237e+04 cycle=12355 time=6.962170e-01 dt=5.443096e-05
elapsed=1.377335e+04 cycle=12356 time=6.962715e-01 dt=5.442978e-05
elapsed=1.377433e+04 cycle=12357 time=6.963259e-01 dt=5.442860e-05
elapsed=1.377530e+04 cycle=12358 time=6.963803e-01 dt=5.442743e-05
elapsed=1.377624e+04 cycle=12359 time=6.964348e-01 dt=5.442625e-05
elapsed=1.377721e+04 cycle=12360 time=6.964892e-01 dt=5.442509e-05
elapsed=1.377819e+04 cycle=12361 time=6.965436e-01 dt=5.442394e-05
elapsed=1.377914e+04 cycle=12362 time=6.965980e-01 dt=5.442280e-05
elapsed=1.378012e+04 cycle=12363 time=6.966525e-01 dt=5.442166e-05
elapsed=1.378109e+04 cycle=12364 time=6.967069e-01 dt=5.442051e-05
elapsed=1.378205e+04 cycle=12365 time=6.967613e-01 dt=5.441934e-05
elapsed=1.378301e+04 cycle=12366 time=6.968157e-01 dt=5.441817e-05
elapsed=1.378413e+04 cycle=12367 time=6.968701e-01 dt=5.441699e-05
elapsed=1.378509e+04 cycle=12368 time=6.969246e-01 dt=5.441581e-05
elapsed=1.378604e+04 cycle=12369 time=6.969790e-01 dt=5.441464e-05
elapsed=1.378699e+04 cycle=12370 time=6.970334e-01 dt=5.441346e-05
elapsed=1.378797e+04 cycle=12371 time=6.970878e-01 dt=5.441228e-05
elapsed=1.378893e+04 cycle=12372 time=6.971422e-01 dt=5.441110e-05
elapsed=1.378990e+04 cycle=12373 time=6.971966e-01 dt=5.440993e-05
elapsed=1.379086e+04 cycle=12374 time=6.972510e-01 dt=5.440876e-05
elapsed=1.379183e+04 cycle=12375 time=6.973054e-01 dt=5.440759e-05
elapsed=1.379278e+04 cycle=12376 time=6.973599e-01 dt=5.440642e-05
elapsed=1.379374e+04 cycle=12377 time=6.974143e-01 dt=5.440525e-05
elapsed=1.379471e+04 cycle=12378 time=6.974687e-01 dt=5.440408e-05
elapsed=1.379570e+04 cycle=12379 time=6.975231e-01 dt=5.440291e-05
elapsed=1.379666e+04 cycle=12380 time=6.975775e-01 dt=5.440173e-05
elapsed=1.379775e+04 cycle=12381 time=6.976319e-01 dt=5.440056e-05
elapsed=1.379871e+04 cycle=12382 time=6.976863e-01 dt=5.439939e-05
elapsed=1.379969e+04 cycle=12383 time=6.977407e-01 dt=5.439822e-05
elapsed=1.380067e+04 cycle=12384 time=6.977951e-01 dt=5.439706e-05
elapsed=1.380165e+04 cycle=12385 time=6.978495e-01 dt=5.439590e-05
elapsed=1.380262e+04 cycle=12386 time=6.979039e-01 dt=5.439475e-05
elapsed=1.380359e+04 cycle=12387 time=6.979583e-01 dt=5.439360e-05
elapsed=1.380469e+04 cycle=12388 time=6.980127e-01 dt=5.439246e-05
elapsed=1.380563e+04 cycle=12389 time=6.980670e-01 dt=5.439131e-05
elapsed=1.380661e+04 cycle=12390 time=6.981214e-01 dt=5.439017e-05
elapsed=1.380758e+04 cycle=12391 time=6.981758e-01 dt=5.438903e-05
elapsed=1.380856e+04 cycle=12392 time=6.982302e-01 dt=5.438790e-05
elapsed=1.380954e+04 cycle=12393 time=6.982846e-01 dt=5.438677e-05
elapsed=1.381049e+04 cycle=12394 time=6.983390e-01 dt=5.438564e-05
elapsed=1.381158e+04 cycle=12395 time=6.983934e-01 dt=5.438451e-05
elapsed=1.381255e+04 cycle=12396 time=6.984478e-01 dt=5.438338e-05
elapsed=1.381353e+04 cycle=12397 time=6.985021e-01 dt=5.438225e-05
elapsed=1.381451e+04 cycle=12398 time=6.985565e-01 dt=5.438111e-05
elapsed=1.381562e+04 cycle=12399 time=6.986109e-01 dt=5.437997e-05
elapsed=1.381657e+04 cycle=12400 time=6.986653e-01 dt=5.437883e-05
elapsed=1.381752e+04 cycle=12401 time=6.987197e-01 dt=5.437768e-05
elapsed=1.381861e+04 cycle=12402 time=6.987740e-01 dt=5.437654e-05
elapsed=1.381958e+04 cycle=12403 time=6.988284e-01 dt=5.437540e-05
elapsed=1.382056e+04 cycle=12404 time=6.988828e-01 dt=5.437424e-05
elapsed=1.382152e+04 cycle=12405 time=6.989372e-01 dt=5.437308e-05
elapsed=1.382249e+04 cycle=12406 time=6.989915e-01 dt=5.437194e-05
elapsed=1.382346e+04 cycle=12407 time=6.990459e-01 dt=5.437079e-05
elapsed=1.382444e+04 cycle=12408 time=6.991003e-01 dt=5.436965e-05
elapsed=1.382540e+04 cycle=12409 time=6.991547e-01 dt=5.436850e-05
elapsed=1.382635e+04 cycle=12410 time=6.992090e-01 dt=5.436735e-05
elapsed=1.382731e+04 cycle=12411 time=6.992634e-01 dt=5.436618e-05
elapsed=1.382828e+04 cycle=12412 time=6.993178e-01 dt=5.436502e-05
elapsed=1.382923e+04 cycle=12413 time=6.993721e-01 dt=5.436387e-05
elapsed=1.383020e+04 cycle=12414 time=6.994265e-01 dt=5.436272e-05
elapsed=1.383116e+04 cycle=12415 time=6.994809e-01 dt=5.436158e-05
elapsed=1.383213e+04 cycle=12416 time=6.995352e-01 dt=5.436044e-05
elapsed=1.383311e+04 cycle=12417 time=6.995896e-01 dt=5.435929e-05
elapsed=1.383406e+04 cycle=12418 time=6.996439e-01 dt=5.435814e-05
elapsed=1.383517e+04 cycle=12419 time=6.996983e-01 dt=5.435698e-05
elapsed=1.383613e+04 cycle=12420 time=6.997526e-01 dt=5.435582e-05
elapsed=1.383708e+04 cycle=12421 time=6.998070e-01 dt=5.435469e-05
elapsed=1.383804e+04 cycle=12422 time=6.998614e-01 dt=5.435357e-05
elapsed=1.383915e+04 cycle=12423 time=6.999157e-01 dt=5.435247e-05
elapsed=1.384024e+04 cycle=12424 time=6.999701e-01 dt=5.435138e-05
[Tue Dec 30 09:46:30 EST 2025] Found 11 bin files, deleting 1 oldest...
[Tue Dec 30 09:46:32 EST 2025] Kept 10 most recent bin files.
[Tue Dec 30 09:46:32 EST 2025] Found 2 restart files, deleting 1 oldest...
[Tue Dec 30 09:46:39 EST 2025] Kept only the most recent restart file.
elapsed=1.391058e+04 cycle=12425 time=7.000244e-01 dt=5.435029e-05
elapsed=1.391152e+04 cycle=12426 time=7.000788e-01 dt=5.434920e-05
elapsed=1.391249e+04 cycle=12427 time=7.001331e-01 dt=5.434811e-05
elapsed=1.391346e+04 cycle=12428 time=7.001875e-01 dt=5.434702e-05
elapsed=1.391442e+04 cycle=12429 time=7.002418e-01 dt=5.434593e-05
elapsed=1.391538e+04 cycle=12430 time=7.002962e-01 dt=5.434484e-05
elapsed=1.391636e+04 cycle=12431 time=7.003505e-01 dt=5.434374e-05
elapsed=1.391733e+04 cycle=12432 time=7.004048e-01 dt=5.434265e-05
elapsed=1.391844e+04 cycle=12433 time=7.004592e-01 dt=5.434155e-05
elapsed=1.391942e+04 cycle=12434 time=7.005135e-01 dt=5.434046e-05
elapsed=1.392038e+04 cycle=12435 time=7.005679e-01 dt=5.433938e-05
elapsed=1.392134e+04 cycle=12436 time=7.006222e-01 dt=5.433832e-05
elapsed=1.392233e+04 cycle=12437 time=7.006765e-01 dt=5.433727e-05
elapsed=1.392329e+04 cycle=12438 time=7.007309e-01 dt=5.433623e-05
elapsed=1.392423e+04 cycle=12439 time=7.007852e-01 dt=5.433519e-05
elapsed=1.392518e+04 cycle=12440 time=7.008396e-01 dt=5.433415e-05
elapsed=1.392616e+04 cycle=12441 time=7.008939e-01 dt=5.433313e-05
elapsed=1.392711e+04 cycle=12442 time=7.009482e-01 dt=5.433211e-05
elapsed=1.392807e+04 cycle=12443 time=7.010026e-01 dt=5.433109e-05
elapsed=1.392905e+04 cycle=12444 time=7.010569e-01 dt=5.433008e-05
elapsed=1.393003e+04 cycle=12445 time=7.011112e-01 dt=5.432907e-05
elapsed=1.393112e+04 cycle=12446 time=7.011655e-01 dt=5.432806e-05
elapsed=1.393210e+04 cycle=12447 time=7.012199e-01 dt=5.432705e-05
elapsed=1.393308e+04 cycle=12448 time=7.012742e-01 dt=5.432604e-05
elapsed=1.393404e+04 cycle=12449 time=7.013285e-01 dt=5.432504e-05
elapsed=1.393501e+04 cycle=12450 time=7.013829e-01 dt=5.432403e-05
elapsed=1.393596e+04 cycle=12451 time=7.014372e-01 dt=5.432303e-05
elapsed=1.393692e+04 cycle=12452 time=7.014915e-01 dt=5.432202e-05
elapsed=1.393787e+04 cycle=12453 time=7.015458e-01 dt=5.432102e-05
elapsed=1.393884e+04 cycle=12454 time=7.016001e-01 dt=5.432003e-05
elapsed=1.393995e+04 cycle=12455 time=7.016545e-01 dt=5.431905e-05
elapsed=1.394093e+04 cycle=12456 time=7.017088e-01 dt=5.431808e-05
elapsed=1.394191e+04 cycle=12457 time=7.017631e-01 dt=5.431712e-05
elapsed=1.394286e+04 cycle=12458 time=7.018174e-01 dt=5.431615e-05
elapsed=1.394381e+04 cycle=12459 time=7.018717e-01 dt=5.431518e-05
elapsed=1.394492e+04 cycle=12460 time=7.019260e-01 dt=5.431422e-05
elapsed=1.394591e+04 cycle=12461 time=7.019804e-01 dt=5.431326e-05
elapsed=1.394688e+04 cycle=12462 time=7.020347e-01 dt=5.431232e-05
elapsed=1.394784e+04 cycle=12463 time=7.020890e-01 dt=5.431138e-05
elapsed=1.394880e+04 cycle=12464 time=7.021433e-01 dt=5.431043e-05
elapsed=1.394975e+04 cycle=12465 time=7.021976e-01 dt=5.430950e-05
elapsed=1.395072e+04 cycle=12466 time=7.022519e-01 dt=5.430857e-05
elapsed=1.395170e+04 cycle=12467 time=7.023062e-01 dt=5.430765e-05
elapsed=1.395266e+04 cycle=12468 time=7.023605e-01 dt=5.430674e-05
elapsed=1.395376e+04 cycle=12469 time=7.024148e-01 dt=5.430583e-05
elapsed=1.395474e+04 cycle=12470 time=7.024691e-01 dt=5.430493e-05
elapsed=1.395570e+04 cycle=12471 time=7.025235e-01 dt=5.430402e-05
elapsed=1.395668e+04 cycle=12472 time=7.025778e-01 dt=5.430311e-05
elapsed=1.395764e+04 cycle=12473 time=7.026321e-01 dt=5.430220e-05
elapsed=1.395859e+04 cycle=12474 time=7.026864e-01 dt=5.430129e-05
elapsed=1.395956e+04 cycle=12475 time=7.027407e-01 dt=5.430038e-05
elapsed=1.396054e+04 cycle=12476 time=7.027950e-01 dt=5.429947e-05
elapsed=1.396163e+04 cycle=12477 time=7.028493e-01 dt=5.429856e-05
elapsed=1.396261e+04 cycle=12478 time=7.029036e-01 dt=5.429765e-05
elapsed=1.396358e+04 cycle=12479 time=7.029579e-01 dt=5.429675e-05
elapsed=1.396453e+04 cycle=12480 time=7.030122e-01 dt=5.429586e-05
elapsed=1.396548e+04 cycle=12481 time=7.030665e-01 dt=5.429497e-05
elapsed=1.396643e+04 cycle=12482 time=7.031207e-01 dt=5.429408e-05
elapsed=1.396739e+04 cycle=12483 time=7.031750e-01 dt=5.429319e-05
elapsed=1.396834e+04 cycle=12484 time=7.032293e-01 dt=5.429230e-05
elapsed=1.396931e+04 cycle=12485 time=7.032836e-01 dt=5.429141e-05
elapsed=1.397042e+04 cycle=12486 time=7.033379e-01 dt=5.429052e-05
elapsed=1.397153e+04 cycle=12487 time=7.033922e-01 dt=5.428963e-05
elapsed=1.397250e+04 cycle=12488 time=7.034465e-01 dt=5.428875e-05
elapsed=1.397345e+04 cycle=12489 time=7.035008e-01 dt=5.428788e-05
elapsed=1.397441e+04 cycle=12490 time=7.035551e-01 dt=5.428702e-05
elapsed=1.397538e+04 cycle=12491 time=7.036094e-01 dt=5.428615e-05
elapsed=1.397636e+04 cycle=12492 time=7.036636e-01 dt=5.428528e-05
elapsed=1.397732e+04 cycle=12493 time=7.037179e-01 dt=5.428441e-05
elapsed=1.397830e+04 cycle=12494 time=7.037722e-01 dt=5.428353e-05
elapsed=1.397925e+04 cycle=12495 time=7.038265e-01 dt=5.428266e-05
elapsed=1.398020e+04 cycle=12496 time=7.038808e-01 dt=5.428179e-05
elapsed=1.398115e+04 cycle=12497 time=7.039351e-01 dt=5.428094e-05
elapsed=1.398213e+04 cycle=12498 time=7.039893e-01 dt=5.428008e-05
elapsed=1.398311e+04 cycle=12499 time=7.040436e-01 dt=5.427922e-05
elapsed=1.398409e+04 cycle=12500 time=7.040979e-01 dt=5.427835e-05
elapsed=1.398504e+04 cycle=12501 time=7.041522e-01 dt=5.427748e-05
elapsed=1.398601e+04 cycle=12502 time=7.042065e-01 dt=5.427661e-05
elapsed=1.398695e+04 cycle=12503 time=7.042607e-01 dt=5.427575e-05
elapsed=1.398790e+04 cycle=12504 time=7.043150e-01 dt=5.427488e-05
elapsed=1.398885e+04 cycle=12505 time=7.043693e-01 dt=5.427401e-05
elapsed=1.398994e+04 cycle=12506 time=7.044236e-01 dt=5.427315e-05
elapsed=1.399089e+04 cycle=12507 time=7.044778e-01 dt=5.427230e-05
elapsed=1.399185e+04 cycle=12508 time=7.045321e-01 dt=5.427145e-05
elapsed=1.399283e+04 cycle=12509 time=7.045864e-01 dt=5.427059e-05
elapsed=1.399378e+04 cycle=12510 time=7.046406e-01 dt=5.426974e-05
elapsed=1.399476e+04 cycle=12511 time=7.046949e-01 dt=5.426889e-05
elapsed=1.399573e+04 cycle=12512 time=7.047492e-01 dt=5.426804e-05
elapsed=1.399671e+04 cycle=12513 time=7.048035e-01 dt=5.426718e-05
elapsed=1.399769e+04 cycle=12514 time=7.048577e-01 dt=5.426632e-05
elapsed=1.399864e+04 cycle=12515 time=7.049120e-01 dt=5.426547e-05
elapsed=1.399962e+04 cycle=12516 time=7.049663e-01 dt=5.426463e-05
elapsed=1.400058e+04 cycle=12517 time=7.050205e-01 dt=5.426379e-05
elapsed=1.400153e+04 cycle=12518 time=7.050748e-01 dt=5.426295e-05
elapsed=1.400248e+04 cycle=12519 time=7.051290e-01 dt=5.426209e-05
elapsed=1.400345e+04 cycle=12520 time=7.051833e-01 dt=5.426124e-05
elapsed=1.400439e+04 cycle=12521 time=7.052376e-01 dt=5.426037e-05
elapsed=1.400537e+04 cycle=12522 time=7.052918e-01 dt=5.425952e-05
elapsed=1.400633e+04 cycle=12523 time=7.053461e-01 dt=5.425867e-05
elapsed=1.400731e+04 cycle=12524 time=7.054003e-01 dt=5.425783e-05
elapsed=1.400828e+04 cycle=12525 time=7.054546e-01 dt=5.425699e-05
elapsed=1.400926e+04 cycle=12526 time=7.055089e-01 dt=5.425615e-05
elapsed=1.401023e+04 cycle=12527 time=7.055631e-01 dt=5.425531e-05
elapsed=1.401119e+04 cycle=12528 time=7.056174e-01 dt=5.425449e-05
elapsed=1.401213e+04 cycle=12529 time=7.056716e-01 dt=5.425366e-05
elapsed=1.401308e+04 cycle=12530 time=7.057259e-01 dt=5.425283e-05
elapsed=1.401405e+04 cycle=12531 time=7.057801e-01 dt=5.425200e-05
elapsed=1.401514e+04 cycle=12532 time=7.058344e-01 dt=5.425118e-05
elapsed=1.401624e+04 cycle=12533 time=7.058886e-01 dt=5.425037e-05
elapsed=1.401720e+04 cycle=12534 time=7.059429e-01 dt=5.424957e-05
elapsed=1.401829e+04 cycle=12535 time=7.059971e-01 dt=5.424879e-05
elapsed=1.401925e+04 cycle=12536 time=7.060514e-01 dt=5.424800e-05
elapsed=1.402035e+04 cycle=12537 time=7.061056e-01 dt=5.424721e-05
elapsed=1.402131e+04 cycle=12538 time=7.061599e-01 dt=5.424643e-05
elapsed=1.402228e+04 cycle=12539 time=7.062141e-01 dt=5.424566e-05
elapsed=1.402326e+04 cycle=12540 time=7.062684e-01 dt=5.424488e-05
elapsed=1.402421e+04 cycle=12541 time=7.063226e-01 dt=5.424410e-05
elapsed=1.402519e+04 cycle=12542 time=7.063769e-01 dt=5.424334e-05
elapsed=1.402617e+04 cycle=12543 time=7.064311e-01 dt=5.424259e-05
elapsed=1.402712e+04 cycle=12544 time=7.064853e-01 dt=5.424184e-05
elapsed=1.402809e+04 cycle=12545 time=7.065396e-01 dt=5.424110e-05
elapsed=1.402903e+04 cycle=12546 time=7.065938e-01 dt=5.424036e-05
elapsed=1.403001e+04 cycle=12547 time=7.066481e-01 dt=5.423961e-05
elapsed=1.403098e+04 cycle=12548 time=7.067023e-01 dt=5.423886e-05
elapsed=1.403193e+04 cycle=12549 time=7.067566e-01 dt=5.423810e-05
elapsed=1.403291e+04 cycle=12550 time=7.068108e-01 dt=5.423734e-05
elapsed=1.403389e+04 cycle=12551 time=7.068650e-01 dt=5.423658e-05
elapsed=1.403487e+04 cycle=12552 time=7.069193e-01 dt=5.423583e-05
elapsed=1.403582e+04 cycle=12553 time=7.069735e-01 dt=5.423507e-05
elapsed=1.403680e+04 cycle=12554 time=7.070277e-01 dt=5.423431e-05
elapsed=1.403776e+04 cycle=12555 time=7.070820e-01 dt=5.423356e-05
elapsed=1.403872e+04 cycle=12556 time=7.071362e-01 dt=5.423280e-05
elapsed=1.403968e+04 cycle=12557 time=7.071904e-01 dt=5.423205e-05
elapsed=1.404063e+04 cycle=12558 time=7.072447e-01 dt=5.423131e-05
elapsed=1.404160e+04 cycle=12559 time=7.072989e-01 dt=5.423056e-05
elapsed=1.404257e+04 cycle=12560 time=7.073531e-01 dt=5.422982e-05
elapsed=1.404366e+04 cycle=12561 time=7.074074e-01 dt=5.422907e-05
elapsed=1.404462e+04 cycle=12562 time=7.074616e-01 dt=5.422833e-05
elapsed=1.404560e+04 cycle=12563 time=7.075158e-01 dt=5.422759e-05
elapsed=1.404658e+04 cycle=12564 time=7.075700e-01 dt=5.422685e-05
elapsed=1.404756e+04 cycle=12565 time=7.076243e-01 dt=5.422611e-05
elapsed=1.404853e+04 cycle=12566 time=7.076785e-01 dt=5.422537e-05
elapsed=1.404948e+04 cycle=12567 time=7.077327e-01 dt=5.422463e-05
elapsed=1.405045e+04 cycle=12568 time=7.077869e-01 dt=5.422388e-05
elapsed=1.405143e+04 cycle=12569 time=7.078412e-01 dt=5.422314e-05
elapsed=1.405241e+04 cycle=12570 time=7.078954e-01 dt=5.422241e-05
elapsed=1.405336e+04 cycle=12571 time=7.079496e-01 dt=5.422167e-05
elapsed=1.405434e+04 cycle=12572 time=7.080038e-01 dt=5.422093e-05
elapsed=1.405530e+04 cycle=12573 time=7.080581e-01 dt=5.422020e-05
elapsed=1.405629e+04 cycle=12574 time=7.081123e-01 dt=5.421947e-05
elapsed=1.405738e+04 cycle=12575 time=7.081665e-01 dt=5.421874e-05
elapsed=1.405832e+04 cycle=12576 time=7.082207e-01 dt=5.421800e-05
elapsed=1.405927e+04 cycle=12577 time=7.082749e-01 dt=5.421726e-05
elapsed=1.406024e+04 cycle=12578 time=7.083292e-01 dt=5.421651e-05
elapsed=1.406121e+04 cycle=12579 time=7.083834e-01 dt=5.421576e-05
elapsed=1.406218e+04 cycle=12580 time=7.084376e-01 dt=5.421501e-05
elapsed=1.406314e+04 cycle=12581 time=7.084918e-01 dt=5.421425e-05
elapsed=1.406412e+04 cycle=12582 time=7.085460e-01 dt=5.421349e-05
elapsed=1.406507e+04 cycle=12583 time=7.086002e-01 dt=5.421273e-05
elapsed=1.406602e+04 cycle=12584 time=7.086544e-01 dt=5.421197e-05
elapsed=1.406698e+04 cycle=12585 time=7.087087e-01 dt=5.421120e-05
elapsed=1.406795e+04 cycle=12586 time=7.087629e-01 dt=5.421044e-05
elapsed=1.406892e+04 cycle=12587 time=7.088171e-01 dt=5.420968e-05
elapsed=1.406989e+04 cycle=12588 time=7.088713e-01 dt=5.420892e-05
elapsed=1.407085e+04 cycle=12589 time=7.089255e-01 dt=5.420815e-05
elapsed=1.407179e+04 cycle=12590 time=7.089797e-01 dt=5.420738e-05
elapsed=1.407278e+04 cycle=12591 time=7.090339e-01 dt=5.420661e-05
elapsed=1.407375e+04 cycle=12592 time=7.090881e-01 dt=5.420584e-05
elapsed=1.407473e+04 cycle=12593 time=7.091423e-01 dt=5.420508e-05
elapsed=1.407571e+04 cycle=12594 time=7.091965e-01 dt=5.420432e-05
elapsed=1.407668e+04 cycle=12595 time=7.092507e-01 dt=5.420357e-05
elapsed=1.407764e+04 cycle=12596 time=7.093049e-01 dt=5.420281e-05
elapsed=1.407859e+04 cycle=12597 time=7.093591e-01 dt=5.420205e-05
elapsed=1.407968e+04 cycle=12598 time=7.094133e-01 dt=5.420131e-05
elapsed=1.408066e+04 cycle=12599 time=7.094675e-01 dt=5.420058e-05
elapsed=1.408162e+04 cycle=12600 time=7.095217e-01 dt=5.419986e-05
elapsed=1.408260e+04 cycle=12601 time=7.095759e-01 dt=5.419914e-05
elapsed=1.408359e+04 cycle=12602 time=7.096301e-01 dt=5.419841e-05
elapsed=1.408455e+04 cycle=12603 time=7.096843e-01 dt=5.419768e-05
elapsed=1.408553e+04 cycle=12604 time=7.097385e-01 dt=5.419695e-05
elapsed=1.408651e+04 cycle=12605 time=7.097927e-01 dt=5.419619e-05
elapsed=1.408749e+04 cycle=12606 time=7.098469e-01 dt=5.419543e-05
elapsed=1.408846e+04 cycle=12607 time=7.099011e-01 dt=5.419467e-05
elapsed=1.408940e+04 cycle=12608 time=7.099553e-01 dt=5.419391e-05
elapsed=1.411056e+04 cycle=12609 time=7.100095e-01 dt=5.419315e-05
elapsed=1.411152e+04 cycle=12610 time=7.100637e-01 dt=5.419238e-05
elapsed=1.411249e+04 cycle=12611 time=7.101179e-01 dt=5.419160e-05
elapsed=1.411347e+04 cycle=12612 time=7.101721e-01 dt=5.419083e-05
elapsed=1.411444e+04 cycle=12613 time=7.102263e-01 dt=5.419005e-05
elapsed=1.411542e+04 cycle=12614 time=7.102805e-01 dt=5.418927e-05
elapsed=1.411637e+04 cycle=12615 time=7.103347e-01 dt=5.418849e-05
elapsed=1.411732e+04 cycle=12616 time=7.103888e-01 dt=5.418772e-05
elapsed=1.411828e+04 cycle=12617 time=7.104430e-01 dt=5.418695e-05
elapsed=1.411923e+04 cycle=12618 time=7.104972e-01 dt=5.418617e-05
elapsed=1.412022e+04 cycle=12619 time=7.105514e-01 dt=5.418539e-05
elapsed=1.412119e+04 cycle=12620 time=7.106056e-01 dt=5.418462e-05
elapsed=1.412214e+04 cycle=12621 time=7.106598e-01 dt=5.418386e-05
elapsed=1.412310e+04 cycle=12622 time=7.107140e-01 dt=5.418309e-05
elapsed=1.412407e+04 cycle=12623 time=7.107681e-01 dt=5.418233e-05
elapsed=1.412518e+04 cycle=12624 time=7.108223e-01 dt=5.418156e-05
elapsed=1.412615e+04 cycle=12625 time=7.108765e-01 dt=5.418078e-05
elapsed=1.412713e+04 cycle=12626 time=7.109307e-01 dt=5.417999e-05
elapsed=1.412809e+04 cycle=12627 time=7.109849e-01 dt=5.417920e-05
elapsed=1.412905e+04 cycle=12628 time=7.110390e-01 dt=5.417840e-05
elapsed=1.413002e+04 cycle=12629 time=7.110932e-01 dt=5.417761e-05
elapsed=1.413100e+04 cycle=12630 time=7.111474e-01 dt=5.417682e-05
elapsed=1.413197e+04 cycle=12631 time=7.112016e-01 dt=5.417604e-05
elapsed=1.413294e+04 cycle=12632 time=7.112558e-01 dt=5.417526e-05
elapsed=1.413389e+04 cycle=12633 time=7.113099e-01 dt=5.417447e-05
elapsed=1.413485e+04 cycle=12634 time=7.113641e-01 dt=5.417369e-05
elapsed=1.413594e+04 cycle=12635 time=7.114183e-01 dt=5.417291e-05
elapsed=1.413691e+04 cycle=12636 time=7.114725e-01 dt=5.417212e-05
elapsed=1.413787e+04 cycle=12637 time=7.115266e-01 dt=5.417133e-05
elapsed=1.413884e+04 cycle=12638 time=7.115808e-01 dt=5.417055e-05
elapsed=1.413994e+04 cycle=12639 time=7.116350e-01 dt=5.416977e-05
elapsed=1.414091e+04 cycle=12640 time=7.116891e-01 dt=5.416900e-05
elapsed=1.414185e+04 cycle=12641 time=7.117433e-01 dt=5.416822e-05
elapsed=1.414280e+04 cycle=12642 time=7.117975e-01 dt=5.416745e-05
elapsed=1.414377e+04 cycle=12643 time=7.118516e-01 dt=5.416667e-05
elapsed=1.414475e+04 cycle=12644 time=7.119058e-01 dt=5.416590e-05
elapsed=1.414586e+04 cycle=12645 time=7.119600e-01 dt=5.416514e-05
elapsed=1.414682e+04 cycle=12646 time=7.120141e-01 dt=5.416438e-05
elapsed=1.414779e+04 cycle=12647 time=7.120683e-01 dt=5.416364e-05
elapsed=1.414874e+04 cycle=12648 time=7.121225e-01 dt=5.416290e-05
elapsed=1.414969e+04 cycle=12649 time=7.121766e-01 dt=5.416216e-05
[Tue Dec 30 09:50:39 EST 2025] Found 11 bin files, deleting 1 oldest...
elapsed=1.415066e+04 cycle=12650 time=7.122308e-01 dt=5.416141e-05
elapsed=1.415164e+04 cycle=12651 time=7.122850e-01 dt=5.416067e-05
[Tue Dec 30 09:50:41 EST 2025] Kept 10 most recent bin files.
elapsed=1.415261e+04 cycle=12652 time=7.123391e-01 dt=5.415992e-05
elapsed=1.415355e+04 cycle=12653 time=7.123933e-01 dt=5.415918e-05
elapsed=1.415452e+04 cycle=12654 time=7.124474e-01 dt=5.415845e-05
elapsed=1.415549e+04 cycle=12655 time=7.125016e-01 dt=5.415772e-05
elapsed=1.415646e+04 cycle=12656 time=7.125558e-01 dt=5.415699e-05
elapsed=1.415743e+04 cycle=12657 time=7.126099e-01 dt=5.415627e-05
elapsed=1.415841e+04 cycle=12658 time=7.126641e-01 dt=5.415556e-05
elapsed=1.415937e+04 cycle=12659 time=7.127182e-01 dt=5.415485e-05
elapsed=1.416032e+04 cycle=12660 time=7.127724e-01 dt=5.415414e-05
elapsed=1.416127e+04 cycle=12661 time=7.128265e-01 dt=5.415343e-05
elapsed=1.416224e+04 cycle=12662 time=7.128807e-01 dt=5.415272e-05
elapsed=1.416335e+04 cycle=12663 time=7.129348e-01 dt=5.415201e-05
elapsed=1.416431e+04 cycle=12664 time=7.129890e-01 dt=5.415130e-05
elapsed=1.416529e+04 cycle=12665 time=7.130431e-01 dt=5.415058e-05
elapsed=1.416626e+04 cycle=12666 time=7.130973e-01 dt=5.414986e-05
elapsed=1.416721e+04 cycle=12667 time=7.131514e-01 dt=5.414915e-05
elapsed=1.416817e+04 cycle=12668 time=7.132056e-01 dt=5.414844e-05
elapsed=1.416915e+04 cycle=12669 time=7.132597e-01 dt=5.414773e-05
elapsed=1.417012e+04 cycle=12670 time=7.133139e-01 dt=5.414702e-05
elapsed=1.417110e+04 cycle=12671 time=7.133680e-01 dt=5.414631e-05
elapsed=1.417205e+04 cycle=12672 time=7.134222e-01 dt=5.414562e-05
elapsed=1.417299e+04 cycle=12673 time=7.134763e-01 dt=5.414492e-05
elapsed=1.417394e+04 cycle=12674 time=7.135305e-01 dt=5.414423e-05
elapsed=1.417490e+04 cycle=12675 time=7.135846e-01 dt=5.414354e-05
elapsed=1.417601e+04 cycle=12676 time=7.136388e-01 dt=5.414284e-05
elapsed=1.417696e+04 cycle=12677 time=7.136929e-01 dt=5.414214e-05
elapsed=1.417793e+04 cycle=12678 time=7.137470e-01 dt=5.414144e-05
elapsed=1.417904e+04 cycle=12679 time=7.138012e-01 dt=5.414074e-05
elapsed=1.418001e+04 cycle=12680 time=7.138553e-01 dt=5.414002e-05
elapsed=1.418098e+04 cycle=12681 time=7.139095e-01 dt=5.413930e-05
elapsed=1.418194e+04 cycle=12682 time=7.139636e-01 dt=5.413858e-05
elapsed=1.418289e+04 cycle=12683 time=7.140177e-01 dt=5.413786e-05
elapsed=1.418385e+04 cycle=12684 time=7.140719e-01 dt=5.413714e-05
elapsed=1.418482e+04 cycle=12685 time=7.141260e-01 dt=5.413643e-05
elapsed=1.418579e+04 cycle=12686 time=7.141802e-01 dt=5.413573e-05
elapsed=1.418688e+04 cycle=12687 time=7.142343e-01 dt=5.413503e-05
elapsed=1.418782e+04 cycle=12688 time=7.142884e-01 dt=5.413433e-05
elapsed=1.418879e+04 cycle=12689 time=7.143426e-01 dt=5.413364e-05
elapsed=1.418977e+04 cycle=12690 time=7.143967e-01 dt=5.413295e-05
elapsed=1.419076e+04 cycle=12691 time=7.144508e-01 dt=5.413226e-05
elapsed=1.419173e+04 cycle=12692 time=7.145050e-01 dt=5.413157e-05
elapsed=1.419268e+04 cycle=12693 time=7.145591e-01 dt=5.413089e-05
elapsed=1.419363e+04 cycle=12694 time=7.146132e-01 dt=5.413021e-05
elapsed=1.419461e+04 cycle=12695 time=7.146673e-01 dt=5.412953e-05
elapsed=1.419559e+04 cycle=12696 time=7.147215e-01 dt=5.412886e-05
elapsed=1.419655e+04 cycle=12697 time=7.147756e-01 dt=5.412820e-05
elapsed=1.419752e+04 cycle=12698 time=7.148297e-01 dt=5.412754e-05
elapsed=1.419847e+04 cycle=12699 time=7.148839e-01 dt=5.412689e-05
elapsed=1.419944e+04 cycle=12700 time=7.149380e-01 dt=5.412623e-05
elapsed=1.420041e+04 cycle=12701 time=7.149921e-01 dt=5.412557e-05
elapsed=1.420137e+04 cycle=12702 time=7.150462e-01 dt=5.412491e-05
elapsed=1.420232e+04 cycle=12703 time=7.151004e-01 dt=5.412426e-05
elapsed=1.420327e+04 cycle=12704 time=7.151545e-01 dt=5.412362e-05
elapsed=1.420423e+04 cycle=12705 time=7.152086e-01 dt=5.412300e-05
elapsed=1.420533e+04 cycle=12706 time=7.152627e-01 dt=5.412238e-05
elapsed=1.420631e+04 cycle=12707 time=7.153169e-01 dt=5.412177e-05
elapsed=1.420729e+04 cycle=12708 time=7.153710e-01 dt=5.412117e-05
elapsed=1.420824e+04 cycle=12709 time=7.154251e-01 dt=5.412056e-05
elapsed=1.420920e+04 cycle=12710 time=7.154792e-01 dt=5.411995e-05
elapsed=1.421019e+04 cycle=12711 time=7.155333e-01 dt=5.411935e-05
elapsed=1.421113e+04 cycle=12712 time=7.155875e-01 dt=5.411875e-05
elapsed=1.421210e+04 cycle=12713 time=7.156416e-01 dt=5.411816e-05
elapsed=1.421304e+04 cycle=12714 time=7.156957e-01 dt=5.411756e-05
elapsed=1.421399e+04 cycle=12715 time=7.157498e-01 dt=5.411699e-05
elapsed=1.421497e+04 cycle=12716 time=7.158039e-01 dt=5.411644e-05
elapsed=1.421594e+04 cycle=12717 time=7.158581e-01 dt=5.411592e-05
elapsed=1.421688e+04 cycle=12718 time=7.159122e-01 dt=5.411539e-05
elapsed=1.421783e+04 cycle=12719 time=7.159663e-01 dt=5.411486e-05
elapsed=1.421881e+04 cycle=12720 time=7.160204e-01 dt=5.411433e-05
elapsed=1.421978e+04 cycle=12721 time=7.160745e-01 dt=5.411380e-05
elapsed=1.422075e+04 cycle=12722 time=7.161286e-01 dt=5.411327e-05
elapsed=1.422171e+04 cycle=12723 time=7.161827e-01 dt=5.411275e-05
elapsed=1.422266e+04 cycle=12724 time=7.162369e-01 dt=5.411225e-05
elapsed=1.422363e+04 cycle=12725 time=7.162910e-01 dt=5.411174e-05
elapsed=1.422458e+04 cycle=12726 time=7.163451e-01 dt=5.411124e-05
elapsed=1.422554e+04 cycle=12727 time=7.163992e-01 dt=5.411073e-05
elapsed=1.422649e+04 cycle=12728 time=7.164533e-01 dt=5.411021e-05
elapsed=1.422746e+04 cycle=12729 time=7.165074e-01 dt=5.410968e-05
elapsed=1.422842e+04 cycle=12730 time=7.165615e-01 dt=5.410916e-05
elapsed=1.422937e+04 cycle=12731 time=7.166156e-01 dt=5.410866e-05
elapsed=1.423033e+04 cycle=12732 time=7.166697e-01 dt=5.410815e-05
elapsed=1.423130e+04 cycle=12733 time=7.167238e-01 dt=5.410764e-05
elapsed=1.423226e+04 cycle=12734 time=7.167780e-01 dt=5.410713e-05
elapsed=1.423323e+04 cycle=12735 time=7.168321e-01 dt=5.410661e-05
elapsed=1.423421e+04 cycle=12736 time=7.168862e-01 dt=5.410608e-05
elapsed=1.423516e+04 cycle=12737 time=7.169403e-01 dt=5.410555e-05
elapsed=1.423612e+04 cycle=12738 time=7.169944e-01 dt=5.410502e-05
elapsed=1.423707e+04 cycle=12739 time=7.170485e-01 dt=5.410449e-05
elapsed=1.423805e+04 cycle=12740 time=7.171026e-01 dt=5.410395e-05
elapsed=1.423916e+04 cycle=12741 time=7.171567e-01 dt=5.410342e-05
elapsed=1.424026e+04 cycle=12742 time=7.172108e-01 dt=5.410289e-05
elapsed=1.424122e+04 cycle=12743 time=7.172649e-01 dt=5.410237e-05
elapsed=1.424219e+04 cycle=12744 time=7.173190e-01 dt=5.410187e-05
elapsed=1.424314e+04 cycle=12745 time=7.173731e-01 dt=5.410139e-05
elapsed=1.424410e+04 cycle=12746 time=7.174272e-01 dt=5.410090e-05
elapsed=1.424521e+04 cycle=12747 time=7.174813e-01 dt=5.410041e-05
elapsed=1.424616e+04 cycle=12748 time=7.175354e-01 dt=5.409991e-05
elapsed=1.424728e+04 cycle=12749 time=7.175895e-01 dt=5.409942e-05
elapsed=1.424823e+04 cycle=12750 time=7.176436e-01 dt=5.409895e-05
elapsed=1.424919e+04 cycle=12751 time=7.176977e-01 dt=5.409848e-05
elapsed=1.425015e+04 cycle=12752 time=7.177518e-01 dt=5.409802e-05
elapsed=1.425112e+04 cycle=12753 time=7.178059e-01 dt=5.409755e-05
elapsed=1.425210e+04 cycle=12754 time=7.178600e-01 dt=5.409709e-05
elapsed=1.425304e+04 cycle=12755 time=7.179141e-01 dt=5.409663e-05
elapsed=1.425400e+04 cycle=12756 time=7.179682e-01 dt=5.409617e-05
elapsed=1.425497e+04 cycle=12757 time=7.180223e-01 dt=5.409570e-05
elapsed=1.425595e+04 cycle=12758 time=7.180764e-01 dt=5.409524e-05
elapsed=1.425691e+04 cycle=12759 time=7.181305e-01 dt=5.409478e-05
elapsed=1.425788e+04 cycle=12760 time=7.181846e-01 dt=5.409433e-05
elapsed=1.425886e+04 cycle=12761 time=7.182387e-01 dt=5.409389e-05
elapsed=1.425984e+04 cycle=12762 time=7.182928e-01 dt=5.409344e-05
elapsed=1.426079e+04 cycle=12763 time=7.183469e-01 dt=5.409300e-05
elapsed=1.426175e+04 cycle=12764 time=7.184009e-01 dt=5.409257e-05
elapsed=1.426287e+04 cycle=12765 time=7.184550e-01 dt=5.409215e-05
elapsed=1.426385e+04 cycle=12766 time=7.185091e-01 dt=5.409174e-05
elapsed=1.426480e+04 cycle=12767 time=7.185632e-01 dt=5.409132e-05
elapsed=1.426576e+04 cycle=12768 time=7.186173e-01 dt=5.409091e-05
elapsed=1.426673e+04 cycle=12769 time=7.186714e-01 dt=5.409051e-05
elapsed=1.426782e+04 cycle=12770 time=7.187255e-01 dt=5.409012e-05
elapsed=1.426879e+04 cycle=12771 time=7.187796e-01 dt=5.408973e-05
elapsed=1.426976e+04 cycle=12772 time=7.188337e-01 dt=5.408933e-05
elapsed=1.427074e+04 cycle=12773 time=7.188878e-01 dt=5.408894e-05
elapsed=1.427171e+04 cycle=12774 time=7.189419e-01 dt=5.408854e-05
elapsed=1.427266e+04 cycle=12775 time=7.189959e-01 dt=5.408815e-05
elapsed=1.427365e+04 cycle=12776 time=7.190500e-01 dt=5.408776e-05
elapsed=1.427461e+04 cycle=12777 time=7.191041e-01 dt=5.408737e-05
elapsed=1.427558e+04 cycle=12778 time=7.191582e-01 dt=5.408699e-05
elapsed=1.427656e+04 cycle=12779 time=7.192123e-01 dt=5.408661e-05
elapsed=1.427754e+04 cycle=12780 time=7.192664e-01 dt=5.408623e-05
elapsed=1.427850e+04 cycle=12781 time=7.193205e-01 dt=5.408586e-05
elapsed=1.427945e+04 cycle=12782 time=7.193745e-01 dt=5.408548e-05
elapsed=1.428043e+04 cycle=12783 time=7.194286e-01 dt=5.408510e-05
elapsed=1.428140e+04 cycle=12784 time=7.194827e-01 dt=5.408472e-05
elapsed=1.428234e+04 cycle=12785 time=7.195368e-01 dt=5.408434e-05
elapsed=1.428329e+04 cycle=12786 time=7.195909e-01 dt=5.408397e-05
elapsed=1.428428e+04 cycle=12787 time=7.196450e-01 dt=5.408360e-05
elapsed=1.428526e+04 cycle=12788 time=7.196991e-01 dt=5.408324e-05
elapsed=1.428623e+04 cycle=12789 time=7.197531e-01 dt=5.408288e-05
elapsed=1.428721e+04 cycle=12790 time=7.198072e-01 dt=5.408253e-05
elapsed=1.428816e+04 cycle=12791 time=7.198613e-01 dt=5.408217e-05
elapsed=1.428911e+04 cycle=12792 time=7.199154e-01 dt=5.408182e-05
elapsed=1.429006e+04 cycle=12793 time=7.199695e-01 dt=5.408146e-05
elapsed=1.431014e+04 cycle=12794 time=7.200236e-01 dt=5.408111e-05
elapsed=1.431111e+04 cycle=12795 time=7.200776e-01 dt=5.408076e-05
elapsed=1.431206e+04 cycle=12796 time=7.201317e-01 dt=5.408040e-05
elapsed=1.431301e+04 cycle=12797 time=7.201858e-01 dt=5.408005e-05
elapsed=1.431397e+04 cycle=12798 time=7.202399e-01 dt=5.407972e-05
elapsed=1.431494e+04 cycle=12799 time=7.202940e-01 dt=5.407938e-05
elapsed=1.431590e+04 cycle=12800 time=7.203480e-01 dt=5.407904e-05
elapsed=1.431688e+04 cycle=12801 time=7.204021e-01 dt=5.407870e-05
elapsed=1.431784e+04 cycle=12802 time=7.204562e-01 dt=5.407836e-05
elapsed=1.431880e+04 cycle=12803 time=7.205103e-01 dt=5.407801e-05
elapsed=1.431977e+04 cycle=12804 time=7.205643e-01 dt=5.407768e-05
elapsed=1.432072e+04 cycle=12805 time=7.206184e-01 dt=5.407736e-05
elapsed=1.432168e+04 cycle=12806 time=7.206725e-01 dt=5.407706e-05
elapsed=1.432263e+04 cycle=12807 time=7.207266e-01 dt=5.407677e-05
elapsed=1.432360e+04 cycle=12808 time=7.207807e-01 dt=5.407648e-05
elapsed=1.432454e+04 cycle=12809 time=7.208347e-01 dt=5.407621e-05
elapsed=1.432552e+04 cycle=12810 time=7.208888e-01 dt=5.407593e-05
elapsed=1.432649e+04 cycle=12811 time=7.209429e-01 dt=5.407567e-05
elapsed=1.432744e+04 cycle=12812 time=7.209970e-01 dt=5.407540e-05
elapsed=1.432840e+04 cycle=12813 time=7.210510e-01 dt=5.407514e-05
elapsed=1.432939e+04 cycle=12814 time=7.211051e-01 dt=5.407488e-05
elapsed=1.433037e+04 cycle=12815 time=7.211592e-01 dt=5.407463e-05
elapsed=1.433133e+04 cycle=12816 time=7.212133e-01 dt=5.407437e-05
[Tue Dec 30 09:53:41 EST 2025] Found 11 bin files, deleting 1 oldest...
elapsed=1.433228e+04 cycle=12817 time=7.212673e-01 dt=5.407411e-05
elapsed=1.433323e+04 cycle=12818 time=7.213214e-01 dt=5.407385e-05
[Tue Dec 30 09:53:43 EST 2025] Kept 10 most recent bin files.
elapsed=1.433422e+04 cycle=12819 time=7.213755e-01 dt=5.407359e-05
elapsed=1.433518e+04 cycle=12820 time=7.214296e-01 dt=5.407335e-05
elapsed=1.433630e+04 cycle=12821 time=7.214836e-01 dt=5.407312e-05
elapsed=1.433724e+04 cycle=12822 time=7.215377e-01 dt=5.407289e-05
elapsed=1.433820e+04 cycle=12823 time=7.215918e-01 dt=5.407265e-05
elapsed=1.433915e+04 cycle=12824 time=7.216458e-01 dt=5.407243e-05
elapsed=1.434012e+04 cycle=12825 time=7.216999e-01 dt=5.407220e-05
elapsed=1.434108e+04 cycle=12826 time=7.217540e-01 dt=5.407196e-05
elapsed=1.434205e+04 cycle=12827 time=7.218081e-01 dt=5.407172e-05
elapsed=1.434316e+04 cycle=12828 time=7.218621e-01 dt=5.407149e-05
elapsed=1.434425e+04 cycle=12829 time=7.219162e-01 dt=5.407125e-05
elapsed=1.434522e+04 cycle=12830 time=7.219703e-01 dt=5.407101e-05
elapsed=1.434620e+04 cycle=12831 time=7.220243e-01 dt=5.407076e-05
elapsed=1.434718e+04 cycle=12832 time=7.220784e-01 dt=5.407052e-05
elapsed=1.434827e+04 cycle=12833 time=7.221325e-01 dt=5.407027e-05
elapsed=1.434922e+04 cycle=12834 time=7.221866e-01 dt=5.407003e-05
elapsed=1.435017e+04 cycle=12835 time=7.222406e-01 dt=5.406979e-05
elapsed=1.435115e+04 cycle=12836 time=7.222947e-01 dt=5.406954e-05
elapsed=1.435210e+04 cycle=12837 time=7.223488e-01 dt=5.406930e-05
elapsed=1.435308e+04 cycle=12838 time=7.224028e-01 dt=5.406905e-05
elapsed=1.435405e+04 cycle=12839 time=7.224569e-01 dt=5.406880e-05
elapsed=1.435500e+04 cycle=12840 time=7.225110e-01 dt=5.406856e-05
elapsed=1.435596e+04 cycle=12841 time=7.225650e-01 dt=5.406831e-05
elapsed=1.435694e+04 cycle=12842 time=7.226191e-01 dt=5.406807e-05
elapsed=1.435792e+04 cycle=12843 time=7.226732e-01 dt=5.406784e-05
elapsed=1.435887e+04 cycle=12844 time=7.227273e-01 dt=5.406762e-05
elapsed=1.435985e+04 cycle=12845 time=7.227813e-01 dt=5.406739e-05
elapsed=1.436080e+04 cycle=12846 time=7.228354e-01 dt=5.406716e-05
elapsed=1.436174e+04 cycle=12847 time=7.228895e-01 dt=5.406694e-05
elapsed=1.436284e+04 cycle=12848 time=7.229435e-01 dt=5.406673e-05
elapsed=1.436380e+04 cycle=12849 time=7.229976e-01 dt=5.406651e-05
elapsed=1.436476e+04 cycle=12850 time=7.230517e-01 dt=5.406630e-05
elapsed=1.436573e+04 cycle=12851 time=7.231057e-01 dt=5.406609e-05
elapsed=1.436670e+04 cycle=12852 time=7.231598e-01 dt=5.406589e-05
elapsed=1.436766e+04 cycle=12853 time=7.232139e-01 dt=5.406569e-05
elapsed=1.436860e+04 cycle=12854 time=7.232679e-01 dt=5.406551e-05
elapsed=1.436955e+04 cycle=12855 time=7.233220e-01 dt=5.406534e-05
elapsed=1.437050e+04 cycle=12856 time=7.233760e-01 dt=5.406518e-05
elapsed=1.437145e+04 cycle=12857 time=7.234301e-01 dt=5.406501e-05
elapsed=1.437240e+04 cycle=12858 time=7.234842e-01 dt=5.406484e-05
elapsed=1.437334e+04 cycle=12859 time=7.235382e-01 dt=5.406468e-05
elapsed=1.437432e+04 cycle=12860 time=7.235923e-01 dt=5.406451e-05
elapsed=1.437530e+04 cycle=12861 time=7.236464e-01 dt=5.406434e-05
elapsed=1.437627e+04 cycle=12862 time=7.237004e-01 dt=5.406417e-05
elapsed=1.437721e+04 cycle=12863 time=7.237545e-01 dt=5.406400e-05
elapsed=1.437817e+04 cycle=12864 time=7.238086e-01 dt=5.406383e-05
elapsed=1.437914e+04 cycle=12865 time=7.238626e-01 dt=5.406367e-05
elapsed=1.438010e+04 cycle=12866 time=7.239167e-01 dt=5.406352e-05
elapsed=1.438107e+04 cycle=12867 time=7.239708e-01 dt=5.406335e-05
elapsed=1.438203e+04 cycle=12868 time=7.240248e-01 dt=5.406318e-05
elapsed=1.438302e+04 cycle=12869 time=7.240789e-01 dt=5.406301e-05
elapsed=1.438399e+04 cycle=12870 time=7.241329e-01 dt=5.406284e-05
elapsed=1.438497e+04 cycle=12871 time=7.241870e-01 dt=5.406267e-05
elapsed=1.438592e+04 cycle=12872 time=7.242411e-01 dt=5.406251e-05
elapsed=1.438703e+04 cycle=12873 time=7.242951e-01 dt=5.406234e-05
elapsed=1.438801e+04 cycle=12874 time=7.243492e-01 dt=5.406218e-05
elapsed=1.438899e+04 cycle=12875 time=7.244033e-01 dt=5.406201e-05
elapsed=1.438996e+04 cycle=12876 time=7.244573e-01 dt=5.406184e-05
elapsed=1.439093e+04 cycle=12877 time=7.245114e-01 dt=5.406168e-05
elapsed=1.439188e+04 cycle=12878 time=7.245654e-01 dt=5.406152e-05
elapsed=1.439284e+04 cycle=12879 time=7.246195e-01 dt=5.406136e-05
elapsed=1.439382e+04 cycle=12880 time=7.246736e-01 dt=5.406117e-05
elapsed=1.439477e+04 cycle=12881 time=7.247276e-01 dt=5.406097e-05
elapsed=1.439573e+04 cycle=12882 time=7.247817e-01 dt=5.406078e-05
elapsed=1.439668e+04 cycle=12883 time=7.248357e-01 dt=5.406060e-05
elapsed=1.439777e+04 cycle=12884 time=7.248898e-01 dt=5.406041e-05
elapsed=1.439874e+04 cycle=12885 time=7.249439e-01 dt=5.406023e-05
elapsed=1.439970e+04 cycle=12886 time=7.249979e-01 dt=5.406004e-05
elapsed=1.440079e+04 cycle=12887 time=7.250520e-01 dt=5.405986e-05
elapsed=1.440190e+04 cycle=12888 time=7.251061e-01 dt=5.405969e-05
elapsed=1.440288e+04 cycle=12889 time=7.251601e-01 dt=5.405951e-05
elapsed=1.440383e+04 cycle=12890 time=7.252142e-01 dt=5.405933e-05
elapsed=1.440478e+04 cycle=12891 time=7.252682e-01 dt=5.405917e-05
elapsed=1.440576e+04 cycle=12892 time=7.253223e-01 dt=5.405901e-05
elapsed=1.440674e+04 cycle=12893 time=7.253763e-01 dt=5.405886e-05
elapsed=1.440771e+04 cycle=12894 time=7.254304e-01 dt=5.405873e-05
elapsed=1.440868e+04 cycle=12895 time=7.254845e-01 dt=5.405860e-05
elapsed=1.440979e+04 cycle=12896 time=7.255385e-01 dt=5.405847e-05
elapsed=1.441075e+04 cycle=12897 time=7.255926e-01 dt=5.405834e-05
elapsed=1.441170e+04 cycle=12898 time=7.256466e-01 dt=5.405821e-05
elapsed=1.441279e+04 cycle=12899 time=7.257007e-01 dt=5.405810e-05
elapsed=1.441377e+04 cycle=12900 time=7.257548e-01 dt=5.405801e-05
elapsed=1.441474e+04 cycle=12901 time=7.258088e-01 dt=5.405794e-05
elapsed=1.441570e+04 cycle=12902 time=7.258629e-01 dt=5.405786e-05
elapsed=1.441666e+04 cycle=12903 time=7.259169e-01 dt=5.405779e-05
elapsed=1.441763e+04 cycle=12904 time=7.259710e-01 dt=5.405774e-05
elapsed=1.441859e+04 cycle=12905 time=7.260250e-01 dt=5.405769e-05
elapsed=1.441955e+04 cycle=12906 time=7.260791e-01 dt=5.405765e-05
elapsed=1.442051e+04 cycle=12907 time=7.261332e-01 dt=5.405763e-05
elapsed=1.442163e+04 cycle=12908 time=7.261872e-01 dt=5.405763e-05
elapsed=1.442259e+04 cycle=12909 time=7.262413e-01 dt=5.405763e-05
elapsed=1.442355e+04 cycle=12910 time=7.262953e-01 dt=5.405764e-05
elapsed=1.442450e+04 cycle=12911 time=7.263494e-01 dt=5.405765e-05
elapsed=1.442545e+04 cycle=12912 time=7.264034e-01 dt=5.405767e-05
elapsed=1.442640e+04 cycle=12913 time=7.264575e-01 dt=5.405769e-05
elapsed=1.442736e+04 cycle=12914 time=7.265116e-01 dt=5.405773e-05
elapsed=1.442833e+04 cycle=12915 time=7.265656e-01 dt=5.405777e-05
elapsed=1.442931e+04 cycle=12916 time=7.266197e-01 dt=5.405782e-05
elapsed=1.443029e+04 cycle=12917 time=7.266737e-01 dt=5.405788e-05
elapsed=1.443125e+04 cycle=12918 time=7.267278e-01 dt=5.405793e-05
elapsed=1.443221e+04 cycle=12919 time=7.267819e-01 dt=5.405799e-05
elapsed=1.443318e+04 cycle=12920 time=7.268359e-01 dt=5.405803e-05
elapsed=1.443412e+04 cycle=12921 time=7.268900e-01 dt=5.405807e-05
elapsed=1.443509e+04 cycle=12922 time=7.269440e-01 dt=5.405811e-05
elapsed=1.443618e+04 cycle=12923 time=7.269981e-01 dt=5.405817e-05
elapsed=1.443714e+04 cycle=12924 time=7.270521e-01 dt=5.405824e-05
elapsed=1.443812e+04 cycle=12925 time=7.271062e-01 dt=5.405831e-05
elapsed=1.443908e+04 cycle=12926 time=7.271603e-01 dt=5.405838e-05
elapsed=1.444005e+04 cycle=12927 time=7.272143e-01 dt=5.405844e-05
elapsed=1.444101e+04 cycle=12928 time=7.272684e-01 dt=5.405850e-05
elapsed=1.444198e+04 cycle=12929 time=7.273224e-01 dt=5.405856e-05
elapsed=1.444293e+04 cycle=12930 time=7.273765e-01 dt=5.405862e-05
elapsed=1.444390e+04 cycle=12931 time=7.274306e-01 dt=5.405870e-05
elapsed=1.444486e+04 cycle=12932 time=7.274846e-01 dt=5.405878e-05
elapsed=1.444582e+04 cycle=12933 time=7.275387e-01 dt=5.405887e-05
elapsed=1.444677e+04 cycle=12934 time=7.275927e-01 dt=5.405896e-05
elapsed=1.444772e+04 cycle=12935 time=7.276468e-01 dt=5.405905e-05
elapsed=1.444868e+04 cycle=12936 time=7.277008e-01 dt=5.405914e-05
elapsed=1.444964e+04 cycle=12937 time=7.277549e-01 dt=5.405924e-05
elapsed=1.445063e+04 cycle=12938 time=7.278090e-01 dt=5.405933e-05
elapsed=1.445160e+04 cycle=12939 time=7.278630e-01 dt=5.405942e-05
elapsed=1.445256e+04 cycle=12940 time=7.279171e-01 dt=5.405950e-05
elapsed=1.445355e+04 cycle=12941 time=7.279711e-01 dt=5.405959e-05
elapsed=1.445453e+04 cycle=12942 time=7.280252e-01 dt=5.405969e-05
elapsed=1.445549e+04 cycle=12943 time=7.280793e-01 dt=5.405979e-05
elapsed=1.445645e+04 cycle=12944 time=7.281333e-01 dt=5.405989e-05
elapsed=1.445742e+04 cycle=12945 time=7.281874e-01 dt=5.405999e-05
elapsed=1.445840e+04 cycle=12946 time=7.282414e-01 dt=5.406009e-05
elapsed=1.445952e+04 cycle=12947 time=7.282955e-01 dt=5.406018e-05
elapsed=1.446049e+04 cycle=12948 time=7.283496e-01 dt=5.406029e-05
elapsed=1.446145e+04 cycle=12949 time=7.284036e-01 dt=5.406042e-05
elapsed=1.446240e+04 cycle=12950 time=7.284577e-01 dt=5.406056e-05
elapsed=1.446335e+04 cycle=12951 time=7.285117e-01 dt=5.406070e-05
elapsed=1.446432e+04 cycle=12952 time=7.285658e-01 dt=5.406084e-05
elapsed=1.446543e+04 cycle=12953 time=7.286199e-01 dt=5.406098e-05
elapsed=1.446639e+04 cycle=12954 time=7.286739e-01 dt=5.406112e-05
elapsed=1.446734e+04 cycle=12955 time=7.287280e-01 dt=5.406126e-05
elapsed=1.446831e+04 cycle=12956 time=7.287820e-01 dt=5.406139e-05
elapsed=1.446929e+04 cycle=12957 time=7.288361e-01 dt=5.406154e-05
elapsed=1.447025e+04 cycle=12958 time=7.288902e-01 dt=5.406169e-05
elapsed=1.447136e+04 cycle=12959 time=7.289442e-01 dt=5.406186e-05
elapsed=1.447231e+04 cycle=12960 time=7.289983e-01 dt=5.406204e-05
elapsed=1.447328e+04 cycle=12961 time=7.290524e-01 dt=5.406221e-05
elapsed=1.447438e+04 cycle=12962 time=7.291064e-01 dt=5.406238e-05
elapsed=1.447532e+04 cycle=12963 time=7.291605e-01 dt=5.406256e-05
elapsed=1.447629e+04 cycle=12964 time=7.292145e-01 dt=5.406274e-05
elapsed=1.447725e+04 cycle=12965 time=7.292686e-01 dt=5.406293e-05
elapsed=1.447823e+04 cycle=12966 time=7.293227e-01 dt=5.406311e-05
elapsed=1.447920e+04 cycle=12967 time=7.293767e-01 dt=5.406329e-05
elapsed=1.448015e+04 cycle=12968 time=7.294308e-01 dt=5.406349e-05
elapsed=1.448111e+04 cycle=12969 time=7.294849e-01 dt=5.406369e-05
elapsed=1.448209e+04 cycle=12970 time=7.295389e-01 dt=5.406390e-05
elapsed=1.448308e+04 cycle=12971 time=7.295930e-01 dt=5.406412e-05
elapsed=1.448406e+04 cycle=12972 time=7.296471e-01 dt=5.406434e-05
elapsed=1.448503e+04 cycle=12973 time=7.297011e-01 dt=5.406456e-05
elapsed=1.448599e+04 cycle=12974 time=7.297552e-01 dt=5.406480e-05
elapsed=1.448696e+04 cycle=12975 time=7.298092e-01 dt=5.406505e-05
elapsed=1.448794e+04 cycle=12976 time=7.298633e-01 dt=5.406530e-05
elapsed=1.448891e+04 cycle=12977 time=7.299174e-01 dt=5.406554e-05
elapsed=1.448987e+04 cycle=12978 time=7.299714e-01 dt=5.406580e-05
elapsed=1.451024e+04 cycle=12979 time=7.300255e-01 dt=5.406605e-05
elapsed=1.451119e+04 cycle=12980 time=7.300796e-01 dt=5.406631e-05
elapsed=1.451228e+04 cycle=12981 time=7.301336e-01 dt=5.406657e-05
elapsed=1.451324e+04 cycle=12982 time=7.301877e-01 dt=5.406683e-05
[Tue Dec 30 09:56:43 EST 2025] Found 11 bin files, deleting 1 oldest...
elapsed=1.451422e+04 cycle=12983 time=7.302418e-01 dt=5.406709e-05
elapsed=1.451517e+04 cycle=12984 time=7.302958e-01 dt=5.406734e-05
[Tue Dec 30 09:56:45 EST 2025] Kept 10 most recent bin files.
elapsed=1.451612e+04 cycle=12985 time=7.303499e-01 dt=5.406759e-05
elapsed=1.451707e+04 cycle=12986 time=7.304040e-01 dt=5.406784e-05
elapsed=1.451804e+04 cycle=12987 time=7.304580e-01 dt=5.406810e-05
elapsed=1.451900e+04 cycle=12988 time=7.305121e-01 dt=5.406836e-05
elapsed=1.452011e+04 cycle=12989 time=7.305662e-01 dt=5.406863e-05
elapsed=1.452108e+04 cycle=12990 time=7.306202e-01 dt=5.406891e-05
elapsed=1.452217e+04 cycle=12991 time=7.306743e-01 dt=5.406921e-05
elapsed=1.452316e+04 cycle=12992 time=7.307284e-01 dt=5.406952e-05
elapsed=1.452414e+04 cycle=12993 time=7.307825e-01 dt=5.406984e-05
elapsed=1.452510e+04 cycle=12994 time=7.308365e-01 dt=5.407016e-05
elapsed=1.452606e+04 cycle=12995 time=7.308906e-01 dt=5.407050e-05
elapsed=1.452705e+04 cycle=12996 time=7.309447e-01 dt=5.407083e-05
elapsed=1.452801e+04 cycle=12997 time=7.309987e-01 dt=5.407117e-05
elapsed=1.452897e+04 cycle=12998 time=7.310528e-01 dt=5.407150e-05
elapsed=1.452996e+04 cycle=12999 time=7.311069e-01 dt=5.407184e-05
elapsed=1.453091e+04 cycle=13000 time=7.311610e-01 dt=5.407217e-05
elapsed=1.453186e+04 cycle=13001 time=7.312150e-01 dt=5.407250e-05
elapsed=1.453285e+04 cycle=13002 time=7.312691e-01 dt=5.407284e-05
elapsed=1.453396e+04 cycle=13003 time=7.313232e-01 dt=5.407318e-05
elapsed=1.453493e+04 cycle=13004 time=7.313772e-01 dt=5.407352e-05
elapsed=1.453591e+04 cycle=13005 time=7.314313e-01 dt=5.407388e-05
elapsed=1.453700e+04 cycle=13006 time=7.314854e-01 dt=5.407424e-05
elapsed=1.453796e+04 cycle=13007 time=7.315395e-01 dt=5.407461e-05
elapsed=1.453891e+04 cycle=13008 time=7.315935e-01 dt=5.407498e-05
elapsed=1.453988e+04 cycle=13009 time=7.316476e-01 dt=5.407534e-05
elapsed=1.454086e+04 cycle=13010 time=7.317017e-01 dt=5.407570e-05
elapsed=1.454183e+04 cycle=13011 time=7.317558e-01 dt=5.407607e-05
elapsed=1.454279e+04 cycle=13012 time=7.318098e-01 dt=5.407643e-05
elapsed=1.454376e+04 cycle=13013 time=7.318639e-01 dt=5.407679e-05
elapsed=1.454472e+04 cycle=13014 time=7.319180e-01 dt=5.407716e-05
elapsed=1.454567e+04 cycle=13015 time=7.319721e-01 dt=5.407753e-05
elapsed=1.454676e+04 cycle=13016 time=7.320261e-01 dt=5.407789e-05
elapsed=1.454774e+04 cycle=13017 time=7.320802e-01 dt=5.407823e-05
elapsed=1.454873e+04 cycle=13018 time=7.321343e-01 dt=5.407855e-05
elapsed=1.454967e+04 cycle=13019 time=7.321884e-01 dt=5.407888e-05
elapsed=1.455064e+04 cycle=13020 time=7.322425e-01 dt=5.407921e-05
elapsed=1.455160e+04 cycle=13021 time=7.322965e-01 dt=5.407955e-05
elapsed=1.455255e+04 cycle=13022 time=7.323506e-01 dt=5.407989e-05
elapsed=1.455351e+04 cycle=13023 time=7.324047e-01 dt=5.408022e-05
elapsed=1.455448e+04 cycle=13024 time=7.324588e-01 dt=5.408056e-05
elapsed=1.455545e+04 cycle=13025 time=7.325129e-01 dt=5.408090e-05
elapsed=1.455640e+04 cycle=13026 time=7.325669e-01 dt=5.408123e-05
elapsed=1.455737e+04 cycle=13027 time=7.326210e-01 dt=5.408157e-05
elapsed=1.455833e+04 cycle=13028 time=7.326751e-01 dt=5.408192e-05
elapsed=1.455928e+04 cycle=13029 time=7.327292e-01 dt=5.408227e-05
elapsed=1.456025e+04 cycle=13030 time=7.327833e-01 dt=5.408261e-05
elapsed=1.456122e+04 cycle=13031 time=7.328374e-01 dt=5.408294e-05
elapsed=1.456218e+04 cycle=13032 time=7.328914e-01 dt=5.408326e-05
elapsed=1.456313e+04 cycle=13033 time=7.329455e-01 dt=5.408358e-05
elapsed=1.456409e+04 cycle=13034 time=7.329996e-01 dt=5.408391e-05
elapsed=1.456506e+04 cycle=13035 time=7.330537e-01 dt=5.408424e-05
elapsed=1.456602e+04 cycle=13036 time=7.331078e-01 dt=5.408456e-05
elapsed=1.456713e+04 cycle=13037 time=7.331619e-01 dt=5.408488e-05
elapsed=1.456808e+04 cycle=13038 time=7.332159e-01 dt=5.408519e-05
elapsed=1.456906e+04 cycle=13039 time=7.332700e-01 dt=5.408550e-05
elapsed=1.457005e+04 cycle=13040 time=7.333241e-01 dt=5.408581e-05
elapsed=1.457100e+04 cycle=13041 time=7.333782e-01 dt=5.408612e-05
elapsed=1.457196e+04 cycle=13042 time=7.334323e-01 dt=5.408642e-05
elapsed=1.457294e+04 cycle=13043 time=7.334864e-01 dt=5.408673e-05
elapsed=1.457390e+04 cycle=13044 time=7.335405e-01 dt=5.408704e-05
elapsed=1.457485e+04 cycle=13045 time=7.335945e-01 dt=5.408734e-05
elapsed=1.457580e+04 cycle=13046 time=7.336486e-01 dt=5.408764e-05
elapsed=1.457691e+04 cycle=13047 time=7.337027e-01 dt=5.408794e-05
elapsed=1.457790e+04 cycle=13048 time=7.337568e-01 dt=5.408824e-05
elapsed=1.457888e+04 cycle=13049 time=7.338109e-01 dt=5.408856e-05
elapsed=1.457984e+04 cycle=13050 time=7.338650e-01 dt=5.408889e-05
elapsed=1.458079e+04 cycle=13051 time=7.339191e-01 dt=5.408921e-05
elapsed=1.458176e+04 cycle=13052 time=7.339732e-01 dt=5.408953e-05
elapsed=1.458271e+04 cycle=13053 time=7.340272e-01 dt=5.408985e-05
elapsed=1.458365e+04 cycle=13054 time=7.340813e-01 dt=5.409016e-05
elapsed=1.458462e+04 cycle=13055 time=7.341354e-01 dt=5.409049e-05
elapsed=1.458558e+04 cycle=13056 time=7.341895e-01 dt=5.409081e-05
elapsed=1.458654e+04 cycle=13057 time=7.342436e-01 dt=5.409116e-05
elapsed=1.458751e+04 cycle=13058 time=7.342977e-01 dt=5.409152e-05
elapsed=1.458848e+04 cycle=13059 time=7.343518e-01 dt=5.409190e-05
elapsed=1.458944e+04 cycle=13060 time=7.344059e-01 dt=5.409228e-05
elapsed=1.459042e+04 cycle=13061 time=7.344600e-01 dt=5.409267e-05
elapsed=1.459137e+04 cycle=13062 time=7.345141e-01 dt=5.409308e-05
elapsed=1.459248e+04 cycle=13063 time=7.345682e-01 dt=5.409349e-05
elapsed=1.459359e+04 cycle=13064 time=7.346223e-01 dt=5.409390e-05
elapsed=1.459457e+04 cycle=13065 time=7.346764e-01 dt=5.409431e-05
elapsed=1.459554e+04 cycle=13066 time=7.347304e-01 dt=5.409472e-05
elapsed=1.459649e+04 cycle=13067 time=7.347845e-01 dt=5.409512e-05
elapsed=1.459745e+04 cycle=13068 time=7.348386e-01 dt=5.409552e-05
elapsed=1.459840e+04 cycle=13069 time=7.348927e-01 dt=5.409592e-05
elapsed=1.459938e+04 cycle=13070 time=7.349468e-01 dt=5.409631e-05
elapsed=1.460036e+04 cycle=13071 time=7.350009e-01 dt=5.409671e-05
elapsed=1.460134e+04 cycle=13072 time=7.350550e-01 dt=5.409711e-05
elapsed=1.460245e+04 cycle=13073 time=7.351091e-01 dt=5.409751e-05
elapsed=1.460340e+04 cycle=13074 time=7.351632e-01 dt=5.409791e-05
elapsed=1.460438e+04 cycle=13075 time=7.352173e-01 dt=5.409831e-05
elapsed=1.460549e+04 cycle=13076 time=7.352714e-01 dt=5.409836e-05
elapsed=1.460646e+04 cycle=13077 time=7.353255e-01 dt=5.409794e-05
elapsed=1.460744e+04 cycle=13078 time=7.353796e-01 dt=5.409751e-05
elapsed=1.460855e+04 cycle=13079 time=7.354337e-01 dt=5.409708e-05
elapsed=1.460950e+04 cycle=13080 time=7.354878e-01 dt=5.409665e-05
elapsed=1.461045e+04 cycle=13081 time=7.355419e-01 dt=5.409622e-05
elapsed=1.461143e+04 cycle=13082 time=7.355960e-01 dt=5.409579e-05
elapsed=1.461240e+04 cycle=13083 time=7.356501e-01 dt=5.409536e-05
elapsed=1.461335e+04 cycle=13084 time=7.357042e-01 dt=5.409492e-05
elapsed=1.461429e+04 cycle=13085 time=7.357583e-01 dt=5.409449e-05
elapsed=1.461524e+04 cycle=13086 time=7.358124e-01 dt=5.409405e-05
elapsed=1.461621e+04 cycle=13087 time=7.358665e-01 dt=5.409361e-05
elapsed=1.461719e+04 cycle=13088 time=7.359206e-01 dt=5.409317e-05
elapsed=1.461816e+04 cycle=13089 time=7.359747e-01 dt=5.409274e-05
elapsed=1.461912e+04 cycle=13090 time=7.360287e-01 dt=5.409231e-05
elapsed=1.462008e+04 cycle=13091 time=7.360828e-01 dt=5.409188e-05
elapsed=1.462119e+04 cycle=13092 time=7.361369e-01 dt=5.409145e-05
elapsed=1.462214e+04 cycle=13093 time=7.361910e-01 dt=5.409102e-05
elapsed=1.462312e+04 cycle=13094 time=7.362451e-01 dt=5.409059e-05
elapsed=1.462408e+04 cycle=13095 time=7.362992e-01 dt=5.409015e-05
elapsed=1.462520e+04 cycle=13096 time=7.363533e-01 dt=5.408970e-05
elapsed=1.462616e+04 cycle=13097 time=7.364074e-01 dt=5.408926e-05
elapsed=1.462712e+04 cycle=13098 time=7.364615e-01 dt=5.408882e-05
elapsed=1.462809e+04 cycle=13099 time=7.365156e-01 dt=5.408837e-05
elapsed=1.462907e+04 cycle=13100 time=7.365697e-01 dt=5.408792e-05
elapsed=1.463002e+04 cycle=13101 time=7.366237e-01 dt=5.408747e-05
elapsed=1.463099e+04 cycle=13102 time=7.366778e-01 dt=5.408701e-05
elapsed=1.463194e+04 cycle=13103 time=7.367319e-01 dt=5.408656e-05
elapsed=1.463292e+04 cycle=13104 time=7.367860e-01 dt=5.408611e-05
elapsed=1.463389e+04 cycle=13105 time=7.368401e-01 dt=5.408565e-05
elapsed=1.463485e+04 cycle=13106 time=7.368942e-01 dt=5.408518e-05
elapsed=1.463580e+04 cycle=13107 time=7.369483e-01 dt=5.408471e-05
elapsed=1.463689e+04 cycle=13108 time=7.370023e-01 dt=5.408425e-05
elapsed=1.463785e+04 cycle=13109 time=7.370564e-01 dt=5.408380e-05
elapsed=1.463881e+04 cycle=13110 time=7.371105e-01 dt=5.408334e-05
elapsed=1.463979e+04 cycle=13111 time=7.371646e-01 dt=5.408288e-05
elapsed=1.464077e+04 cycle=13112 time=7.372187e-01 dt=5.408242e-05
elapsed=1.464174e+04 cycle=13113 time=7.372728e-01 dt=5.408196e-05
elapsed=1.464268e+04 cycle=13114 time=7.373268e-01 dt=5.408150e-05
elapsed=1.464364e+04 cycle=13115 time=7.373809e-01 dt=5.408105e-05
elapsed=1.464476e+04 cycle=13116 time=7.374350e-01 dt=5.408059e-05
elapsed=1.464570e+04 cycle=13117 time=7.374891e-01 dt=5.408013e-05
elapsed=1.464667e+04 cycle=13118 time=7.375432e-01 dt=5.407967e-05
elapsed=1.464762e+04 cycle=13119 time=7.375972e-01 dt=5.407922e-05
elapsed=1.464856e+04 cycle=13120 time=7.376513e-01 dt=5.407877e-05
elapsed=1.464955e+04 cycle=13121 time=7.377054e-01 dt=5.407832e-05
elapsed=1.465051e+04 cycle=13122 time=7.377595e-01 dt=5.407787e-05
elapsed=1.465146e+04 cycle=13123 time=7.378136e-01 dt=5.407741e-05
elapsed=1.465242e+04 cycle=13124 time=7.378676e-01 dt=5.407696e-05
elapsed=1.465338e+04 cycle=13125 time=7.379217e-01 dt=5.407650e-05
elapsed=1.465435e+04 cycle=13126 time=7.379758e-01 dt=5.407603e-05
elapsed=1.465533e+04 cycle=13127 time=7.380299e-01 dt=5.407557e-05
elapsed=1.465627e+04 cycle=13128 time=7.380839e-01 dt=5.407511e-05
elapsed=1.465737e+04 cycle=13129 time=7.381380e-01 dt=5.407465e-05
elapsed=1.465831e+04 cycle=13130 time=7.381921e-01 dt=5.407419e-05
elapsed=1.465927e+04 cycle=13131 time=7.382462e-01 dt=5.407371e-05
elapsed=1.466022e+04 cycle=13132 time=7.383002e-01 dt=5.407323e-05
elapsed=1.466119e+04 cycle=13133 time=7.383543e-01 dt=5.407275e-05
elapsed=1.466216e+04 cycle=13134 time=7.384084e-01 dt=5.407228e-05
elapsed=1.466312e+04 cycle=13135 time=7.384625e-01 dt=5.407181e-05
elapsed=1.466408e+04 cycle=13136 time=7.385165e-01 dt=5.407133e-05
elapsed=1.466506e+04 cycle=13137 time=7.385706e-01 dt=5.407086e-05
elapsed=1.466604e+04 cycle=13138 time=7.386247e-01 dt=5.407039e-05
elapsed=1.466699e+04 cycle=13139 time=7.386787e-01 dt=5.406991e-05
elapsed=1.466795e+04 cycle=13140 time=7.387328e-01 dt=5.406944e-05
elapsed=1.466892e+04 cycle=13141 time=7.387869e-01 dt=5.406895e-05
elapsed=1.466988e+04 cycle=13142 time=7.388409e-01 dt=5.406845e-05
elapsed=1.467086e+04 cycle=13143 time=7.388950e-01 dt=5.406796e-05
elapsed=1.467182e+04 cycle=13144 time=7.389491e-01 dt=5.406747e-05
elapsed=1.467279e+04 cycle=13145 time=7.390032e-01 dt=5.406698e-05
elapsed=1.467376e+04 cycle=13146 time=7.390572e-01 dt=5.406649e-05
elapsed=1.467472e+04 cycle=13147 time=7.391113e-01 dt=5.406600e-05
elapsed=1.467568e+04 cycle=13148 time=7.391654e-01 dt=5.406552e-05
elapsed=1.467664e+04 cycle=13149 time=7.392194e-01 dt=5.406503e-05
elapsed=1.467761e+04 cycle=13150 time=7.392735e-01 dt=5.406454e-05
elapsed=1.467857e+04 cycle=13151 time=7.393275e-01 dt=5.406406e-05
elapsed=1.467954e+04 cycle=13152 time=7.393816e-01 dt=5.406358e-05
elapsed=1.468050e+04 cycle=13153 time=7.394357e-01 dt=5.406311e-05
elapsed=1.468146e+04 cycle=13154 time=7.394897e-01 dt=5.406265e-05
elapsed=1.468240e+04 cycle=13155 time=7.395438e-01 dt=5.406220e-05
elapsed=1.468337e+04 cycle=13156 time=7.395979e-01 dt=5.406173e-05
elapsed=1.468446e+04 cycle=13157 time=7.396519e-01 dt=5.406125e-05
elapsed=1.468543e+04 cycle=13158 time=7.397060e-01 dt=5.406076e-05
elapsed=1.468641e+04 cycle=13159 time=7.397600e-01 dt=5.406026e-05
elapsed=1.468736e+04 cycle=13160 time=7.398141e-01 dt=5.405977e-05
elapsed=1.468834e+04 cycle=13161 time=7.398682e-01 dt=5.405928e-05
elapsed=1.468929e+04 cycle=13162 time=7.399222e-01 dt=5.405881e-05
elapsed=1.469026e+04 cycle=13163 time=7.399763e-01 dt=5.405835e-05
[Tue Dec 30 09:59:45 EST 2025] Found 11 bin files, deleting 1 oldest...
[Tue Dec 30 09:59:47 EST 2025] Kept 10 most recent bin files.
elapsed=1.471141e+04 cycle=13164 time=7.400303e-01 dt=5.405789e-05
elapsed=1.471239e+04 cycle=13165 time=7.400844e-01 dt=5.405743e-05
elapsed=1.471348e+04 cycle=13166 time=7.401385e-01 dt=5.405698e-05
elapsed=1.471445e+04 cycle=13167 time=7.401925e-01 dt=5.405652e-05
elapsed=1.471543e+04 cycle=13168 time=7.402466e-01 dt=5.405605e-05
elapsed=1.471640e+04 cycle=13169 time=7.403006e-01 dt=5.405559e-05
elapsed=1.471738e+04 cycle=13170 time=7.403547e-01 dt=5.405513e-05
elapsed=1.471833e+04 cycle=13171 time=7.404087e-01 dt=5.405466e-05
elapsed=1.471928e+04 cycle=13172 time=7.404628e-01 dt=5.405420e-05
elapsed=1.472025e+04 cycle=13173 time=7.405168e-01 dt=5.405374e-05
elapsed=1.472137e+04 cycle=13174 time=7.405709e-01 dt=5.405327e-05
elapsed=1.472233e+04 cycle=13175 time=7.406250e-01 dt=5.405281e-05
elapsed=1.472331e+04 cycle=13176 time=7.406790e-01 dt=5.405234e-05
elapsed=1.472428e+04 cycle=13177 time=7.407331e-01 dt=5.405188e-05
elapsed=1.472523e+04 cycle=13178 time=7.407871e-01 dt=5.405143e-05
elapsed=1.472621e+04 cycle=13179 time=7.408412e-01 dt=5.405098e-05
elapsed=1.472717e+04 cycle=13180 time=7.408952e-01 dt=5.405053e-05
elapsed=1.472815e+04 cycle=13181 time=7.409493e-01 dt=5.405010e-05
elapsed=1.472910e+04 cycle=13182 time=7.410033e-01 dt=5.404966e-05
elapsed=1.473007e+04 cycle=13183 time=7.410574e-01 dt=5.404923e-05
elapsed=1.473104e+04 cycle=13184 time=7.411114e-01 dt=5.404879e-05
elapsed=1.473202e+04 cycle=13185 time=7.411655e-01 dt=5.404836e-05
elapsed=1.473300e+04 cycle=13186 time=7.412195e-01 dt=5.404792e-05
elapsed=1.473397e+04 cycle=13187 time=7.412736e-01 dt=5.404748e-05
elapsed=1.473495e+04 cycle=13188 time=7.413276e-01 dt=5.404705e-05
elapsed=1.473590e+04 cycle=13189 time=7.413817e-01 dt=5.404663e-05
elapsed=1.473686e+04 cycle=13190 time=7.414357e-01 dt=5.404621e-05
elapsed=1.473781e+04 cycle=13191 time=7.414897e-01 dt=5.404579e-05
elapsed=1.473877e+04 cycle=13192 time=7.415438e-01 dt=5.404538e-05
elapsed=1.473974e+04 cycle=13193 time=7.415978e-01 dt=5.404499e-05
elapsed=1.474070e+04 cycle=13194 time=7.416519e-01 dt=5.404460e-05
elapsed=1.474180e+04 cycle=13195 time=7.417059e-01 dt=5.404423e-05
elapsed=1.474276e+04 cycle=13196 time=7.417600e-01 dt=5.404386e-05
elapsed=1.474372e+04 cycle=13197 time=7.418140e-01 dt=5.404350e-05
elapsed=1.474471e+04 cycle=13198 time=7.418681e-01 dt=5.404314e-05
elapsed=1.474565e+04 cycle=13199 time=7.419221e-01 dt=5.404278e-05
elapsed=1.474661e+04 cycle=13200 time=7.419761e-01 dt=5.404242e-05
elapsed=1.474759e+04 cycle=13201 time=7.420302e-01 dt=5.404207e-05
elapsed=1.474854e+04 cycle=13202 time=7.420842e-01 dt=5.404172e-05
elapsed=1.474966e+04 cycle=13203 time=7.421383e-01 dt=5.404139e-05
elapsed=1.475062e+04 cycle=13204 time=7.421923e-01 dt=5.404106e-05
elapsed=1.475157e+04 cycle=13205 time=7.422464e-01 dt=5.404073e-05
elapsed=1.475252e+04 cycle=13206 time=7.423004e-01 dt=5.404039e-05
elapsed=1.475347e+04 cycle=13207 time=7.423544e-01 dt=5.404007e-05
elapsed=1.475445e+04 cycle=13208 time=7.424085e-01 dt=5.403976e-05
elapsed=1.475543e+04 cycle=13209 time=7.424625e-01 dt=5.403945e-05
elapsed=1.475637e+04 cycle=13210 time=7.425166e-01 dt=5.403914e-05
elapsed=1.475733e+04 cycle=13211 time=7.425706e-01 dt=5.403884e-05
elapsed=1.475828e+04 cycle=13212 time=7.426246e-01 dt=5.403853e-05
elapsed=1.475925e+04 cycle=13213 time=7.426787e-01 dt=5.403822e-05
elapsed=1.476023e+04 cycle=13214 time=7.427327e-01 dt=5.403791e-05
elapsed=1.476134e+04 cycle=13215 time=7.427867e-01 dt=5.403758e-05
elapsed=1.476232e+04 cycle=13216 time=7.428408e-01 dt=5.403725e-05
elapsed=1.476327e+04 cycle=13217 time=7.428948e-01 dt=5.403692e-05
elapsed=1.476425e+04 cycle=13218 time=7.429489e-01 dt=5.403659e-05
elapsed=1.476521e+04 cycle=13219 time=7.430029e-01 dt=5.403626e-05
elapsed=1.476616e+04 cycle=13220 time=7.430569e-01 dt=5.403596e-05
elapsed=1.476712e+04 cycle=13221 time=7.431110e-01 dt=5.403566e-05
elapsed=1.476808e+04 cycle=13222 time=7.431650e-01 dt=5.403535e-05
elapsed=1.476903e+04 cycle=13223 time=7.432190e-01 dt=5.403503e-05
elapsed=1.477000e+04 cycle=13224 time=7.432731e-01 dt=5.403470e-05
elapsed=1.477096e+04 cycle=13225 time=7.433271e-01 dt=5.403436e-05
elapsed=1.477194e+04 cycle=13226 time=7.433811e-01 dt=5.403403e-05
elapsed=1.477291e+04 cycle=13227 time=7.434352e-01 dt=5.403369e-05
elapsed=1.477389e+04 cycle=13228 time=7.434892e-01 dt=5.403336e-05
elapsed=1.477486e+04 cycle=13229 time=7.435432e-01 dt=5.403303e-05
elapsed=1.477582e+04 cycle=13230 time=7.435973e-01 dt=5.403271e-05
elapsed=1.477678e+04 cycle=13231 time=7.436513e-01 dt=5.403238e-05
elapsed=1.477775e+04 cycle=13232 time=7.437053e-01 dt=5.403206e-05
elapsed=1.477873e+04 cycle=13233 time=7.437594e-01 dt=5.403174e-05
elapsed=1.477969e+04 cycle=13234 time=7.438134e-01 dt=5.403143e-05
elapsed=1.478064e+04 cycle=13235 time=7.438674e-01 dt=5.403112e-05
elapsed=1.478159e+04 cycle=13236 time=7.439215e-01 dt=5.403082e-05
elapsed=1.478255e+04 cycle=13237 time=7.439755e-01 dt=5.403052e-05
elapsed=1.478352e+04 cycle=13238 time=7.440295e-01 dt=5.403023e-05
elapsed=1.478463e+04 cycle=13239 time=7.440836e-01 dt=5.402993e-05
elapsed=1.478558e+04 cycle=13240 time=7.441376e-01 dt=5.402963e-05
elapsed=1.478654e+04 cycle=13241 time=7.441916e-01 dt=5.402934e-05
elapsed=1.478751e+04 cycle=13242 time=7.442456e-01 dt=5.402904e-05
elapsed=1.478848e+04 cycle=13243 time=7.442997e-01 dt=5.402874e-05
elapsed=1.478944e+04 cycle=13244 time=7.443537e-01 dt=5.402846e-05
elapsed=1.479039e+04 cycle=13245 time=7.444077e-01 dt=5.402820e-05
elapsed=1.479150e+04 cycle=13246 time=7.444618e-01 dt=5.402795e-05
elapsed=1.479248e+04 cycle=13247 time=7.445158e-01 dt=5.402770e-05
elapsed=1.479346e+04 cycle=13248 time=7.445698e-01 dt=5.402746e-05
elapsed=1.479444e+04 cycle=13249 time=7.446238e-01 dt=5.402721e-05
elapsed=1.479539e+04 cycle=13250 time=7.446779e-01 dt=5.402696e-05
elapsed=1.479635e+04 cycle=13251 time=7.447319e-01 dt=5.402671e-05
elapsed=1.479730e+04 cycle=13252 time=7.447859e-01 dt=5.402647e-05
elapsed=1.479825e+04 cycle=13253 time=7.448400e-01 dt=5.402624e-05
elapsed=1.479920e+04 cycle=13254 time=7.448940e-01 dt=5.402602e-05
elapsed=1.480015e+04 cycle=13255 time=7.449480e-01 dt=5.402579e-05
elapsed=1.480111e+04 cycle=13256 time=7.450020e-01 dt=5.402557e-05
elapsed=1.480208e+04 cycle=13257 time=7.450561e-01 dt=5.402536e-05
elapsed=1.480303e+04 cycle=13258 time=7.451101e-01 dt=5.402516e-05
elapsed=1.480398e+04 cycle=13259 time=7.451641e-01 dt=5.402497e-05
elapsed=1.480496e+04 cycle=13260 time=7.452181e-01 dt=5.402478e-05
elapsed=1.480607e+04 cycle=13261 time=7.452722e-01 dt=5.402459e-05
elapsed=1.480704e+04 cycle=13262 time=7.453262e-01 dt=5.402441e-05
elapsed=1.480801e+04 cycle=13263 time=7.453802e-01 dt=5.402422e-05
elapsed=1.480896e+04 cycle=13264 time=7.454342e-01 dt=5.402402e-05
elapsed=1.480993e+04 cycle=13265 time=7.454883e-01 dt=5.402382e-05
elapsed=1.481091e+04 cycle=13266 time=7.455423e-01 dt=5.402363e-05
elapsed=1.481187e+04 cycle=13267 time=7.455963e-01 dt=5.402345e-05
elapsed=1.481298e+04 cycle=13268 time=7.456503e-01 dt=5.402328e-05
elapsed=1.481393e+04 cycle=13269 time=7.457043e-01 dt=5.402311e-05
elapsed=1.481488e+04 cycle=13270 time=7.457584e-01 dt=5.402294e-05
elapsed=1.481585e+04 cycle=13271 time=7.458124e-01 dt=5.402277e-05
elapsed=1.481682e+04 cycle=13272 time=7.458664e-01 dt=5.402263e-05
elapsed=1.481781e+04 cycle=13273 time=7.459204e-01 dt=5.402248e-05
elapsed=1.481877e+04 cycle=13274 time=7.459745e-01 dt=5.402233e-05
elapsed=1.481975e+04 cycle=13275 time=7.460285e-01 dt=5.402219e-05
elapsed=1.482073e+04 cycle=13276 time=7.460825e-01 dt=5.402204e-05
elapsed=1.482169e+04 cycle=13277 time=7.461365e-01 dt=5.402188e-05
elapsed=1.482264e+04 cycle=13278 time=7.461906e-01 dt=5.402173e-05
elapsed=1.482373e+04 cycle=13279 time=7.462446e-01 dt=5.402159e-05
elapsed=1.482470e+04 cycle=13280 time=7.462986e-01 dt=5.402145e-05
elapsed=1.482566e+04 cycle=13281 time=7.463526e-01 dt=5.402131e-05
elapsed=1.482677e+04 cycle=13282 time=7.464066e-01 dt=5.402116e-05
elapsed=1.482774e+04 cycle=13283 time=7.464607e-01 dt=5.402102e-05
elapsed=1.482872e+04 cycle=13284 time=7.465147e-01 dt=5.402088e-05
elapsed=1.482970e+04 cycle=13285 time=7.465687e-01 dt=5.402075e-05
elapsed=1.483066e+04 cycle=13286 time=7.466227e-01 dt=5.402063e-05
elapsed=1.483161e+04 cycle=13287 time=7.466767e-01 dt=5.402051e-05
elapsed=1.483272e+04 cycle=13288 time=7.467308e-01 dt=5.402039e-05
elapsed=1.483367e+04 cycle=13289 time=7.467848e-01 dt=5.402026e-05
elapsed=1.483476e+04 cycle=13290 time=7.468388e-01 dt=5.402013e-05
elapsed=1.483573e+04 cycle=13291 time=7.468928e-01 dt=5.401999e-05
elapsed=1.483669e+04 cycle=13292 time=7.469468e-01 dt=5.401986e-05
elapsed=1.483766e+04 cycle=13293 time=7.470009e-01 dt=5.401972e-05
elapsed=1.483863e+04 cycle=13294 time=7.470549e-01 dt=5.401959e-05
elapsed=1.483972e+04 cycle=13295 time=7.471089e-01 dt=5.401946e-05
elapsed=1.484070e+04 cycle=13296 time=7.471629e-01 dt=5.401933e-05
elapsed=1.484167e+04 cycle=13297 time=7.472169e-01 dt=5.401919e-05
elapsed=1.484265e+04 cycle=13298 time=7.472710e-01 dt=5.401904e-05
elapsed=1.484361e+04 cycle=13299 time=7.473250e-01 dt=5.401890e-05
elapsed=1.484457e+04 cycle=13300 time=7.473790e-01 dt=5.401877e-05
elapsed=1.484552e+04 cycle=13301 time=7.474330e-01 dt=5.401865e-05
elapsed=1.484649e+04 cycle=13302 time=7.474870e-01 dt=5.401854e-05
elapsed=1.484746e+04 cycle=13303 time=7.475411e-01 dt=5.401843e-05
elapsed=1.484842e+04 cycle=13304 time=7.475951e-01 dt=5.401832e-05
elapsed=1.484938e+04 cycle=13305 time=7.476491e-01 dt=5.401820e-05
elapsed=1.485033e+04 cycle=13306 time=7.477031e-01 dt=5.401809e-05
elapsed=1.485130e+04 cycle=13307 time=7.477571e-01 dt=5.401798e-05
elapsed=1.485228e+04 cycle=13308 time=7.478111e-01 dt=5.401788e-05
elapsed=1.485324e+04 cycle=13309 time=7.478652e-01 dt=5.401778e-05
elapsed=1.485421e+04 cycle=13310 time=7.479192e-01 dt=5.401769e-05
elapsed=1.485516e+04 cycle=13311 time=7.479732e-01 dt=5.401759e-05
elapsed=1.485612e+04 cycle=13312 time=7.480272e-01 dt=5.401749e-05
elapsed=1.485707e+04 cycle=13313 time=7.480812e-01 dt=5.401739e-05
elapsed=1.485804e+04 cycle=13314 time=7.481353e-01 dt=5.401728e-05
elapsed=1.485899e+04 cycle=13315 time=7.481893e-01 dt=5.401717e-05
elapsed=1.485994e+04 cycle=13316 time=7.482433e-01 dt=5.401707e-05
elapsed=1.486090e+04 cycle=13317 time=7.482973e-01 dt=5.401698e-05
elapsed=1.486187e+04 cycle=13318 time=7.483513e-01 dt=5.401689e-05
elapsed=1.486283e+04 cycle=13319 time=7.484053e-01 dt=5.401681e-05
elapsed=1.486379e+04 cycle=13320 time=7.484594e-01 dt=5.401674e-05
elapsed=1.486478e+04 cycle=13321 time=7.485134e-01 dt=5.401667e-05
elapsed=1.486577e+04 cycle=13322 time=7.485674e-01 dt=5.401660e-05
elapsed=1.486673e+04 cycle=13323 time=7.486214e-01 dt=5.401655e-05
elapsed=1.486768e+04 cycle=13324 time=7.486754e-01 dt=5.401650e-05
elapsed=1.486865e+04 cycle=13325 time=7.487294e-01 dt=5.401645e-05
elapsed=1.486961e+04 cycle=13326 time=7.487835e-01 dt=5.401642e-05
elapsed=1.487057e+04 cycle=13327 time=7.488375e-01 dt=5.401638e-05
elapsed=1.487152e+04 cycle=13328 time=7.488915e-01 dt=5.401634e-05
elapsed=1.487249e+04 cycle=13329 time=7.489455e-01 dt=5.401630e-05
elapsed=1.487345e+04 cycle=13330 time=7.489995e-01 dt=5.401627e-05
elapsed=1.487440e+04 cycle=13331 time=7.490535e-01 dt=5.401622e-05
elapsed=1.487539e+04 cycle=13332 time=7.491076e-01 dt=5.401618e-05
elapsed=1.487635e+04 cycle=13333 time=7.491616e-01 dt=5.401612e-05
elapsed=1.487732e+04 cycle=13334 time=7.492156e-01 dt=5.401605e-05
elapsed=1.487830e+04 cycle=13335 time=7.492696e-01 dt=5.401599e-05
elapsed=1.487926e+04 cycle=13336 time=7.493236e-01 dt=5.401594e-05
elapsed=1.488021e+04 cycle=13337 time=7.493776e-01 dt=5.401590e-05
elapsed=1.488118e+04 cycle=13338 time=7.494316e-01 dt=5.401585e-05
elapsed=1.488216e+04 cycle=13339 time=7.494857e-01 dt=5.401581e-05
elapsed=1.488314e+04 cycle=13340 time=7.495397e-01 dt=5.401578e-05
elapsed=1.488409e+04 cycle=13341 time=7.495937e-01 dt=5.401576e-05
elapsed=1.488505e+04 cycle=13342 time=7.496477e-01 dt=5.401574e-05
elapsed=1.488601e+04 cycle=13343 time=7.497017e-01 dt=5.401572e-05
elapsed=1.488698e+04 cycle=13344 time=7.497557e-01 dt=5.401570e-05
elapsed=1.488797e+04 cycle=13345 time=7.498098e-01 dt=5.401568e-05
elapsed=1.488893e+04 cycle=13346 time=7.498638e-01 dt=5.401565e-05
elapsed=1.488990e+04 cycle=13347 time=7.499178e-01 dt=5.401562e-05
elapsed=1.489086e+04 cycle=13348 time=7.499718e-01 dt=5.401559e-05
elapsed=1.491168e+04 cycle=13349 time=7.500258e-01 dt=5.401556e-05
elapsed=1.491265e+04 cycle=13350 time=7.500798e-01 dt=5.401554e-05
elapsed=1.491362e+04 cycle=13351 time=7.501339e-01 dt=5.401551e-05
elapsed=1.491458e+04 cycle=13352 time=7.501879e-01 dt=5.401549e-05
elapsed=1.491555e+04 cycle=13353 time=7.502419e-01 dt=5.401547e-05
elapsed=1.491650e+04 cycle=13354 time=7.502959e-01 dt=5.401546e-05
elapsed=1.491744e+04 cycle=13355 time=7.503499e-01 dt=5.401544e-05
elapsed=1.491843e+04 cycle=13356 time=7.504039e-01 dt=5.401542e-05
elapsed=1.491939e+04 cycle=13357 time=7.504579e-01 dt=5.401540e-05
elapsed=1.492035e+04 cycle=13358 time=7.505120e-01 dt=5.401537e-05
elapsed=1.492134e+04 cycle=13359 time=7.505660e-01 dt=5.401535e-05
elapsed=1.492229e+04 cycle=13360 time=7.506200e-01 dt=5.401533e-05
elapsed=1.492324e+04 cycle=13361 time=7.506740e-01 dt=5.401531e-05
elapsed=1.492422e+04 cycle=13362 time=7.507280e-01 dt=5.401529e-05
elapsed=1.492533e+04 cycle=13363 time=7.507820e-01 dt=5.401527e-05
elapsed=1.492627e+04 cycle=13364 time=7.508361e-01 dt=5.401523e-05
elapsed=1.492737e+04 cycle=13365 time=7.508901e-01 dt=5.401518e-05
elapsed=1.492835e+04 cycle=13366 time=7.509441e-01 dt=5.401514e-05
elapsed=1.492932e+04 cycle=13367 time=7.509981e-01 dt=5.401509e-05
elapsed=1.493028e+04 cycle=13368 time=7.510521e-01 dt=5.401504e-05
elapsed=1.493124e+04 cycle=13369 time=7.511061e-01 dt=5.401499e-05
elapsed=1.493220e+04 cycle=13370 time=7.511601e-01 dt=5.401493e-05
elapsed=1.493317e+04 cycle=13371 time=7.512142e-01 dt=5.401488e-05
elapsed=1.493413e+04 cycle=13372 time=7.512682e-01 dt=5.401483e-05
elapsed=1.493524e+04 cycle=13373 time=7.513222e-01 dt=5.401477e-05
elapsed=1.493621e+04 cycle=13374 time=7.513762e-01 dt=5.401470e-05
elapsed=1.493717e+04 cycle=13375 time=7.514302e-01 dt=5.401463e-05
[Tue Dec 30 10:03:47 EST 2025] Found 11 bin files, deleting 1 oldest...
elapsed=1.493813e+04 cycle=13376 time=7.514842e-01 dt=5.401455e-05
elapsed=1.493908e+04 cycle=13377 time=7.515382e-01 dt=5.401447e-05
[Tue Dec 30 10:03:49 EST 2025] Kept 10 most recent bin files.
elapsed=1.494005e+04 cycle=13378 time=7.515923e-01 dt=5.401440e-05
elapsed=1.494101e+04 cycle=13379 time=7.516463e-01 dt=5.401432e-05
elapsed=1.494198e+04 cycle=13380 time=7.517003e-01 dt=5.401424e-05
elapsed=1.494294e+04 cycle=13381 time=7.517543e-01 dt=5.401416e-05
elapsed=1.494404e+04 cycle=13382 time=7.518083e-01 dt=5.401409e-05
elapsed=1.494502e+04 cycle=13383 time=7.518623e-01 dt=5.401403e-05
elapsed=1.494599e+04 cycle=13384 time=7.519163e-01 dt=5.401396e-05
elapsed=1.494694e+04 cycle=13385 time=7.519704e-01 dt=5.401390e-05
elapsed=1.494792e+04 cycle=13386 time=7.520244e-01 dt=5.401383e-05
elapsed=1.494886e+04 cycle=13387 time=7.520784e-01 dt=5.401377e-05
elapsed=1.494982e+04 cycle=13388 time=7.521324e-01 dt=5.401369e-05
elapsed=1.495078e+04 cycle=13389 time=7.521864e-01 dt=5.401360e-05
elapsed=1.495175e+04 cycle=13390 time=7.522404e-01 dt=5.401351e-05
elapsed=1.495271e+04 cycle=13391 time=7.522944e-01 dt=5.401342e-05
elapsed=1.495368e+04 cycle=13392 time=7.523485e-01 dt=5.401334e-05
elapsed=1.495462e+04 cycle=13393 time=7.524025e-01 dt=5.401327e-05
elapsed=1.495559e+04 cycle=13394 time=7.524565e-01 dt=5.401320e-05
elapsed=1.495654e+04 cycle=13395 time=7.525105e-01 dt=5.401312e-05
elapsed=1.495752e+04 cycle=13396 time=7.525645e-01 dt=5.401305e-05
elapsed=1.495847e+04 cycle=13397 time=7.526185e-01 dt=5.401298e-05
elapsed=1.495943e+04 cycle=13398 time=7.526725e-01 dt=5.401290e-05
elapsed=1.496040e+04 cycle=13399 time=7.527265e-01 dt=5.401283e-05
elapsed=1.496136e+04 cycle=13400 time=7.527806e-01 dt=5.401276e-05
elapsed=1.496232e+04 cycle=13401 time=7.528346e-01 dt=5.401270e-05
elapsed=1.496329e+04 cycle=13402 time=7.528886e-01 dt=5.401264e-05
elapsed=1.496425e+04 cycle=13403 time=7.529426e-01 dt=5.401259e-05
elapsed=1.496520e+04 cycle=13404 time=7.529966e-01 dt=5.401254e-05
elapsed=1.496615e+04 cycle=13405 time=7.530506e-01 dt=5.401248e-05
elapsed=1.496714e+04 cycle=13406 time=7.531046e-01 dt=5.401242e-05
elapsed=1.496823e+04 cycle=13407 time=7.531586e-01 dt=5.401235e-05
elapsed=1.496920e+04 cycle=13408 time=7.532127e-01 dt=5.401227e-05
elapsed=1.497031e+04 cycle=13409 time=7.532667e-01 dt=5.401218e-05
elapsed=1.497127e+04 cycle=13410 time=7.533207e-01 dt=5.401209e-05
elapsed=1.497226e+04 cycle=13411 time=7.533747e-01 dt=5.401201e-05
elapsed=1.497324e+04 cycle=13412 time=7.534287e-01 dt=5.401192e-05
elapsed=1.497418e+04 cycle=13413 time=7.534827e-01 dt=5.401184e-05
elapsed=1.497515e+04 cycle=13414 time=7.535367e-01 dt=5.401178e-05
elapsed=1.497612e+04 cycle=13415 time=7.535907e-01 dt=5.401173e-05
elapsed=1.497708e+04 cycle=13416 time=7.536448e-01 dt=5.401168e-05
elapsed=1.497806e+04 cycle=13417 time=7.536988e-01 dt=5.401164e-05
elapsed=1.497903e+04 cycle=13418 time=7.537528e-01 dt=5.401159e-05
elapsed=1.497999e+04 cycle=13419 time=7.538068e-01 dt=5.401155e-05
elapsed=1.498095e+04 cycle=13420 time=7.538608e-01 dt=5.401151e-05
elapsed=1.498206e+04 cycle=13421 time=7.539148e-01 dt=5.401146e-05
elapsed=1.498302e+04 cycle=13422 time=7.539688e-01 dt=5.401142e-05
elapsed=1.498396e+04 cycle=13423 time=7.540228e-01 dt=5.401138e-05
elapsed=1.498493e+04 cycle=13424 time=7.540768e-01 dt=5.401133e-05
elapsed=1.498588e+04 cycle=13425 time=7.541309e-01 dt=5.401129e-05
elapsed=1.498684e+04 cycle=13426 time=7.541849e-01 dt=5.401124e-05
elapsed=1.498793e+04 cycle=13427 time=7.542389e-01 dt=5.401119e-05
elapsed=1.498891e+04 cycle=13428 time=7.542929e-01 dt=5.401115e-05
elapsed=1.498989e+04 cycle=13429 time=7.543469e-01 dt=5.401110e-05
elapsed=1.499098e+04 cycle=13430 time=7.544009e-01 dt=5.401106e-05
elapsed=1.499194e+04 cycle=13431 time=7.544549e-01 dt=5.401102e-05
elapsed=1.499306e+04 cycle=13432 time=7.545089e-01 dt=5.401098e-05
elapsed=1.499404e+04 cycle=13433 time=7.545629e-01 dt=5.401094e-05
elapsed=1.499499e+04 cycle=13434 time=7.546170e-01 dt=5.401089e-05
elapsed=1.499595e+04 cycle=13435 time=7.546710e-01 dt=5.401082e-05
elapsed=1.499690e+04 cycle=13436 time=7.547250e-01 dt=5.401075e-05
elapsed=1.499787e+04 cycle=13437 time=7.547790e-01 dt=5.401069e-05
elapsed=1.499882e+04 cycle=13438 time=7.548330e-01 dt=5.401063e-05
elapsed=1.499978e+04 cycle=13439 time=7.548870e-01 dt=5.401056e-05
elapsed=1.500075e+04 cycle=13440 time=7.549410e-01 dt=5.401050e-05
elapsed=1.500171e+04 cycle=13441 time=7.549950e-01 dt=5.401044e-05
elapsed=1.500268e+04 cycle=13442 time=7.550490e-01 dt=5.401038e-05
elapsed=1.500377e+04 cycle=13443 time=7.551031e-01 dt=5.401032e-05
elapsed=1.500473e+04 cycle=13444 time=7.551571e-01 dt=5.401025e-05
elapsed=1.500572e+04 cycle=13445 time=7.552111e-01 dt=5.401017e-05
elapsed=1.500670e+04 cycle=13446 time=7.552651e-01 dt=5.401009e-05
elapsed=1.500768e+04 cycle=13447 time=7.553191e-01 dt=5.401001e-05
elapsed=1.500864e+04 cycle=13448 time=7.553731e-01 dt=5.400993e-05
elapsed=1.500961e+04 cycle=13449 time=7.554271e-01 dt=5.400985e-05
elapsed=1.501056e+04 cycle=13450 time=7.554811e-01 dt=5.400977e-05
elapsed=1.501152e+04 cycle=13451 time=7.555351e-01 dt=5.400970e-05
elapsed=1.501251e+04 cycle=13452 time=7.555891e-01 dt=5.400962e-05
elapsed=1.501348e+04 cycle=13453 time=7.556432e-01 dt=5.400954e-05
elapsed=1.501444e+04 cycle=13454 time=7.556972e-01 dt=5.400945e-05
elapsed=1.501541e+04 cycle=13455 time=7.557512e-01 dt=5.400937e-05
elapsed=1.501635e+04 cycle=13456 time=7.558052e-01 dt=5.400929e-05
elapsed=1.501731e+04 cycle=13457 time=7.558592e-01 dt=5.400922e-05
elapsed=1.501840e+04 cycle=13458 time=7.559132e-01 dt=5.400914e-05
elapsed=1.501936e+04 cycle=13459 time=7.559672e-01 dt=5.400906e-05
elapsed=1.502031e+04 cycle=13460 time=7.560212e-01 dt=5.400898e-05
elapsed=1.502129e+04 cycle=13461 time=7.560752e-01 dt=5.400891e-05
elapsed=1.502224e+04 cycle=13462 time=7.561292e-01 dt=5.400883e-05
elapsed=1.502323e+04 cycle=13463 time=7.561832e-01 dt=5.400875e-05
elapsed=1.502434e+04 cycle=13464 time=7.562373e-01 dt=5.400867e-05
elapsed=1.502532e+04 cycle=13465 time=7.562913e-01 dt=5.400858e-05
elapsed=1.502628e+04 cycle=13466 time=7.563453e-01 dt=5.400850e-05
elapsed=1.502726e+04 cycle=13467 time=7.563993e-01 dt=5.400842e-05
elapsed=1.502821e+04 cycle=13468 time=7.564533e-01 dt=5.400832e-05
elapsed=1.502932e+04 cycle=13469 time=7.565073e-01 dt=5.400821e-05
elapsed=1.503026e+04 cycle=13470 time=7.565613e-01 dt=5.400810e-05
elapsed=1.503123e+04 cycle=13471 time=7.566153e-01 dt=5.400798e-05
elapsed=1.503219e+04 cycle=13472 time=7.566693e-01 dt=5.400786e-05
elapsed=1.503329e+04 cycle=13473 time=7.567233e-01 dt=5.400775e-05
elapsed=1.503426e+04 cycle=13474 time=7.567773e-01 dt=5.400764e-05
elapsed=1.503521e+04 cycle=13475 time=7.568313e-01 dt=5.400753e-05
elapsed=1.503619e+04 cycle=13476 time=7.568854e-01 dt=5.400743e-05
elapsed=1.503717e+04 cycle=13477 time=7.569394e-01 dt=5.400731e-05
elapsed=1.503814e+04 cycle=13478 time=7.569934e-01 dt=5.400720e-05
elapsed=1.503910e+04 cycle=13479 time=7.570474e-01 dt=5.400708e-05
elapsed=1.504007e+04 cycle=13480 time=7.571014e-01 dt=5.400697e-05
elapsed=1.504105e+04 cycle=13481 time=7.571554e-01 dt=5.400685e-05
elapsed=1.504203e+04 cycle=13482 time=7.572094e-01 dt=5.400673e-05
elapsed=1.504299e+04 cycle=13483 time=7.572634e-01 dt=5.400661e-05
elapsed=1.504396e+04 cycle=13484 time=7.573174e-01 dt=5.400648e-05
elapsed=1.504493e+04 cycle=13485 time=7.573714e-01 dt=5.400636e-05
elapsed=1.504590e+04 cycle=13486 time=7.574254e-01 dt=5.400627e-05
elapsed=1.504684e+04 cycle=13487 time=7.574794e-01 dt=5.400619e-05
elapsed=1.504781e+04 cycle=13488 time=7.575334e-01 dt=5.400611e-05
elapsed=1.504878e+04 cycle=13489 time=7.575874e-01 dt=5.400602e-05
elapsed=1.504973e+04 cycle=13490 time=7.576414e-01 dt=5.400593e-05
elapsed=1.505071e+04 cycle=13491 time=7.576955e-01 dt=5.400583e-05
elapsed=1.505168e+04 cycle=13492 time=7.577495e-01 dt=5.400574e-05
elapsed=1.505263e+04 cycle=13493 time=7.578035e-01 dt=5.400565e-05
elapsed=1.505360e+04 cycle=13494 time=7.578575e-01 dt=5.400555e-05
elapsed=1.505457e+04 cycle=13495 time=7.579115e-01 dt=5.400546e-05
elapsed=1.505552e+04 cycle=13496 time=7.579655e-01 dt=5.400535e-05
elapsed=1.505647e+04 cycle=13497 time=7.580195e-01 dt=5.400525e-05
elapsed=1.505743e+04 cycle=13498 time=7.580735e-01 dt=5.400514e-05
elapsed=1.505838e+04 cycle=13499 time=7.581275e-01 dt=5.400503e-05
elapsed=1.505934e+04 cycle=13500 time=7.581815e-01 dt=5.400491e-05
elapsed=1.506031e+04 cycle=13501 time=7.582355e-01 dt=5.400478e-05
elapsed=1.506141e+04 cycle=13502 time=7.582895e-01 dt=5.400465e-05
elapsed=1.506238e+04 cycle=13503 time=7.583435e-01 dt=5.400451e-05
elapsed=1.506349e+04 cycle=13504 time=7.583975e-01 dt=5.400438e-05
elapsed=1.506446e+04 cycle=13505 time=7.584515e-01 dt=5.400426e-05
elapsed=1.506542e+04 cycle=13506 time=7.585055e-01 dt=5.400414e-05
elapsed=1.506638e+04 cycle=13507 time=7.585595e-01 dt=5.400402e-05
elapsed=1.506733e+04 cycle=13508 time=7.586135e-01 dt=5.400390e-05
elapsed=1.506829e+04 cycle=13509 time=7.586675e-01 dt=5.400379e-05
elapsed=1.506938e+04 cycle=13510 time=7.587215e-01 dt=5.400368e-05
elapsed=1.507036e+04 cycle=13511 time=7.587755e-01 dt=5.400358e-05
elapsed=1.507133e+04 cycle=13512 time=7.588296e-01 dt=5.400349e-05
elapsed=1.507229e+04 cycle=13513 time=7.588836e-01 dt=5.400339e-05
elapsed=1.507327e+04 cycle=13514 time=7.589376e-01 dt=5.400329e-05
elapsed=1.507425e+04 cycle=13515 time=7.589916e-01 dt=5.400320e-05
elapsed=1.507522e+04 cycle=13516 time=7.590456e-01 dt=5.400310e-05
elapsed=1.507618e+04 cycle=13517 time=7.590996e-01 dt=5.400301e-05
elapsed=1.507713e+04 cycle=13518 time=7.591536e-01 dt=5.400291e-05
elapsed=1.507811e+04 cycle=13519 time=7.592076e-01 dt=5.400282e-05
elapsed=1.507908e+04 cycle=13520 time=7.592616e-01 dt=5.400272e-05
elapsed=1.508019e+04 cycle=13521 time=7.593156e-01 dt=5.400263e-05
elapsed=1.508115e+04 cycle=13522 time=7.593696e-01 dt=5.400253e-05
elapsed=1.508210e+04 cycle=13523 time=7.594236e-01 dt=5.400244e-05
elapsed=1.508307e+04 cycle=13524 time=7.594776e-01 dt=5.400235e-05
elapsed=1.508405e+04 cycle=13525 time=7.595316e-01 dt=5.400226e-05
elapsed=1.508501e+04 cycle=13526 time=7.595856e-01 dt=5.400217e-05
elapsed=1.508597e+04 cycle=13527 time=7.596396e-01 dt=5.400210e-05
elapsed=1.508694e+04 cycle=13528 time=7.596936e-01 dt=5.400204e-05
elapsed=1.508790e+04 cycle=13529 time=7.597476e-01 dt=5.400198e-05
elapsed=1.508886e+04 cycle=13530 time=7.598016e-01 dt=5.400193e-05
elapsed=1.508984e+04 cycle=13531 time=7.598556e-01 dt=5.400188e-05
elapsed=1.509078e+04 cycle=13532 time=7.599096e-01 dt=5.400183e-05
elapsed=1.509189e+04 cycle=13533 time=7.599636e-01 dt=5.400178e-05
elapsed=1.511209e+04 cycle=13534 time=7.600176e-01 dt=5.400171e-05
elapsed=1.511305e+04 cycle=13535 time=7.600716e-01 dt=5.400165e-05
elapsed=1.511400e+04 cycle=13536 time=7.601256e-01 dt=5.400158e-05
elapsed=1.511498e+04 cycle=13537 time=7.601796e-01 dt=5.400152e-05
elapsed=1.511595e+04 cycle=13538 time=7.602336e-01 dt=5.400147e-05
elapsed=1.511693e+04 cycle=13539 time=7.602876e-01 dt=5.400142e-05
elapsed=1.511790e+04 cycle=13540 time=7.603416e-01 dt=5.400139e-05
elapsed=1.511886e+04 cycle=13541 time=7.603956e-01 dt=5.400134e-05
elapsed=1.511983e+04 cycle=13542 time=7.604496e-01 dt=5.400129e-05
[Tue Dec 30 10:06:49 EST 2025] Found 11 bin files, deleting 1 oldest...
elapsed=1.512094e+04 cycle=13543 time=7.605036e-01 dt=5.400124e-05
[Tue Dec 30 10:06:51 EST 2025] Kept 10 most recent bin files.
elapsed=1.512192e+04 cycle=13544 time=7.605576e-01 dt=5.400118e-05
elapsed=1.512289e+04 cycle=13545 time=7.606116e-01 dt=5.400113e-05
elapsed=1.512384e+04 cycle=13546 time=7.606656e-01 dt=5.400108e-05
elapsed=1.512478e+04 cycle=13547 time=7.607196e-01 dt=5.400103e-05
elapsed=1.512575e+04 cycle=13548 time=7.607736e-01 dt=5.400099e-05
elapsed=1.512673e+04 cycle=13549 time=7.608276e-01 dt=5.400094e-05
elapsed=1.512770e+04 cycle=13550 time=7.608816e-01 dt=5.400086e-05
elapsed=1.512865e+04 cycle=13551 time=7.609356e-01 dt=5.400078e-05
elapsed=1.512963e+04 cycle=13552 time=7.609896e-01 dt=5.400069e-05
elapsed=1.513061e+04 cycle=13553 time=7.610436e-01 dt=5.400058e-05
elapsed=1.513159e+04 cycle=13554 time=7.610976e-01 dt=5.400048e-05
elapsed=1.513257e+04 cycle=13555 time=7.611516e-01 dt=5.400037e-05
elapsed=1.513353e+04 cycle=13556 time=7.612056e-01 dt=5.400024e-05
elapsed=1.513450e+04 cycle=13557 time=7.612596e-01 dt=5.400011e-05
elapsed=1.513544e+04 cycle=13558 time=7.613136e-01 dt=5.399999e-05
elapsed=1.513655e+04 cycle=13559 time=7.613676e-01 dt=5.399986e-05
elapsed=1.513752e+04 cycle=13560 time=7.614216e-01 dt=5.399974e-05
elapsed=1.513848e+04 cycle=13561 time=7.614756e-01 dt=5.399962e-05
elapsed=1.513947e+04 cycle=13562 time=7.615296e-01 dt=5.399952e-05
elapsed=1.514041e+04 cycle=13563 time=7.615836e-01 dt=5.399941e-05
elapsed=1.514136e+04 cycle=13564 time=7.616376e-01 dt=5.399931e-05
elapsed=1.514234e+04 cycle=13565 time=7.616916e-01 dt=5.399919e-05
elapsed=1.514345e+04 cycle=13566 time=7.617456e-01 dt=5.399908e-05
elapsed=1.514440e+04 cycle=13567 time=7.617996e-01 dt=5.399896e-05
elapsed=1.514536e+04 cycle=13568 time=7.618536e-01 dt=5.399885e-05
elapsed=1.514632e+04 cycle=13569 time=7.619076e-01 dt=5.399874e-05
elapsed=1.514729e+04 cycle=13570 time=7.619616e-01 dt=5.399864e-05
elapsed=1.514825e+04 cycle=13571 time=7.620156e-01 dt=5.399855e-05
elapsed=1.514921e+04 cycle=13572 time=7.620696e-01 dt=5.399845e-05
elapsed=1.515016e+04 cycle=13573 time=7.621236e-01 dt=5.399835e-05
elapsed=1.515113e+04 cycle=13574 time=7.621776e-01 dt=5.399826e-05
elapsed=1.515211e+04 cycle=13575 time=7.622316e-01 dt=5.399816e-05
elapsed=1.515307e+04 cycle=13576 time=7.622856e-01 dt=5.399807e-05
elapsed=1.515403e+04 cycle=13577 time=7.623396e-01 dt=5.399798e-05
elapsed=1.515498e+04 cycle=13578 time=7.623936e-01 dt=5.399789e-05
elapsed=1.515593e+04 cycle=13579 time=7.624476e-01 dt=5.399780e-05
elapsed=1.515691e+04 cycle=13580 time=7.625016e-01 dt=5.399769e-05
elapsed=1.515787e+04 cycle=13581 time=7.625556e-01 dt=5.399758e-05
elapsed=1.515884e+04 cycle=13582 time=7.626096e-01 dt=5.399748e-05
elapsed=1.515995e+04 cycle=13583 time=7.626636e-01 dt=5.399737e-05
elapsed=1.516091e+04 cycle=13584 time=7.627176e-01 dt=5.399727e-05
elapsed=1.516187e+04 cycle=13585 time=7.627716e-01 dt=5.399717e-05
elapsed=1.516285e+04 cycle=13586 time=7.628256e-01 dt=5.399707e-05
elapsed=1.516381e+04 cycle=13587 time=7.628796e-01 dt=5.399697e-05
elapsed=1.516478e+04 cycle=13588 time=7.629336e-01 dt=5.399686e-05
elapsed=1.516576e+04 cycle=13589 time=7.629876e-01 dt=5.399677e-05
elapsed=1.516671e+04 cycle=13590 time=7.630416e-01 dt=5.399666e-05
elapsed=1.516766e+04 cycle=13591 time=7.630956e-01 dt=5.399655e-05
elapsed=1.516864e+04 cycle=13592 time=7.631496e-01 dt=5.399643e-05
elapsed=1.516960e+04 cycle=13593 time=7.632036e-01 dt=5.399632e-05
elapsed=1.517055e+04 cycle=13594 time=7.632576e-01 dt=5.399620e-05
elapsed=1.517152e+04 cycle=13595 time=7.633116e-01 dt=5.399609e-05
elapsed=1.517246e+04 cycle=13596 time=7.633656e-01 dt=5.399598e-05
elapsed=1.517343e+04 cycle=13597 time=7.634196e-01 dt=5.399589e-05
elapsed=1.517441e+04 cycle=13598 time=7.634735e-01 dt=5.399579e-05
elapsed=1.517552e+04 cycle=13599 time=7.635275e-01 dt=5.399569e-05
elapsed=1.517651e+04 cycle=13600 time=7.635815e-01 dt=5.399559e-05
elapsed=1.517760e+04 cycle=13601 time=7.636355e-01 dt=5.399548e-05
elapsed=1.517871e+04 cycle=13602 time=7.636895e-01 dt=5.399538e-05
elapsed=1.517969e+04 cycle=13603 time=7.637435e-01 dt=5.399528e-05
elapsed=1.518067e+04 cycle=13604 time=7.637975e-01 dt=5.399519e-05
elapsed=1.518163e+04 cycle=13605 time=7.638515e-01 dt=5.399510e-05
elapsed=1.518262e+04 cycle=13606 time=7.639055e-01 dt=5.399502e-05
elapsed=1.518358e+04 cycle=13607 time=7.639595e-01 dt=5.399492e-05
elapsed=1.518469e+04 cycle=13608 time=7.640135e-01 dt=5.399482e-05
elapsed=1.518565e+04 cycle=13609 time=7.640675e-01 dt=5.399472e-05
elapsed=1.518664e+04 cycle=13610 time=7.641215e-01 dt=5.399462e-05
elapsed=1.518760e+04 cycle=13611 time=7.641755e-01 dt=5.399452e-05
elapsed=1.518855e+04 cycle=13612 time=7.642295e-01 dt=5.399441e-05
elapsed=1.518950e+04 cycle=13613 time=7.642835e-01 dt=5.399430e-05
elapsed=1.519048e+04 cycle=13614 time=7.643375e-01 dt=5.399418e-05
elapsed=1.519145e+04 cycle=13615 time=7.643915e-01 dt=5.399406e-05
elapsed=1.519241e+04 cycle=13616 time=7.644455e-01 dt=5.399394e-05
elapsed=1.519337e+04 cycle=13617 time=7.644995e-01 dt=5.399380e-05
elapsed=1.519435e+04 cycle=13618 time=7.645534e-01 dt=5.399368e-05
elapsed=1.519530e+04 cycle=13619 time=7.646074e-01 dt=5.399356e-05
elapsed=1.519627e+04 cycle=13620 time=7.646614e-01 dt=5.399344e-05
elapsed=1.519725e+04 cycle=13621 time=7.647154e-01 dt=5.399332e-05
elapsed=1.519819e+04 cycle=13622 time=7.647694e-01 dt=5.399322e-05
elapsed=1.519914e+04 cycle=13623 time=7.648234e-01 dt=5.399312e-05
elapsed=1.520009e+04 cycle=13624 time=7.648774e-01 dt=5.399302e-05
elapsed=1.520118e+04 cycle=13625 time=7.649314e-01 dt=5.399293e-05
elapsed=1.520213e+04 cycle=13626 time=7.649854e-01 dt=5.399283e-05
elapsed=1.520308e+04 cycle=13627 time=7.650394e-01 dt=5.399273e-05
elapsed=1.520404e+04 cycle=13628 time=7.650934e-01 dt=5.399263e-05
elapsed=1.520499e+04 cycle=13629 time=7.651474e-01 dt=5.399253e-05
elapsed=1.520595e+04 cycle=13630 time=7.652014e-01 dt=5.399243e-05
elapsed=1.520692e+04 cycle=13631 time=7.652554e-01 dt=5.399233e-05
elapsed=1.520788e+04 cycle=13632 time=7.653093e-01 dt=5.399223e-05
elapsed=1.520886e+04 cycle=13633 time=7.653633e-01 dt=5.399213e-05
elapsed=1.520983e+04 cycle=13634 time=7.654173e-01 dt=5.399202e-05
elapsed=1.521081e+04 cycle=13635 time=7.654713e-01 dt=5.399190e-05
elapsed=1.521179e+04 cycle=13636 time=7.655253e-01 dt=5.399178e-05
elapsed=1.521275e+04 cycle=13637 time=7.655793e-01 dt=5.399167e-05
elapsed=1.521371e+04 cycle=13638 time=7.656333e-01 dt=5.399155e-05
elapsed=1.521468e+04 cycle=13639 time=7.656873e-01 dt=5.399144e-05
elapsed=1.521566e+04 cycle=13640 time=7.657413e-01 dt=5.399133e-05
elapsed=1.521661e+04 cycle=13641 time=7.657953e-01 dt=5.399123e-05
elapsed=1.521755e+04 cycle=13642 time=7.658493e-01 dt=5.399115e-05
elapsed=1.521852e+04 cycle=13643 time=7.659033e-01 dt=5.399107e-05
elapsed=1.521947e+04 cycle=13644 time=7.659572e-01 dt=5.399098e-05
elapsed=1.522045e+04 cycle=13645 time=7.660112e-01 dt=5.399087e-05
elapsed=1.522143e+04 cycle=13646 time=7.660652e-01 dt=5.399076e-05
elapsed=1.522240e+04 cycle=13647 time=7.661192e-01 dt=5.399065e-05
elapsed=1.522335e+04 cycle=13648 time=7.661732e-01 dt=5.399054e-05
elapsed=1.522447e+04 cycle=13649 time=7.662272e-01 dt=5.399043e-05
elapsed=1.522543e+04 cycle=13650 time=7.662812e-01 dt=5.399033e-05
elapsed=1.522642e+04 cycle=13651 time=7.663352e-01 dt=5.399022e-05
elapsed=1.522737e+04 cycle=13652 time=7.663892e-01 dt=5.399011e-05
elapsed=1.522832e+04 cycle=13653 time=7.664432e-01 dt=5.399001e-05
elapsed=1.522926e+04 cycle=13654 time=7.664972e-01 dt=5.398991e-05
elapsed=1.523023e+04 cycle=13655 time=7.665511e-01 dt=5.398981e-05
elapsed=1.523119e+04 cycle=13656 time=7.666051e-01 dt=5.398968e-05
elapsed=1.523230e+04 cycle=13657 time=7.666591e-01 dt=5.398955e-05
elapsed=1.523327e+04 cycle=13658 time=7.667131e-01 dt=5.398941e-05
elapsed=1.523421e+04 cycle=13659 time=7.667671e-01 dt=5.398928e-05
elapsed=1.523518e+04 cycle=13660 time=7.668211e-01 dt=5.398914e-05
elapsed=1.523616e+04 cycle=13661 time=7.668751e-01 dt=5.398899e-05
elapsed=1.523712e+04 cycle=13662 time=7.669291e-01 dt=5.398882e-05
elapsed=1.523808e+04 cycle=13663 time=7.669831e-01 dt=5.398866e-05
elapsed=1.523905e+04 cycle=13664 time=7.670370e-01 dt=5.398849e-05
elapsed=1.524001e+04 cycle=13665 time=7.670910e-01 dt=5.398832e-05
elapsed=1.524099e+04 cycle=13666 time=7.671450e-01 dt=5.398814e-05
elapsed=1.524197e+04 cycle=13667 time=7.671990e-01 dt=5.398797e-05
elapsed=1.524307e+04 cycle=13668 time=7.672530e-01 dt=5.398780e-05
elapsed=1.524402e+04 cycle=13669 time=7.673070e-01 dt=5.398762e-05
elapsed=1.524498e+04 cycle=13670 time=7.673610e-01 dt=5.398741e-05
elapsed=1.524595e+04 cycle=13671 time=7.674150e-01 dt=5.398719e-05
elapsed=1.524690e+04 cycle=13672 time=7.674689e-01 dt=5.398698e-05
elapsed=1.524788e+04 cycle=13673 time=7.675229e-01 dt=5.398676e-05
elapsed=1.524885e+04 cycle=13674 time=7.675769e-01 dt=5.398655e-05
elapsed=1.524983e+04 cycle=13675 time=7.676309e-01 dt=5.398632e-05
elapsed=1.525080e+04 cycle=13676 time=7.676849e-01 dt=5.398610e-05
elapsed=1.525191e+04 cycle=13677 time=7.677389e-01 dt=5.398587e-05
elapsed=1.525287e+04 cycle=13678 time=7.677929e-01 dt=5.398563e-05
elapsed=1.525384e+04 cycle=13679 time=7.678469e-01 dt=5.398539e-05
elapsed=1.525479e+04 cycle=13680 time=7.679008e-01 dt=5.398515e-05
elapsed=1.525575e+04 cycle=13681 time=7.679548e-01 dt=5.398490e-05
elapsed=1.525671e+04 cycle=13682 time=7.680088e-01 dt=5.398464e-05
elapsed=1.525766e+04 cycle=13683 time=7.680628e-01 dt=5.398439e-05
elapsed=1.525864e+04 cycle=13684 time=7.681168e-01 dt=5.398413e-05
elapsed=1.525958e+04 cycle=13685 time=7.681708e-01 dt=5.398388e-05
elapsed=1.526053e+04 cycle=13686 time=7.682247e-01 dt=5.398361e-05
elapsed=1.526151e+04 cycle=13687 time=7.682787e-01 dt=5.398331e-05
elapsed=1.526248e+04 cycle=13688 time=7.683327e-01 dt=5.398300e-05
elapsed=1.526344e+04 cycle=13689 time=7.683867e-01 dt=5.398268e-05
elapsed=1.526440e+04 cycle=13690 time=7.684407e-01 dt=5.398237e-05
elapsed=1.526538e+04 cycle=13691 time=7.684947e-01 dt=5.398205e-05
elapsed=1.526634e+04 cycle=13692 time=7.685486e-01 dt=5.398174e-05
elapsed=1.526732e+04 cycle=13693 time=7.686026e-01 dt=5.398144e-05
elapsed=1.526829e+04 cycle=13694 time=7.686566e-01 dt=5.398114e-05
elapsed=1.526925e+04 cycle=13695 time=7.687106e-01 dt=5.398084e-05
elapsed=1.527022e+04 cycle=13696 time=7.687646e-01 dt=5.398055e-05
elapsed=1.527119e+04 cycle=13697 time=7.688185e-01 dt=5.398024e-05
elapsed=1.527217e+04 cycle=13698 time=7.688725e-01 dt=5.397993e-05
elapsed=1.527313e+04 cycle=13699 time=7.689265e-01 dt=5.397962e-05
elapsed=1.527408e+04 cycle=13700 time=7.689805e-01 dt=5.397931e-05
elapsed=1.527504e+04 cycle=13701 time=7.690345e-01 dt=5.397899e-05
elapsed=1.527599e+04 cycle=13702 time=7.690884e-01 dt=5.397868e-05
elapsed=1.527695e+04 cycle=13703 time=7.691424e-01 dt=5.397837e-05
elapsed=1.527790e+04 cycle=13704 time=7.691964e-01 dt=5.397806e-05
elapsed=1.527886e+04 cycle=13705 time=7.692504e-01 dt=5.397775e-05
elapsed=1.527983e+04 cycle=13706 time=7.693044e-01 dt=5.397744e-05
elapsed=1.528081e+04 cycle=13707 time=7.693583e-01 dt=5.397713e-05
elapsed=1.528176e+04 cycle=13708 time=7.694123e-01 dt=5.397682e-05
elapsed=1.528272e+04 cycle=13709 time=7.694663e-01 dt=5.397651e-05
elapsed=1.528370e+04 cycle=13710 time=7.695203e-01 dt=5.397619e-05
elapsed=1.528465e+04 cycle=13711 time=7.695742e-01 dt=5.397586e-05
elapsed=1.528560e+04 cycle=13712 time=7.696282e-01 dt=5.397554e-05
elapsed=1.528657e+04 cycle=13713 time=7.696822e-01 dt=5.397521e-05
elapsed=1.528755e+04 cycle=13714 time=7.697362e-01 dt=5.397488e-05
elapsed=1.528853e+04 cycle=13715 time=7.697901e-01 dt=5.397456e-05
elapsed=1.528951e+04 cycle=13716 time=7.698441e-01 dt=5.397426e-05
elapsed=1.529047e+04 cycle=13717 time=7.698981e-01 dt=5.397395e-05
elapsed=1.529142e+04 cycle=13718 time=7.699521e-01 dt=5.397365e-05
[Tue Dec 30 10:09:51 EST 2025] Found 11 bin files, deleting 1 oldest...
[Tue Dec 30 10:09:53 EST 2025] Kept 10 most recent bin files.
elapsed=1.531314e+04 cycle=13719 time=7.700060e-01 dt=5.397334e-05
elapsed=1.531409e+04 cycle=13720 time=7.700600e-01 dt=5.397303e-05
elapsed=1.531506e+04 cycle=13721 time=7.701140e-01 dt=5.397273e-05
elapsed=1.531604e+04 cycle=13722 time=7.701680e-01 dt=5.397242e-05
elapsed=1.531700e+04 cycle=13723 time=7.702219e-01 dt=5.397212e-05
elapsed=1.531795e+04 cycle=13724 time=7.702759e-01 dt=5.397181e-05
elapsed=1.531891e+04 cycle=13725 time=7.703299e-01 dt=5.397151e-05
elapsed=1.531987e+04 cycle=13726 time=7.703838e-01 dt=5.397120e-05
elapsed=1.532084e+04 cycle=13727 time=7.704378e-01 dt=5.397088e-05
elapsed=1.532180e+04 cycle=13728 time=7.704918e-01 dt=5.397056e-05
elapsed=1.532277e+04 cycle=13729 time=7.705458e-01 dt=5.397024e-05
elapsed=1.532374e+04 cycle=13730 time=7.705997e-01 dt=5.396993e-05
elapsed=1.532470e+04 cycle=13731 time=7.706537e-01 dt=5.396962e-05
elapsed=1.532566e+04 cycle=13732 time=7.707077e-01 dt=5.396929e-05
elapsed=1.532664e+04 cycle=13733 time=7.707616e-01 dt=5.396896e-05
elapsed=1.532761e+04 cycle=13734 time=7.708156e-01 dt=5.396862e-05
elapsed=1.532857e+04 cycle=13735 time=7.708696e-01 dt=5.396828e-05
elapsed=1.532956e+04 cycle=13736 time=7.709235e-01 dt=5.396793e-05
elapsed=1.533051e+04 cycle=13737 time=7.709775e-01 dt=5.396759e-05
elapsed=1.533145e+04 cycle=13738 time=7.710315e-01 dt=5.396725e-05
elapsed=1.533240e+04 cycle=13739 time=7.710854e-01 dt=5.396691e-05
elapsed=1.533351e+04 cycle=13740 time=7.711394e-01 dt=5.396657e-05
elapsed=1.533448e+04 cycle=13741 time=7.711934e-01 dt=5.396624e-05
elapsed=1.533543e+04 cycle=13742 time=7.712473e-01 dt=5.396591e-05
elapsed=1.533638e+04 cycle=13743 time=7.713013e-01 dt=5.396558e-05
elapsed=1.533747e+04 cycle=13744 time=7.713553e-01 dt=5.396526e-05
elapsed=1.533844e+04 cycle=13745 time=7.714092e-01 dt=5.396495e-05
elapsed=1.533953e+04 cycle=13746 time=7.714632e-01 dt=5.396465e-05
elapsed=1.534049e+04 cycle=13747 time=7.715172e-01 dt=5.396435e-05
elapsed=1.534147e+04 cycle=13748 time=7.715711e-01 dt=5.396407e-05
elapsed=1.534244e+04 cycle=13749 time=7.716251e-01 dt=5.396378e-05
elapsed=1.534340e+04 cycle=13750 time=7.716791e-01 dt=5.396350e-05
elapsed=1.534436e+04 cycle=13751 time=7.717330e-01 dt=5.396321e-05
elapsed=1.534534e+04 cycle=13752 time=7.717870e-01 dt=5.396292e-05
elapsed=1.534631e+04 cycle=13753 time=7.718410e-01 dt=5.396263e-05
elapsed=1.534728e+04 cycle=13754 time=7.718949e-01 dt=5.396234e-05
elapsed=1.534825e+04 cycle=13755 time=7.719489e-01 dt=5.396203e-05
elapsed=1.534919e+04 cycle=13756 time=7.720028e-01 dt=5.396172e-05
elapsed=1.535016e+04 cycle=13757 time=7.720568e-01 dt=5.396141e-05
elapsed=1.535114e+04 cycle=13758 time=7.721108e-01 dt=5.396109e-05
elapsed=1.535212e+04 cycle=13759 time=7.721647e-01 dt=5.396078e-05
elapsed=1.535308e+04 cycle=13760 time=7.722187e-01 dt=5.396049e-05
elapsed=1.535407e+04 cycle=13761 time=7.722726e-01 dt=5.396020e-05
elapsed=1.535501e+04 cycle=13762 time=7.723266e-01 dt=5.395991e-05
elapsed=1.535598e+04 cycle=13763 time=7.723806e-01 dt=5.395960e-05
elapsed=1.535694e+04 cycle=13764 time=7.724345e-01 dt=5.395929e-05
elapsed=1.535789e+04 cycle=13765 time=7.724885e-01 dt=5.395898e-05
elapsed=1.535898e+04 cycle=13766 time=7.725424e-01 dt=5.395866e-05
elapsed=1.535995e+04 cycle=13767 time=7.725964e-01 dt=5.395835e-05
elapsed=1.536091e+04 cycle=13768 time=7.726504e-01 dt=5.395804e-05
elapsed=1.536189e+04 cycle=13769 time=7.727043e-01 dt=5.395772e-05
elapsed=1.536287e+04 cycle=13770 time=7.727583e-01 dt=5.395741e-05
elapsed=1.536381e+04 cycle=13771 time=7.728122e-01 dt=5.395710e-05
elapsed=1.536478e+04 cycle=13772 time=7.728662e-01 dt=5.395678e-05
elapsed=1.536573e+04 cycle=13773 time=7.729201e-01 dt=5.395647e-05
elapsed=1.536671e+04 cycle=13774 time=7.729741e-01 dt=5.395615e-05
elapsed=1.536768e+04 cycle=13775 time=7.730281e-01 dt=5.395584e-05
elapsed=1.536866e+04 cycle=13776 time=7.730820e-01 dt=5.395553e-05
elapsed=1.536975e+04 cycle=13777 time=7.731360e-01 dt=5.395522e-05
elapsed=1.537072e+04 cycle=13778 time=7.731899e-01 dt=5.395491e-05
elapsed=1.537168e+04 cycle=13779 time=7.732439e-01 dt=5.395460e-05
elapsed=1.537265e+04 cycle=13780 time=7.732978e-01 dt=5.395430e-05
elapsed=1.537361e+04 cycle=13781 time=7.733518e-01 dt=5.395400e-05
elapsed=1.537459e+04 cycle=13782 time=7.734057e-01 dt=5.395371e-05
elapsed=1.537554e+04 cycle=13783 time=7.734597e-01 dt=5.395341e-05
elapsed=1.537650e+04 cycle=13784 time=7.735137e-01 dt=5.395311e-05
elapsed=1.537747e+04 cycle=13785 time=7.735676e-01 dt=5.395282e-05
elapsed=1.537845e+04 cycle=13786 time=7.736216e-01 dt=5.395252e-05
elapsed=1.537942e+04 cycle=13787 time=7.736755e-01 dt=5.395222e-05
elapsed=1.538038e+04 cycle=13788 time=7.737295e-01 dt=5.395192e-05
elapsed=1.538134e+04 cycle=13789 time=7.737834e-01 dt=5.395161e-05
elapsed=1.538229e+04 cycle=13790 time=7.738374e-01 dt=5.395130e-05
elapsed=1.538324e+04 cycle=13791 time=7.738913e-01 dt=5.395100e-05
elapsed=1.538420e+04 cycle=13792 time=7.739453e-01 dt=5.395069e-05
elapsed=1.538517e+04 cycle=13793 time=7.739992e-01 dt=5.395040e-05
elapsed=1.538615e+04 cycle=13794 time=7.740532e-01 dt=5.395011e-05
elapsed=1.538710e+04 cycle=13795 time=7.741071e-01 dt=5.394981e-05
elapsed=1.538821e+04 cycle=13796 time=7.741611e-01 dt=5.394950e-05
elapsed=1.538930e+04 cycle=13797 time=7.742150e-01 dt=5.394918e-05
elapsed=1.539027e+04 cycle=13798 time=7.742690e-01 dt=5.394886e-05
elapsed=1.539121e+04 cycle=13799 time=7.743229e-01 dt=5.394853e-05
elapsed=1.539220e+04 cycle=13800 time=7.743769e-01 dt=5.394819e-05
elapsed=1.539317e+04 cycle=13801 time=7.744308e-01 dt=5.394786e-05
elapsed=1.539412e+04 cycle=13802 time=7.744848e-01 dt=5.394752e-05
elapsed=1.539510e+04 cycle=13803 time=7.745387e-01 dt=5.394718e-05
elapsed=1.539606e+04 cycle=13804 time=7.745927e-01 dt=5.394685e-05
elapsed=1.539703e+04 cycle=13805 time=7.746466e-01 dt=5.394651e-05
elapsed=1.539800e+04 cycle=13806 time=7.747006e-01 dt=5.394618e-05
elapsed=1.539896e+04 cycle=13807 time=7.747545e-01 dt=5.394587e-05
elapsed=1.539994e+04 cycle=13808 time=7.748084e-01 dt=5.394556e-05
elapsed=1.540091e+04 cycle=13809 time=7.748624e-01 dt=5.394525e-05
elapsed=1.540189e+04 cycle=13810 time=7.749163e-01 dt=5.394494e-05
elapsed=1.540285e+04 cycle=13811 time=7.749703e-01 dt=5.394463e-05
elapsed=1.540395e+04 cycle=13812 time=7.750242e-01 dt=5.394432e-05
elapsed=1.540491e+04 cycle=13813 time=7.750782e-01 dt=5.394402e-05
elapsed=1.540589e+04 cycle=13814 time=7.751321e-01 dt=5.394371e-05
elapsed=1.540698e+04 cycle=13815 time=7.751861e-01 dt=5.394340e-05
elapsed=1.540793e+04 cycle=13816 time=7.752400e-01 dt=5.394310e-05
elapsed=1.540891e+04 cycle=13817 time=7.752939e-01 dt=5.394279e-05
elapsed=1.540989e+04 cycle=13818 time=7.753479e-01 dt=5.394248e-05
elapsed=1.541086e+04 cycle=13819 time=7.754018e-01 dt=5.394216e-05
elapsed=1.541180e+04 cycle=13820 time=7.754558e-01 dt=5.394185e-05
elapsed=1.541275e+04 cycle=13821 time=7.755097e-01 dt=5.394153e-05
elapsed=1.541373e+04 cycle=13822 time=7.755637e-01 dt=5.394122e-05
elapsed=1.541471e+04 cycle=13823 time=7.756176e-01 dt=5.394092e-05
elapsed=1.541567e+04 cycle=13824 time=7.756715e-01 dt=5.394063e-05
elapsed=1.541666e+04 cycle=13825 time=7.757255e-01 dt=5.394036e-05
elapsed=1.541761e+04 cycle=13826 time=7.757794e-01 dt=5.394008e-05
elapsed=1.541857e+04 cycle=13827 time=7.758334e-01 dt=5.393980e-05
elapsed=1.541955e+04 cycle=13828 time=7.758873e-01 dt=5.393951e-05
elapsed=1.542051e+04 cycle=13829 time=7.759412e-01 dt=5.393922e-05
elapsed=1.542146e+04 cycle=13830 time=7.759952e-01 dt=5.393892e-05
elapsed=1.542244e+04 cycle=13831 time=7.760491e-01 dt=5.393863e-05
elapsed=1.542342e+04 cycle=13832 time=7.761031e-01 dt=5.393834e-05
elapsed=1.542439e+04 cycle=13833 time=7.761570e-01 dt=5.393805e-05
elapsed=1.542535e+04 cycle=13834 time=7.762109e-01 dt=5.393775e-05
elapsed=1.542630e+04 cycle=13835 time=7.762649e-01 dt=5.393745e-05
elapsed=1.542726e+04 cycle=13836 time=7.763188e-01 dt=5.393714e-05
elapsed=1.542825e+04 cycle=13837 time=7.763727e-01 dt=5.393683e-05
elapsed=1.542923e+04 cycle=13838 time=7.764267e-01 dt=5.393653e-05
elapsed=1.543019e+04 cycle=13839 time=7.764806e-01 dt=5.393622e-05
elapsed=1.543130e+04 cycle=13840 time=7.765346e-01 dt=5.393592e-05
elapsed=1.543226e+04 cycle=13841 time=7.765885e-01 dt=5.393562e-05
elapsed=1.543322e+04 cycle=13842 time=7.766424e-01 dt=5.393531e-05
elapsed=1.543419e+04 cycle=13843 time=7.766964e-01 dt=5.393499e-05
elapsed=1.543517e+04 cycle=13844 time=7.767503e-01 dt=5.393467e-05
elapsed=1.543614e+04 cycle=13845 time=7.768042e-01 dt=5.393435e-05
elapsed=1.543708e+04 cycle=13846 time=7.768582e-01 dt=5.393403e-05
elapsed=1.543805e+04 cycle=13847 time=7.769121e-01 dt=5.393370e-05
elapsed=1.543900e+04 cycle=13848 time=7.769660e-01 dt=5.393338e-05
elapsed=1.543998e+04 cycle=13849 time=7.770200e-01 dt=5.393305e-05
elapsed=1.544094e+04 cycle=13850 time=7.770739e-01 dt=5.393270e-05
elapsed=1.544191e+04 cycle=13851 time=7.771278e-01 dt=5.393236e-05
elapsed=1.544286e+04 cycle=13852 time=7.771818e-01 dt=5.393201e-05
elapsed=1.544384e+04 cycle=13853 time=7.772357e-01 dt=5.393167e-05
elapsed=1.544480e+04 cycle=13854 time=7.772896e-01 dt=5.393133e-05
elapsed=1.544578e+04 cycle=13855 time=7.773436e-01 dt=5.393099e-05
elapsed=1.544675e+04 cycle=13856 time=7.773975e-01 dt=5.393065e-05
elapsed=1.544771e+04 cycle=13857 time=7.774514e-01 dt=5.393031e-05
elapsed=1.544869e+04 cycle=13858 time=7.775053e-01 dt=5.392998e-05
elapsed=1.544965e+04 cycle=13859 time=7.775593e-01 dt=5.392964e-05
elapsed=1.545060e+04 cycle=13860 time=7.776132e-01 dt=5.392930e-05
elapsed=1.545157e+04 cycle=13861 time=7.776671e-01 dt=5.392898e-05
elapsed=1.545253e+04 cycle=13862 time=7.777211e-01 dt=5.392866e-05
elapsed=1.545348e+04 cycle=13863 time=7.777750e-01 dt=5.392834e-05
elapsed=1.545443e+04 cycle=13864 time=7.778289e-01 dt=5.392802e-05
elapsed=1.545540e+04 cycle=13865 time=7.778829e-01 dt=5.392770e-05
elapsed=1.545636e+04 cycle=13866 time=7.779368e-01 dt=5.392738e-05
elapsed=1.545732e+04 cycle=13867 time=7.779907e-01 dt=5.392706e-05
elapsed=1.545829e+04 cycle=13868 time=7.780446e-01 dt=5.392674e-05
elapsed=1.545927e+04 cycle=13869 time=7.780986e-01 dt=5.392642e-05
elapsed=1.546021e+04 cycle=13870 time=7.781525e-01 dt=5.392610e-05
elapsed=1.546118e+04 cycle=13871 time=7.782064e-01 dt=5.392578e-05
elapsed=1.546214e+04 cycle=13872 time=7.782603e-01 dt=5.392547e-05
elapsed=1.546311e+04 cycle=13873 time=7.783143e-01 dt=5.392515e-05
elapsed=1.546408e+04 cycle=13874 time=7.783682e-01 dt=5.392484e-05
elapsed=1.546502e+04 cycle=13875 time=7.784221e-01 dt=5.392452e-05
elapsed=1.546599e+04 cycle=13876 time=7.784760e-01 dt=5.392420e-05
elapsed=1.546697e+04 cycle=13877 time=7.785300e-01 dt=5.392386e-05
elapsed=1.546794e+04 cycle=13878 time=7.785839e-01 dt=5.392351e-05
elapsed=1.546888e+04 cycle=13879 time=7.786378e-01 dt=5.392316e-05
elapsed=1.546985e+04 cycle=13880 time=7.786917e-01 dt=5.392281e-05
elapsed=1.547083e+04 cycle=13881 time=7.787457e-01 dt=5.392247e-05
elapsed=1.547178e+04 cycle=13882 time=7.787996e-01 dt=5.392213e-05
elapsed=1.547276e+04 cycle=13883 time=7.788535e-01 dt=5.392178e-05
elapsed=1.547373e+04 cycle=13884 time=7.789074e-01 dt=5.392144e-05
elapsed=1.547469e+04 cycle=13885 time=7.789613e-01 dt=5.392110e-05
elapsed=1.547567e+04 cycle=13886 time=7.790153e-01 dt=5.392075e-05
elapsed=1.547661e+04 cycle=13887 time=7.790692e-01 dt=5.392041e-05
elapsed=1.547759e+04 cycle=13888 time=7.791231e-01 dt=5.392005e-05
elapsed=1.547869e+04 cycle=13889 time=7.791770e-01 dt=5.391968e-05
elapsed=1.547978e+04 cycle=13890 time=7.792309e-01 dt=5.391931e-05
elapsed=1.548074e+04 cycle=13891 time=7.792849e-01 dt=5.391894e-05
elapsed=1.548185e+04 cycle=13892 time=7.793388e-01 dt=5.391857e-05
elapsed=1.548280e+04 cycle=13893 time=7.793927e-01 dt=5.391820e-05
elapsed=1.548378e+04 cycle=13894 time=7.794466e-01 dt=5.391783e-05
elapsed=1.548476e+04 cycle=13895 time=7.795005e-01 dt=5.391746e-05
elapsed=1.548571e+04 cycle=13896 time=7.795545e-01 dt=5.391709e-05
elapsed=1.548667e+04 cycle=13897 time=7.796084e-01 dt=5.391673e-05
elapsed=1.548764e+04 cycle=13898 time=7.796623e-01 dt=5.391637e-05
elapsed=1.548860e+04 cycle=13899 time=7.797162e-01 dt=5.391600e-05
elapsed=1.548957e+04 cycle=13900 time=7.797701e-01 dt=5.391564e-05
elapsed=1.549052e+04 cycle=13901 time=7.798240e-01 dt=5.391527e-05
elapsed=1.549149e+04 cycle=13902 time=7.798780e-01 dt=5.391491e-05
elapsed=1.549246e+04 cycle=13903 time=7.799319e-01 dt=5.391455e-05
elapsed=1.549342e+04 cycle=13904 time=7.799858e-01 dt=5.391419e-05
elapsed=1.551517e+04 cycle=13905 time=7.800397e-01 dt=5.391383e-05
elapsed=1.551612e+04 cycle=13906 time=7.800936e-01 dt=5.391347e-05
elapsed=1.551708e+04 cycle=13907 time=7.801475e-01 dt=5.391313e-05
elapsed=1.551804e+04 cycle=13908 time=7.802014e-01 dt=5.391278e-05
elapsed=1.551901e+04 cycle=13909 time=7.802553e-01 dt=5.391244e-05
elapsed=1.551997e+04 cycle=13910 time=7.803093e-01 dt=5.391209e-05
elapsed=1.552095e+04 cycle=13911 time=7.803632e-01 dt=5.391175e-05
elapsed=1.552205e+04 cycle=13912 time=7.804171e-01 dt=5.391141e-05
elapsed=1.552303e+04 cycle=13913 time=7.804710e-01 dt=5.391106e-05
elapsed=1.552398e+04 cycle=13914 time=7.805249e-01 dt=5.391071e-05
elapsed=1.552494e+04 cycle=13915 time=7.805788e-01 dt=5.391038e-05
elapsed=1.552591e+04 cycle=13916 time=7.806327e-01 dt=5.391005e-05
elapsed=1.552689e+04 cycle=13917 time=7.806866e-01 dt=5.390971e-05
elapsed=1.552783e+04 cycle=13918 time=7.807405e-01 dt=5.390938e-05
elapsed=1.552880e+04 cycle=13919 time=7.807945e-01 dt=5.390905e-05
elapsed=1.552976e+04 cycle=13920 time=7.808484e-01 dt=5.390872e-05
elapsed=1.553072e+04 cycle=13921 time=7.809023e-01 dt=5.390839e-05
elapsed=1.553169e+04 cycle=13922 time=7.809562e-01 dt=5.390807e-05
elapsed=1.553280e+04 cycle=13923 time=7.810101e-01 dt=5.390775e-05
elapsed=1.553378e+04 cycle=13924 time=7.810640e-01 dt=5.390744e-05
elapsed=1.553488e+04 cycle=13925 time=7.811179e-01 dt=5.390713e-05
elapsed=1.553585e+04 cycle=13926 time=7.811718e-01 dt=5.390682e-05
elapsed=1.553681e+04 cycle=13927 time=7.812257e-01 dt=5.390650e-05
elapsed=1.553779e+04 cycle=13928 time=7.812796e-01 dt=5.390617e-05
elapsed=1.553875e+04 cycle=13929 time=7.813335e-01 dt=5.390582e-05
elapsed=1.553973e+04 cycle=13930 time=7.813874e-01 dt=5.390547e-05
elapsed=1.554068e+04 cycle=13931 time=7.814413e-01 dt=5.390512e-05
elapsed=1.554165e+04 cycle=13932 time=7.814953e-01 dt=5.390475e-05
elapsed=1.554276e+04 cycle=13933 time=7.815492e-01 dt=5.390438e-05
elapsed=1.554373e+04 cycle=13934 time=7.816031e-01 dt=5.390401e-05
[Tue Dec 30 10:13:53 EST 2025] Found 11 bin files, deleting 1 oldest...
elapsed=1.554472e+04 cycle=13935 time=7.816570e-01 dt=5.390363e-05
elapsed=1.554568e+04 cycle=13936 time=7.817109e-01 dt=5.390326e-05
[Tue Dec 30 10:13:56 EST 2025] Kept 10 most recent bin files.
elapsed=1.554679e+04 cycle=13937 time=7.817648e-01 dt=5.390290e-05
elapsed=1.554788e+04 cycle=13938 time=7.818187e-01 dt=5.390253e-05
elapsed=1.554886e+04 cycle=13939 time=7.818726e-01 dt=5.390216e-05
elapsed=1.554980e+04 cycle=13940 time=7.819265e-01 dt=5.390179e-05
elapsed=1.555078e+04 cycle=13941 time=7.819804e-01 dt=5.390141e-05
elapsed=1.555176e+04 cycle=13942 time=7.820343e-01 dt=5.390103e-05
elapsed=1.555275e+04 cycle=13943 time=7.820882e-01 dt=5.390064e-05
elapsed=1.555371e+04 cycle=13944 time=7.821421e-01 dt=5.390025e-05
elapsed=1.555482e+04 cycle=13945 time=7.821960e-01 dt=5.389987e-05
elapsed=1.555579e+04 cycle=13946 time=7.822499e-01 dt=5.389948e-05
elapsed=1.555677e+04 cycle=13947 time=7.823038e-01 dt=5.389908e-05
elapsed=1.555774e+04 cycle=13948 time=7.823577e-01 dt=5.389869e-05
elapsed=1.555872e+04 cycle=13949 time=7.824116e-01 dt=5.389830e-05
elapsed=1.555966e+04 cycle=13950 time=7.824655e-01 dt=5.389791e-05
elapsed=1.556061e+04 cycle=13951 time=7.825194e-01 dt=5.389750e-05
elapsed=1.556171e+04 cycle=13952 time=7.825733e-01 dt=5.389710e-05
elapsed=1.556266e+04 cycle=13953 time=7.826272e-01 dt=5.389671e-05
elapsed=1.556362e+04 cycle=13954 time=7.826811e-01 dt=5.389632e-05
elapsed=1.556457e+04 cycle=13955 time=7.827350e-01 dt=5.389593e-05
elapsed=1.556552e+04 cycle=13956 time=7.827889e-01 dt=5.389556e-05
elapsed=1.556648e+04 cycle=13957 time=7.828428e-01 dt=5.389519e-05
elapsed=1.556745e+04 cycle=13958 time=7.828967e-01 dt=5.389483e-05
elapsed=1.556844e+04 cycle=13959 time=7.829505e-01 dt=5.389447e-05
elapsed=1.556953e+04 cycle=13960 time=7.830044e-01 dt=5.389412e-05
elapsed=1.557049e+04 cycle=13961 time=7.830583e-01 dt=5.389377e-05
elapsed=1.557146e+04 cycle=13962 time=7.831122e-01 dt=5.389341e-05
elapsed=1.557244e+04 cycle=13963 time=7.831661e-01 dt=5.389305e-05
elapsed=1.557340e+04 cycle=13964 time=7.832200e-01 dt=5.389269e-05
elapsed=1.557436e+04 cycle=13965 time=7.832739e-01 dt=5.389232e-05
elapsed=1.557533e+04 cycle=13966 time=7.833278e-01 dt=5.389195e-05
elapsed=1.557630e+04 cycle=13967 time=7.833817e-01 dt=5.389156e-05
elapsed=1.557724e+04 cycle=13968 time=7.834356e-01 dt=5.389117e-05
elapsed=1.557819e+04 cycle=13969 time=7.834895e-01 dt=5.389077e-05
elapsed=1.557915e+04 cycle=13970 time=7.835434e-01 dt=5.389037e-05
elapsed=1.558010e+04 cycle=13971 time=7.835973e-01 dt=5.388996e-05
elapsed=1.558105e+04 cycle=13972 time=7.836511e-01 dt=5.388955e-05
elapsed=1.558217e+04 cycle=13973 time=7.837050e-01 dt=5.388914e-05
elapsed=1.558313e+04 cycle=13974 time=7.837589e-01 dt=5.388873e-05
elapsed=1.558411e+04 cycle=13975 time=7.838128e-01 dt=5.388832e-05
elapsed=1.558508e+04 cycle=13976 time=7.838667e-01 dt=5.388790e-05
elapsed=1.558606e+04 cycle=13977 time=7.839206e-01 dt=5.388748e-05
elapsed=1.558701e+04 cycle=13978 time=7.839745e-01 dt=5.388706e-05
elapsed=1.558799e+04 cycle=13979 time=7.840284e-01 dt=5.388665e-05
elapsed=1.558910e+04 cycle=13980 time=7.840823e-01 dt=5.388625e-05
elapsed=1.559008e+04 cycle=13981 time=7.841361e-01 dt=5.388584e-05
elapsed=1.559104e+04 cycle=13982 time=7.841900e-01 dt=5.388542e-05
elapsed=1.559201e+04 cycle=13983 time=7.842439e-01 dt=5.388499e-05
elapsed=1.559296e+04 cycle=13984 time=7.842978e-01 dt=5.388458e-05
elapsed=1.559393e+04 cycle=13985 time=7.843517e-01 dt=5.388417e-05
elapsed=1.559490e+04 cycle=13986 time=7.844056e-01 dt=5.388375e-05
elapsed=1.559587e+04 cycle=13987 time=7.844594e-01 dt=5.388334e-05
elapsed=1.559684e+04 cycle=13988 time=7.845133e-01 dt=5.388293e-05
elapsed=1.559780e+04 cycle=13989 time=7.845672e-01 dt=5.388252e-05
elapsed=1.559877e+04 cycle=13990 time=7.846211e-01 dt=5.388211e-05
elapsed=1.559987e+04 cycle=13991 time=7.846750e-01 dt=5.388170e-05
elapsed=1.560086e+04 cycle=13992 time=7.847289e-01 dt=5.388128e-05
elapsed=1.560182e+04 cycle=13993 time=7.847827e-01 dt=5.388086e-05
elapsed=1.560277e+04 cycle=13994 time=7.848366e-01 dt=5.388043e-05
elapsed=1.560374e+04 cycle=13995 time=7.848905e-01 dt=5.388000e-05
elapsed=1.560470e+04 cycle=13996 time=7.849444e-01 dt=5.387956e-05
elapsed=1.560567e+04 cycle=13997 time=7.849983e-01 dt=5.387909e-05
elapsed=1.560665e+04 cycle=13998 time=7.850521e-01 dt=5.387863e-05
elapsed=1.560764e+04 cycle=13999 time=7.851060e-01 dt=5.387817e-05
elapsed=1.560860e+04 cycle=14000 time=7.851599e-01 dt=5.387770e-05
elapsed=1.560971e+04 cycle=14001 time=7.852138e-01 dt=5.387724e-05
elapsed=1.561069e+04 cycle=14002 time=7.852677e-01 dt=5.387678e-05
elapsed=1.561164e+04 cycle=14003 time=7.853215e-01 dt=5.387631e-05
elapsed=1.561260e+04 cycle=14004 time=7.853754e-01 dt=5.387586e-05
elapsed=1.561357e+04 cycle=14005 time=7.854293e-01 dt=5.387542e-05
elapsed=1.561469e+04 cycle=14006 time=7.854832e-01 dt=5.387499e-05
elapsed=1.561564e+04 cycle=14007 time=7.855370e-01 dt=5.387456e-05
elapsed=1.561658e+04 cycle=14008 time=7.855909e-01 dt=5.387414e-05
elapsed=1.561757e+04 cycle=14009 time=7.856448e-01 dt=5.387371e-05
elapsed=1.561853e+04 cycle=14010 time=7.856987e-01 dt=5.387328e-05
elapsed=1.561948e+04 cycle=14011 time=7.857525e-01 dt=5.387285e-05
elapsed=1.562058e+04 cycle=14012 time=7.858064e-01 dt=5.387242e-05
elapsed=1.562154e+04 cycle=14013 time=7.858603e-01 dt=5.387199e-05
elapsed=1.562250e+04 cycle=14014 time=7.859141e-01 dt=5.387157e-05
elapsed=1.562346e+04 cycle=14015 time=7.859680e-01 dt=5.387115e-05
elapsed=1.562443e+04 cycle=14016 time=7.860219e-01 dt=5.387073e-05
elapsed=1.562540e+04 cycle=14017 time=7.860758e-01 dt=5.387031e-05
elapsed=1.562638e+04 cycle=14018 time=7.861296e-01 dt=5.386988e-05
elapsed=1.562736e+04 cycle=14019 time=7.861835e-01 dt=5.386944e-05
elapsed=1.562833e+04 cycle=14020 time=7.862374e-01 dt=5.386900e-05
elapsed=1.562929e+04 cycle=14021 time=7.862912e-01 dt=5.386853e-05
elapsed=1.563024e+04 cycle=14022 time=7.863451e-01 dt=5.386806e-05
elapsed=1.563121e+04 cycle=14023 time=7.863990e-01 dt=5.386759e-05
elapsed=1.563232e+04 cycle=14024 time=7.864528e-01 dt=5.386712e-05
elapsed=1.563331e+04 cycle=14025 time=7.865067e-01 dt=5.386664e-05
elapsed=1.563440e+04 cycle=14026 time=7.865606e-01 dt=5.386615e-05
elapsed=1.563536e+04 cycle=14027 time=7.866144e-01 dt=5.386564e-05
elapsed=1.563631e+04 cycle=14028 time=7.866683e-01 dt=5.386513e-05
elapsed=1.563728e+04 cycle=14029 time=7.867222e-01 dt=5.386461e-05
elapsed=1.563822e+04 cycle=14030 time=7.867760e-01 dt=5.386408e-05
elapsed=1.563921e+04 cycle=14031 time=7.868299e-01 dt=5.386355e-05
elapsed=1.564032e+04 cycle=14032 time=7.868838e-01 dt=5.386302e-05
elapsed=1.564126e+04 cycle=14033 time=7.869376e-01 dt=5.386248e-05
elapsed=1.564222e+04 cycle=14034 time=7.869915e-01 dt=5.386195e-05
elapsed=1.564333e+04 cycle=14035 time=7.870454e-01 dt=5.386141e-05
elapsed=1.564432e+04 cycle=14036 time=7.870992e-01 dt=5.386087e-05
elapsed=1.564526e+04 cycle=14037 time=7.871531e-01 dt=5.386032e-05
elapsed=1.564621e+04 cycle=14038 time=7.872069e-01 dt=5.385977e-05
elapsed=1.564716e+04 cycle=14039 time=7.872608e-01 dt=5.385922e-05
elapsed=1.564811e+04 cycle=14040 time=7.873147e-01 dt=5.385866e-05
elapsed=1.564909e+04 cycle=14041 time=7.873685e-01 dt=5.385809e-05
elapsed=1.565006e+04 cycle=14042 time=7.874224e-01 dt=5.385752e-05
elapsed=1.565101e+04 cycle=14043 time=7.874762e-01 dt=5.385695e-05
elapsed=1.565211e+04 cycle=14044 time=7.875301e-01 dt=5.385638e-05
elapsed=1.565310e+04 cycle=14045 time=7.875839e-01 dt=5.385581e-05
elapsed=1.565404e+04 cycle=14046 time=7.876378e-01 dt=5.385525e-05
elapsed=1.565499e+04 cycle=14047 time=7.876917e-01 dt=5.385469e-05
elapsed=1.565597e+04 cycle=14048 time=7.877455e-01 dt=5.385413e-05
elapsed=1.565706e+04 cycle=14049 time=7.877994e-01 dt=5.385357e-05
elapsed=1.565803e+04 cycle=14050 time=7.878532e-01 dt=5.385302e-05
elapsed=1.565914e+04 cycle=14051 time=7.879071e-01 dt=5.385247e-05
elapsed=1.566011e+04 cycle=14052 time=7.879609e-01 dt=5.385191e-05
elapsed=1.566120e+04 cycle=14053 time=7.880148e-01 dt=5.385135e-05
elapsed=1.566215e+04 cycle=14054 time=7.880686e-01 dt=5.385077e-05
elapsed=1.566312e+04 cycle=14055 time=7.881225e-01 dt=5.385020e-05
elapsed=1.566406e+04 cycle=14056 time=7.881763e-01 dt=5.384961e-05
elapsed=1.566501e+04 cycle=14057 time=7.882302e-01 dt=5.384902e-05
elapsed=1.566596e+04 cycle=14058 time=7.882840e-01 dt=5.384843e-05
elapsed=1.566691e+04 cycle=14059 time=7.883379e-01 dt=5.384784e-05
elapsed=1.566786e+04 cycle=14060 time=7.883917e-01 dt=5.384727e-05
elapsed=1.566884e+04 cycle=14061 time=7.884456e-01 dt=5.384670e-05
elapsed=1.566980e+04 cycle=14062 time=7.884994e-01 dt=5.384613e-05
elapsed=1.567076e+04 cycle=14063 time=7.885533e-01 dt=5.384558e-05
elapsed=1.567187e+04 cycle=14064 time=7.886071e-01 dt=5.384501e-05
elapsed=1.567297e+04 cycle=14065 time=7.886609e-01 dt=5.384443e-05
elapsed=1.567394e+04 cycle=14066 time=7.887148e-01 dt=5.384383e-05
elapsed=1.567488e+04 cycle=14067 time=7.887686e-01 dt=5.384324e-05
elapsed=1.567585e+04 cycle=14068 time=7.888225e-01 dt=5.384265e-05
elapsed=1.567696e+04 cycle=14069 time=7.888763e-01 dt=5.384206e-05
elapsed=1.567793e+04 cycle=14070 time=7.889302e-01 dt=5.384148e-05
elapsed=1.567891e+04 cycle=14071 time=7.889840e-01 dt=5.384089e-05
elapsed=1.567988e+04 cycle=14072 time=7.890378e-01 dt=5.384030e-05
elapsed=1.568086e+04 cycle=14073 time=7.890917e-01 dt=5.383971e-05
elapsed=1.568180e+04 cycle=14074 time=7.891455e-01 dt=5.383913e-05
elapsed=1.568278e+04 cycle=14075 time=7.891994e-01 dt=5.383855e-05
elapsed=1.568375e+04 cycle=14076 time=7.892532e-01 dt=5.383796e-05
elapsed=1.568470e+04 cycle=14077 time=7.893070e-01 dt=5.383737e-05
elapsed=1.568568e+04 cycle=14078 time=7.893609e-01 dt=5.383677e-05
elapsed=1.568665e+04 cycle=14079 time=7.894147e-01 dt=5.383616e-05
elapsed=1.568761e+04 cycle=14080 time=7.894686e-01 dt=5.383555e-05
elapsed=1.568872e+04 cycle=14081 time=7.895224e-01 dt=5.383495e-05
elapsed=1.568969e+04 cycle=14082 time=7.895762e-01 dt=5.383435e-05
elapsed=1.569065e+04 cycle=14083 time=7.896301e-01 dt=5.383375e-05
elapsed=1.569162e+04 cycle=14084 time=7.896839e-01 dt=5.383315e-05
elapsed=1.569258e+04 cycle=14085 time=7.897377e-01 dt=5.383255e-05
elapsed=1.569355e+04 cycle=14086 time=7.897916e-01 dt=5.383195e-05
elapsed=1.569451e+04 cycle=14087 time=7.898454e-01 dt=5.383135e-05
elapsed=1.569547e+04 cycle=14088 time=7.898992e-01 dt=5.383076e-05
elapsed=1.569645e+04 cycle=14089 time=7.899531e-01 dt=5.383017e-05
elapsed=1.571755e+04 cycle=14090 time=7.900069e-01 dt=5.382957e-05
elapsed=1.571866e+04 cycle=14091 time=7.900607e-01 dt=5.382897e-05
elapsed=1.571961e+04 cycle=14092 time=7.901145e-01 dt=5.382837e-05
elapsed=1.572059e+04 cycle=14093 time=7.901684e-01 dt=5.382778e-05
elapsed=1.572154e+04 cycle=14094 time=7.902222e-01 dt=5.382718e-05
elapsed=1.572251e+04 cycle=14095 time=7.902760e-01 dt=5.382660e-05
elapsed=1.572347e+04 cycle=14096 time=7.903298e-01 dt=5.382603e-05
elapsed=1.572444e+04 cycle=14097 time=7.903837e-01 dt=5.382546e-05
elapsed=1.572538e+04 cycle=14098 time=7.904375e-01 dt=5.382488e-05
elapsed=1.572635e+04 cycle=14099 time=7.904913e-01 dt=5.382431e-05
[Tue Dec 30 10:16:56 EST 2025] Found 11 bin files, deleting 1 oldest...
elapsed=1.572744e+04 cycle=14100 time=7.905452e-01 dt=5.382374e-05
[Tue Dec 30 10:16:58 EST 2025] Kept 10 most recent bin files.
elapsed=1.572839e+04 cycle=14101 time=7.905990e-01 dt=5.382317e-05
elapsed=1.572937e+04 cycle=14102 time=7.906528e-01 dt=5.382259e-05
elapsed=1.573032e+04 cycle=14103 time=7.907066e-01 dt=5.382202e-05
elapsed=1.573128e+04 cycle=14104 time=7.907604e-01 dt=5.382145e-05
elapsed=1.573223e+04 cycle=14105 time=7.908143e-01 dt=5.382088e-05
elapsed=1.573321e+04 cycle=14106 time=7.908681e-01 dt=5.382030e-05
elapsed=1.573419e+04 cycle=14107 time=7.909219e-01 dt=5.381972e-05
elapsed=1.573514e+04 cycle=14108 time=7.909757e-01 dt=5.381914e-05
elapsed=1.573610e+04 cycle=14109 time=7.910295e-01 dt=5.381856e-05
elapsed=1.573707e+04 cycle=14110 time=7.910834e-01 dt=5.381798e-05
elapsed=1.573804e+04 cycle=14111 time=7.911372e-01 dt=5.381740e-05
elapsed=1.573902e+04 cycle=14112 time=7.911910e-01 dt=5.381682e-05
elapsed=1.573999e+04 cycle=14113 time=7.912448e-01 dt=5.381624e-05
elapsed=1.574095e+04 cycle=14114 time=7.912986e-01 dt=5.381567e-05
elapsed=1.574192e+04 cycle=14115 time=7.913524e-01 dt=5.381509e-05
elapsed=1.574291e+04 cycle=14116 time=7.914063e-01 dt=5.381452e-05
elapsed=1.574387e+04 cycle=14117 time=7.914601e-01 dt=5.381394e-05
elapsed=1.574482e+04 cycle=14118 time=7.915139e-01 dt=5.381337e-05
elapsed=1.574579e+04 cycle=14119 time=7.915677e-01 dt=5.381281e-05
elapsed=1.574676e+04 cycle=14120 time=7.916215e-01 dt=5.381224e-05
elapsed=1.574770e+04 cycle=14121 time=7.916753e-01 dt=5.381167e-05
elapsed=1.574867e+04 cycle=14122 time=7.917291e-01 dt=5.381110e-05
elapsed=1.574962e+04 cycle=14123 time=7.917830e-01 dt=5.381054e-05
elapsed=1.575058e+04 cycle=14124 time=7.918368e-01 dt=5.380997e-05
elapsed=1.575155e+04 cycle=14125 time=7.918906e-01 dt=5.380940e-05
elapsed=1.575252e+04 cycle=14126 time=7.919444e-01 dt=5.380883e-05
elapsed=1.575348e+04 cycle=14127 time=7.919982e-01 dt=5.380827e-05
elapsed=1.575443e+04 cycle=14128 time=7.920520e-01 dt=5.380771e-05
elapsed=1.575554e+04 cycle=14129 time=7.921058e-01 dt=5.380716e-05
elapsed=1.575665e+04 cycle=14130 time=7.921596e-01 dt=5.380660e-05
elapsed=1.575761e+04 cycle=14131 time=7.922134e-01 dt=5.380605e-05
elapsed=1.575858e+04 cycle=14132 time=7.922672e-01 dt=5.380550e-05
elapsed=1.575954e+04 cycle=14133 time=7.923210e-01 dt=5.380494e-05
elapsed=1.576049e+04 cycle=14134 time=7.923748e-01 dt=5.380438e-05
elapsed=1.576146e+04 cycle=14135 time=7.924286e-01 dt=5.380382e-05
elapsed=1.576242e+04 cycle=14136 time=7.924824e-01 dt=5.380326e-05
elapsed=1.576339e+04 cycle=14137 time=7.925362e-01 dt=5.380271e-05
elapsed=1.576436e+04 cycle=14138 time=7.925901e-01 dt=5.380215e-05
elapsed=1.576532e+04 cycle=14139 time=7.926439e-01 dt=5.380159e-05
elapsed=1.576630e+04 cycle=14140 time=7.926977e-01 dt=5.380103e-05
elapsed=1.576727e+04 cycle=14141 time=7.927515e-01 dt=5.380047e-05
elapsed=1.576822e+04 cycle=14142 time=7.928053e-01 dt=5.379992e-05
elapsed=1.576918e+04 cycle=14143 time=7.928591e-01 dt=5.379937e-05
elapsed=1.577015e+04 cycle=14144 time=7.929129e-01 dt=5.379883e-05
elapsed=1.577111e+04 cycle=14145 time=7.929667e-01 dt=5.379828e-05
elapsed=1.577205e+04 cycle=14146 time=7.930205e-01 dt=5.379772e-05
elapsed=1.577302e+04 cycle=14147 time=7.930742e-01 dt=5.379717e-05
elapsed=1.577400e+04 cycle=14148 time=7.931280e-01 dt=5.379662e-05
elapsed=1.577497e+04 cycle=14149 time=7.931818e-01 dt=5.379607e-05
elapsed=1.577592e+04 cycle=14150 time=7.932356e-01 dt=5.379552e-05
elapsed=1.577688e+04 cycle=14151 time=7.932894e-01 dt=5.379498e-05
elapsed=1.577785e+04 cycle=14152 time=7.933432e-01 dt=5.379444e-05
elapsed=1.577880e+04 cycle=14153 time=7.933970e-01 dt=5.379390e-05
elapsed=1.577975e+04 cycle=14154 time=7.934508e-01 dt=5.379337e-05
elapsed=1.578071e+04 cycle=14155 time=7.935046e-01 dt=5.379284e-05
elapsed=1.578166e+04 cycle=14156 time=7.935584e-01 dt=5.379232e-05
elapsed=1.578261e+04 cycle=14157 time=7.936122e-01 dt=5.379179e-05
elapsed=1.578355e+04 cycle=14158 time=7.936660e-01 dt=5.379127e-05
elapsed=1.578452e+04 cycle=14159 time=7.937198e-01 dt=5.379075e-05
elapsed=1.578550e+04 cycle=14160 time=7.937736e-01 dt=5.379022e-05
elapsed=1.578646e+04 cycle=14161 time=7.938274e-01 dt=5.378968e-05
elapsed=1.578743e+04 cycle=14162 time=7.938812e-01 dt=5.378913e-05
elapsed=1.578839e+04 cycle=14163 time=7.939349e-01 dt=5.378858e-05
elapsed=1.578936e+04 cycle=14164 time=7.939887e-01 dt=5.378804e-05
elapsed=1.579032e+04 cycle=14165 time=7.940425e-01 dt=5.378751e-05
elapsed=1.579128e+04 cycle=14166 time=7.940963e-01 dt=5.378698e-05
elapsed=1.579225e+04 cycle=14167 time=7.941501e-01 dt=5.378643e-05
elapsed=1.579322e+04 cycle=14168 time=7.942039e-01 dt=5.378589e-05
elapsed=1.579418e+04 cycle=14169 time=7.942577e-01 dt=5.378535e-05
elapsed=1.579514e+04 cycle=14170 time=7.943114e-01 dt=5.378481e-05
elapsed=1.579612e+04 cycle=14171 time=7.943652e-01 dt=5.378429e-05
elapsed=1.579721e+04 cycle=14172 time=7.944190e-01 dt=5.378376e-05
elapsed=1.579819e+04 cycle=14173 time=7.944728e-01 dt=5.378324e-05
elapsed=1.579915e+04 cycle=14174 time=7.945266e-01 dt=5.378272e-05
elapsed=1.580012e+04 cycle=14175 time=7.945804e-01 dt=5.378219e-05
elapsed=1.580106e+04 cycle=14176 time=7.946341e-01 dt=5.378166e-05
elapsed=1.580203e+04 cycle=14177 time=7.946879e-01 dt=5.378113e-05
elapsed=1.580299e+04 cycle=14178 time=7.947417e-01 dt=5.378059e-05
elapsed=1.580397e+04 cycle=14179 time=7.947955e-01 dt=5.378007e-05
elapsed=1.580495e+04 cycle=14180 time=7.948493e-01 dt=5.377955e-05
elapsed=1.580591e+04 cycle=14181 time=7.949031e-01 dt=5.377902e-05
elapsed=1.580686e+04 cycle=14182 time=7.949568e-01 dt=5.377850e-05
elapsed=1.580783e+04 cycle=14183 time=7.950106e-01 dt=5.377798e-05
elapsed=1.580880e+04 cycle=14184 time=7.950644e-01 dt=5.377749e-05
elapsed=1.580978e+04 cycle=14185 time=7.951182e-01 dt=5.377701e-05
elapsed=1.581076e+04 cycle=14186 time=7.951719e-01 dt=5.377653e-05
elapsed=1.581172e+04 cycle=14187 time=7.952257e-01 dt=5.377605e-05
elapsed=1.581268e+04 cycle=14188 time=7.952795e-01 dt=5.377556e-05
elapsed=1.581379e+04 cycle=14189 time=7.953333e-01 dt=5.377508e-05
elapsed=1.581478e+04 cycle=14190 time=7.953870e-01 dt=5.377460e-05
elapsed=1.581573e+04 cycle=14191 time=7.954408e-01 dt=5.377411e-05
elapsed=1.581669e+04 cycle=14192 time=7.954946e-01 dt=5.377362e-05
elapsed=1.581768e+04 cycle=14193 time=7.955484e-01 dt=5.377313e-05
elapsed=1.581879e+04 cycle=14194 time=7.956021e-01 dt=5.377264e-05
elapsed=1.581990e+04 cycle=14195 time=7.956559e-01 dt=5.377214e-05
elapsed=1.582086e+04 cycle=14196 time=7.957097e-01 dt=5.377164e-05
elapsed=1.582181e+04 cycle=14197 time=7.957635e-01 dt=5.377114e-05
elapsed=1.582279e+04 cycle=14198 time=7.958172e-01 dt=5.377062e-05
elapsed=1.582377e+04 cycle=14199 time=7.958710e-01 dt=5.377010e-05
elapsed=1.582475e+04 cycle=14200 time=7.959248e-01 dt=5.376957e-05
elapsed=1.582572e+04 cycle=14201 time=7.959785e-01 dt=5.376903e-05
elapsed=1.582666e+04 cycle=14202 time=7.960323e-01 dt=5.376849e-05
elapsed=1.582761e+04 cycle=14203 time=7.960861e-01 dt=5.376796e-05
elapsed=1.582858e+04 cycle=14204 time=7.961398e-01 dt=5.376743e-05
elapsed=1.582956e+04 cycle=14205 time=7.961936e-01 dt=5.376689e-05
elapsed=1.583054e+04 cycle=14206 time=7.962474e-01 dt=5.376635e-05
elapsed=1.583152e+04 cycle=14207 time=7.963011e-01 dt=5.376581e-05
elapsed=1.583250e+04 cycle=14208 time=7.963549e-01 dt=5.376526e-05
elapsed=1.583359e+04 cycle=14209 time=7.964087e-01 dt=5.376472e-05
elapsed=1.583457e+04 cycle=14210 time=7.964624e-01 dt=5.376417e-05
elapsed=1.583552e+04 cycle=14211 time=7.965162e-01 dt=5.376363e-05
elapsed=1.583663e+04 cycle=14212 time=7.965700e-01 dt=5.376308e-05
elapsed=1.583761e+04 cycle=14213 time=7.966237e-01 dt=5.376253e-05
elapsed=1.583857e+04 cycle=14214 time=7.966775e-01 dt=5.376197e-05
elapsed=1.583954e+04 cycle=14215 time=7.967313e-01 dt=5.376141e-05
elapsed=1.584052e+04 cycle=14216 time=7.967850e-01 dt=5.376083e-05
elapsed=1.584149e+04 cycle=14217 time=7.968388e-01 dt=5.376024e-05
elapsed=1.584244e+04 cycle=14218 time=7.968925e-01 dt=5.375965e-05
elapsed=1.584340e+04 cycle=14219 time=7.969463e-01 dt=5.375906e-05
elapsed=1.584451e+04 cycle=14220 time=7.970001e-01 dt=5.375845e-05
elapsed=1.584548e+04 cycle=14221 time=7.970538e-01 dt=5.375783e-05
elapsed=1.584644e+04 cycle=14222 time=7.971076e-01 dt=5.375722e-05
elapsed=1.584741e+04 cycle=14223 time=7.971613e-01 dt=5.375660e-05
elapsed=1.584837e+04 cycle=14224 time=7.972151e-01 dt=5.375598e-05
elapsed=1.584932e+04 cycle=14225 time=7.972688e-01 dt=5.375537e-05
elapsed=1.585028e+04 cycle=14226 time=7.973226e-01 dt=5.375474e-05
elapsed=1.585123e+04 cycle=14227 time=7.973764e-01 dt=5.375410e-05
elapsed=1.585218e+04 cycle=14228 time=7.974301e-01 dt=5.375347e-05
elapsed=1.585316e+04 cycle=14229 time=7.974839e-01 dt=5.375285e-05
elapsed=1.585411e+04 cycle=14230 time=7.975376e-01 dt=5.375222e-05
elapsed=1.585507e+04 cycle=14231 time=7.975914e-01 dt=5.375159e-05
elapsed=1.585606e+04 cycle=14232 time=7.976451e-01 dt=5.375097e-05
elapsed=1.585702e+04 cycle=14233 time=7.976989e-01 dt=5.375035e-05
elapsed=1.585800e+04 cycle=14234 time=7.977526e-01 dt=5.374975e-05
elapsed=1.585896e+04 cycle=14235 time=7.978064e-01 dt=5.374915e-05
elapsed=1.585995e+04 cycle=14236 time=7.978601e-01 dt=5.374855e-05
elapsed=1.586091e+04 cycle=14237 time=7.979139e-01 dt=5.374795e-05
elapsed=1.586189e+04 cycle=14238 time=7.979676e-01 dt=5.374736e-05
elapsed=1.586284e+04 cycle=14239 time=7.980214e-01 dt=5.374677e-05
elapsed=1.586381e+04 cycle=14240 time=7.980751e-01 dt=5.374618e-05
elapsed=1.586479e+04 cycle=14241 time=7.981289e-01 dt=5.374560e-05
elapsed=1.586590e+04 cycle=14242 time=7.981826e-01 dt=5.374502e-05
elapsed=1.586688e+04 cycle=14243 time=7.982363e-01 dt=5.374444e-05
elapsed=1.586785e+04 cycle=14244 time=7.982901e-01 dt=5.374388e-05
elapsed=1.586883e+04 cycle=14245 time=7.983438e-01 dt=5.374330e-05
elapsed=1.586980e+04 cycle=14246 time=7.983976e-01 dt=5.374272e-05
elapsed=1.587075e+04 cycle=14247 time=7.984513e-01 dt=5.374214e-05
elapsed=1.587169e+04 cycle=14248 time=7.985051e-01 dt=5.374158e-05
elapsed=1.587266e+04 cycle=14249 time=7.985588e-01 dt=5.374101e-05
elapsed=1.587362e+04 cycle=14250 time=7.986125e-01 dt=5.374045e-05
elapsed=1.587459e+04 cycle=14251 time=7.986663e-01 dt=5.373989e-05
elapsed=1.587555e+04 cycle=14252 time=7.987200e-01 dt=5.373933e-05
elapsed=1.587650e+04 cycle=14253 time=7.987738e-01 dt=5.373877e-05
elapsed=1.587747e+04 cycle=14254 time=7.988275e-01 dt=5.373822e-05
elapsed=1.587845e+04 cycle=14255 time=7.988812e-01 dt=5.373766e-05
elapsed=1.587939e+04 cycle=14256 time=7.989350e-01 dt=5.373711e-05
elapsed=1.588036e+04 cycle=14257 time=7.989887e-01 dt=5.373655e-05
elapsed=1.588131e+04 cycle=14258 time=7.990425e-01 dt=5.373600e-05
elapsed=1.588226e+04 cycle=14259 time=7.990962e-01 dt=5.373545e-05
elapsed=1.588322e+04 cycle=14260 time=7.991499e-01 dt=5.373490e-05
elapsed=1.588418e+04 cycle=14261 time=7.992037e-01 dt=5.373436e-05
elapsed=1.588513e+04 cycle=14262 time=7.992574e-01 dt=5.373382e-05
elapsed=1.588611e+04 cycle=14263 time=7.993111e-01 dt=5.373328e-05
elapsed=1.588708e+04 cycle=14264 time=7.993649e-01 dt=5.373274e-05
elapsed=1.588803e+04 cycle=14265 time=7.994186e-01 dt=5.373220e-05
elapsed=1.588898e+04 cycle=14266 time=7.994723e-01 dt=5.373165e-05
elapsed=1.588995e+04 cycle=14267 time=7.995261e-01 dt=5.373109e-05
elapsed=1.589090e+04 cycle=14268 time=7.995798e-01 dt=5.373053e-05
elapsed=1.589186e+04 cycle=14269 time=7.996335e-01 dt=5.372996e-05
elapsed=1.589297e+04 cycle=14270 time=7.996872e-01 dt=5.372940e-05
elapsed=1.589395e+04 cycle=14271 time=7.997410e-01 dt=5.372882e-05
elapsed=1.589492e+04 cycle=14272 time=7.997947e-01 dt=5.372822e-05
elapsed=1.589588e+04 cycle=14273 time=7.998484e-01 dt=5.372763e-05
elapsed=1.589685e+04 cycle=14274 time=7.999022e-01 dt=5.372704e-05
elapsed=1.589782e+04 cycle=14275 time=7.999559e-01 dt=5.372643e-05
[Tue Dec 30 10:19:58 EST 2025] Found 11 bin files, deleting 1 oldest...
[Tue Dec 30 10:20:00 EST 2025] Kept 10 most recent bin files.
[Tue Dec 30 10:21:00 EST 2025] Found 2 restart files, deleting 1 oldest...
elapsed=1.597337e+04 cycle=14276 time=8.000096e-01 dt=5.372583e-05
elapsed=1.597432e+04 cycle=14277 time=8.000633e-01 dt=5.372523e-05
elapsed=1.597527e+04 cycle=14278 time=8.001171e-01 dt=5.372462e-05
elapsed=1.597625e+04 cycle=14279 time=8.001708e-01 dt=5.372401e-05
[Tue Dec 30 10:21:06 EST 2025] Kept only the most recent restart file.
elapsed=1.597720e+04 cycle=14280 time=8.002245e-01 dt=5.372340e-05
elapsed=1.597815e+04 cycle=14281 time=8.002782e-01 dt=5.372279e-05
elapsed=1.597909e+04 cycle=14282 time=8.003320e-01 dt=5.372218e-05
elapsed=1.598021e+04 cycle=14283 time=8.003857e-01 dt=5.372158e-05
elapsed=1.598116e+04 cycle=14284 time=8.004394e-01 dt=5.372098e-05
elapsed=1.598212e+04 cycle=14285 time=8.004931e-01 dt=5.372037e-05
elapsed=1.598307e+04 cycle=14286 time=8.005468e-01 dt=5.371976e-05
elapsed=1.598418e+04 cycle=14287 time=8.006006e-01 dt=5.371915e-05
elapsed=1.598515e+04 cycle=14288 time=8.006543e-01 dt=5.371853e-05
elapsed=1.598612e+04 cycle=14289 time=8.007080e-01 dt=5.371793e-05
elapsed=1.598706e+04 cycle=14290 time=8.007617e-01 dt=5.371734e-05
elapsed=1.598818e+04 cycle=14291 time=8.008154e-01 dt=5.371675e-05
elapsed=1.598927e+04 cycle=14292 time=8.008692e-01 dt=5.371617e-05
elapsed=1.599024e+04 cycle=14293 time=8.009229e-01 dt=5.371559e-05
elapsed=1.599120e+04 cycle=14294 time=8.009766e-01 dt=5.371501e-05
elapsed=1.599217e+04 cycle=14295 time=8.010303e-01 dt=5.371444e-05
elapsed=1.599312e+04 cycle=14296 time=8.010840e-01 dt=5.371386e-05
elapsed=1.599408e+04 cycle=14297 time=8.011377e-01 dt=5.371329e-05
elapsed=1.599504e+04 cycle=14298 time=8.011914e-01 dt=5.371272e-05
elapsed=1.599615e+04 cycle=14299 time=8.012452e-01 dt=5.371216e-05
elapsed=1.599712e+04 cycle=14300 time=8.012989e-01 dt=5.371159e-05
elapsed=1.599808e+04 cycle=14301 time=8.013526e-01 dt=5.371102e-05
elapsed=1.599919e+04 cycle=14302 time=8.014063e-01 dt=5.371046e-05
elapsed=1.600015e+04 cycle=14303 time=8.014600e-01 dt=5.370990e-05
elapsed=1.600112e+04 cycle=14304 time=8.015137e-01 dt=5.370935e-05
elapsed=1.600208e+04 cycle=14305 time=8.015674e-01 dt=5.370880e-05
elapsed=1.600303e+04 cycle=14306 time=8.016211e-01 dt=5.370825e-05
elapsed=1.600397e+04 cycle=14307 time=8.016748e-01 dt=5.370771e-05
elapsed=1.600508e+04 cycle=14308 time=8.017285e-01 dt=5.370716e-05
elapsed=1.600603e+04 cycle=14309 time=8.017823e-01 dt=5.370662e-05
elapsed=1.600699e+04 cycle=14310 time=8.018360e-01 dt=5.370607e-05
elapsed=1.600796e+04 cycle=14311 time=8.018897e-01 dt=5.370553e-05
elapsed=1.600892e+04 cycle=14312 time=8.019434e-01 dt=5.370499e-05
elapsed=1.601003e+04 cycle=14313 time=8.019971e-01 dt=5.370444e-05
elapsed=1.601098e+04 cycle=14314 time=8.020508e-01 dt=5.370388e-05
elapsed=1.601195e+04 cycle=14315 time=8.021045e-01 dt=5.370331e-05
elapsed=1.601290e+04 cycle=14316 time=8.021582e-01 dt=5.370274e-05
elapsed=1.601384e+04 cycle=14317 time=8.022119e-01 dt=5.370216e-05
elapsed=1.601482e+04 cycle=14318 time=8.022656e-01 dt=5.370159e-05
elapsed=1.601580e+04 cycle=14319 time=8.023193e-01 dt=5.370101e-05
elapsed=1.601677e+04 cycle=14320 time=8.023730e-01 dt=5.370044e-05
elapsed=1.601775e+04 cycle=14321 time=8.024267e-01 dt=5.369987e-05
elapsed=1.601871e+04 cycle=14322 time=8.024804e-01 dt=5.369930e-05
elapsed=1.601980e+04 cycle=14323 time=8.025341e-01 dt=5.369873e-05
elapsed=1.602077e+04 cycle=14324 time=8.025878e-01 dt=5.369815e-05
elapsed=1.602173e+04 cycle=14325 time=8.026415e-01 dt=5.369757e-05
elapsed=1.602271e+04 cycle=14326 time=8.026952e-01 dt=5.369700e-05
elapsed=1.602367e+04 cycle=14327 time=8.027489e-01 dt=5.369643e-05
elapsed=1.602476e+04 cycle=14328 time=8.028026e-01 dt=5.369587e-05
elapsed=1.602571e+04 cycle=14329 time=8.028563e-01 dt=5.369531e-05
elapsed=1.602667e+04 cycle=14330 time=8.029100e-01 dt=5.369476e-05
elapsed=1.602778e+04 cycle=14331 time=8.029637e-01 dt=5.369421e-05
elapsed=1.602873e+04 cycle=14332 time=8.030174e-01 dt=5.369365e-05
elapsed=1.602968e+04 cycle=14333 time=8.030711e-01 dt=5.369310e-05
elapsed=1.603064e+04 cycle=14334 time=8.031248e-01 dt=5.369254e-05
elapsed=1.603160e+04 cycle=14335 time=8.031784e-01 dt=5.369199e-05
elapsed=1.603272e+04 cycle=14336 time=8.032321e-01 dt=5.369142e-05
elapsed=1.603369e+04 cycle=14337 time=8.032858e-01 dt=5.369086e-05
elapsed=1.603465e+04 cycle=14338 time=8.033395e-01 dt=5.369029e-05
elapsed=1.603562e+04 cycle=14339 time=8.033932e-01 dt=5.368973e-05
elapsed=1.603658e+04 cycle=14340 time=8.034469e-01 dt=5.368916e-05
elapsed=1.603755e+04 cycle=14341 time=8.035006e-01 dt=5.368859e-05
elapsed=1.603850e+04 cycle=14342 time=8.035543e-01 dt=5.368803e-05
elapsed=1.603948e+04 cycle=14343 time=8.036080e-01 dt=5.368746e-05
elapsed=1.604045e+04 cycle=14344 time=8.036617e-01 dt=5.368690e-05
elapsed=1.604141e+04 cycle=14345 time=8.037153e-01 dt=5.368634e-05
elapsed=1.604237e+04 cycle=14346 time=8.037690e-01 dt=5.368579e-05
elapsed=1.604333e+04 cycle=14347 time=8.038227e-01 dt=5.368523e-05
elapsed=1.604430e+04 cycle=14348 time=8.038764e-01 dt=5.368468e-05
elapsed=1.604527e+04 cycle=14349 time=8.039301e-01 dt=5.368412e-05
elapsed=1.604624e+04 cycle=14350 time=8.039838e-01 dt=5.368356e-05
elapsed=1.604720e+04 cycle=14351 time=8.040374e-01 dt=5.368299e-05
elapsed=1.604816e+04 cycle=14352 time=8.040911e-01 dt=5.368243e-05
elapsed=1.604913e+04 cycle=14353 time=8.041448e-01 dt=5.368188e-05
elapsed=1.605010e+04 cycle=14354 time=8.041985e-01 dt=5.368132e-05
elapsed=1.605107e+04 cycle=14355 time=8.042522e-01 dt=5.368077e-05
elapsed=1.605201e+04 cycle=14356 time=8.043059e-01 dt=5.368022e-05
elapsed=1.605299e+04 cycle=14357 time=8.043595e-01 dt=5.367965e-05
elapsed=1.605397e+04 cycle=14358 time=8.044132e-01 dt=5.367909e-05
elapsed=1.605495e+04 cycle=14359 time=8.044669e-01 dt=5.367852e-05
elapsed=1.605593e+04 cycle=14360 time=8.045206e-01 dt=5.367795e-05
elapsed=1.605688e+04 cycle=14361 time=8.045743e-01 dt=5.367738e-05
elapsed=1.605787e+04 cycle=14362 time=8.046279e-01 dt=5.367681e-05
elapsed=1.605896e+04 cycle=14363 time=8.046816e-01 dt=5.367624e-05
elapsed=1.605993e+04 cycle=14364 time=8.047353e-01 dt=5.367567e-05
elapsed=1.606089e+04 cycle=14365 time=8.047890e-01 dt=5.367510e-05
elapsed=1.606183e+04 cycle=14366 time=8.048426e-01 dt=5.367453e-05
elapsed=1.606280e+04 cycle=14367 time=8.048963e-01 dt=5.367399e-05
elapsed=1.606375e+04 cycle=14368 time=8.049500e-01 dt=5.367345e-05
elapsed=1.606472e+04 cycle=14369 time=8.050037e-01 dt=5.367292e-05
elapsed=1.606568e+04 cycle=14370 time=8.050573e-01 dt=5.367238e-05
elapsed=1.606666e+04 cycle=14371 time=8.051110e-01 dt=5.367184e-05
elapsed=1.606763e+04 cycle=14372 time=8.051647e-01 dt=5.367131e-05
elapsed=1.606859e+04 cycle=14373 time=8.052183e-01 dt=5.367077e-05
elapsed=1.606958e+04 cycle=14374 time=8.052720e-01 dt=5.367023e-05
elapsed=1.607054e+04 cycle=14375 time=8.053257e-01 dt=5.366970e-05
elapsed=1.607151e+04 cycle=14376 time=8.053794e-01 dt=5.366917e-05
elapsed=1.607248e+04 cycle=14377 time=8.054330e-01 dt=5.366863e-05
elapsed=1.607344e+04 cycle=14378 time=8.054867e-01 dt=5.366807e-05
elapsed=1.607453e+04 cycle=14379 time=8.055404e-01 dt=5.366752e-05
elapsed=1.607564e+04 cycle=14380 time=8.055940e-01 dt=5.366695e-05
elapsed=1.607659e+04 cycle=14381 time=8.056477e-01 dt=5.366636e-05
elapsed=1.607757e+04 cycle=14382 time=8.057014e-01 dt=5.366578e-05
elapsed=1.607852e+04 cycle=14383 time=8.057550e-01 dt=5.366520e-05
elapsed=1.607950e+04 cycle=14384 time=8.058087e-01 dt=5.366463e-05
elapsed=1.608047e+04 cycle=14385 time=8.058624e-01 dt=5.366406e-05
elapsed=1.608143e+04 cycle=14386 time=8.059160e-01 dt=5.366349e-05
elapsed=1.608241e+04 cycle=14387 time=8.059697e-01 dt=5.366293e-05
elapsed=1.608352e+04 cycle=14388 time=8.060233e-01 dt=5.366237e-05
elapsed=1.608451e+04 cycle=14389 time=8.060770e-01 dt=5.366182e-05
elapsed=1.608547e+04 cycle=14390 time=8.061307e-01 dt=5.366126e-05
elapsed=1.608646e+04 cycle=14391 time=8.061843e-01 dt=5.366068e-05
elapsed=1.608743e+04 cycle=14392 time=8.062380e-01 dt=5.366010e-05
elapsed=1.608840e+04 cycle=14393 time=8.062917e-01 dt=5.365953e-05
elapsed=1.608950e+04 cycle=14394 time=8.063453e-01 dt=5.365896e-05
elapsed=1.609046e+04 cycle=14395 time=8.063990e-01 dt=5.365839e-05
elapsed=1.609144e+04 cycle=14396 time=8.064526e-01 dt=5.365780e-05
elapsed=1.609240e+04 cycle=14397 time=8.065063e-01 dt=5.365722e-05
elapsed=1.609337e+04 cycle=14398 time=8.065599e-01 dt=5.365663e-05
elapsed=1.609434e+04 cycle=14399 time=8.066136e-01 dt=5.365605e-05
elapsed=1.609530e+04 cycle=14400 time=8.066673e-01 dt=5.365547e-05
elapsed=1.609627e+04 cycle=14401 time=8.067209e-01 dt=5.365488e-05
elapsed=1.609721e+04 cycle=14402 time=8.067746e-01 dt=5.365430e-05
elapsed=1.609818e+04 cycle=14403 time=8.068282e-01 dt=5.365372e-05
elapsed=1.609913e+04 cycle=14404 time=8.068819e-01 dt=5.365314e-05
elapsed=1.610011e+04 cycle=14405 time=8.069355e-01 dt=5.365256e-05
elapsed=1.610110e+04 cycle=14406 time=8.069892e-01 dt=5.365198e-05
elapsed=1.610207e+04 cycle=14407 time=8.070428e-01 dt=5.365140e-05
elapsed=1.610305e+04 cycle=14408 time=8.070965e-01 dt=5.365081e-05
elapsed=1.610403e+04 cycle=14409 time=8.071501e-01 dt=5.365023e-05
elapsed=1.610500e+04 cycle=14410 time=8.072038e-01 dt=5.364965e-05
elapsed=1.610597e+04 cycle=14411 time=8.072574e-01 dt=5.364906e-05
elapsed=1.610692e+04 cycle=14412 time=8.073111e-01 dt=5.364848e-05
elapsed=1.610802e+04 cycle=14413 time=8.073647e-01 dt=5.364789e-05
elapsed=1.610898e+04 cycle=14414 time=8.074184e-01 dt=5.364729e-05
elapsed=1.610993e+04 cycle=14415 time=8.074720e-01 dt=5.364669e-05
elapsed=1.611089e+04 cycle=14416 time=8.075257e-01 dt=5.364610e-05
elapsed=1.611186e+04 cycle=14417 time=8.075793e-01 dt=5.364550e-05
elapsed=1.611282e+04 cycle=14418 time=8.076330e-01 dt=5.364493e-05
elapsed=1.611377e+04 cycle=14419 time=8.076866e-01 dt=5.364437e-05
elapsed=1.611473e+04 cycle=14420 time=8.077403e-01 dt=5.364381e-05
elapsed=1.611570e+04 cycle=14421 time=8.077939e-01 dt=5.364327e-05
elapsed=1.611669e+04 cycle=14422 time=8.078475e-01 dt=5.364274e-05
elapsed=1.611763e+04 cycle=14423 time=8.079012e-01 dt=5.364221e-05
elapsed=1.611858e+04 cycle=14424 time=8.079548e-01 dt=5.364168e-05
elapsed=1.611953e+04 cycle=14425 time=8.080085e-01 dt=5.364116e-05
elapsed=1.612050e+04 cycle=14426 time=8.080621e-01 dt=5.364064e-05
elapsed=1.612146e+04 cycle=14427 time=8.081158e-01 dt=5.364012e-05
elapsed=1.612244e+04 cycle=14428 time=8.081694e-01 dt=5.363960e-05
elapsed=1.612339e+04 cycle=14429 time=8.082230e-01 dt=5.363909e-05
elapsed=1.612436e+04 cycle=14430 time=8.082767e-01 dt=5.363859e-05
elapsed=1.612532e+04 cycle=14431 time=8.083303e-01 dt=5.363809e-05
elapsed=1.612629e+04 cycle=14432 time=8.083839e-01 dt=5.363761e-05
elapsed=1.612724e+04 cycle=14433 time=8.084376e-01 dt=5.363714e-05
elapsed=1.612818e+04 cycle=14434 time=8.084912e-01 dt=5.363667e-05
elapsed=1.612916e+04 cycle=14435 time=8.085449e-01 dt=5.363621e-05
elapsed=1.613011e+04 cycle=14436 time=8.085985e-01 dt=5.363575e-05
elapsed=1.613109e+04 cycle=14437 time=8.086521e-01 dt=5.363530e-05
elapsed=1.613206e+04 cycle=14438 time=8.087058e-01 dt=5.363485e-05
elapsed=1.613302e+04 cycle=14439 time=8.087594e-01 dt=5.363440e-05
elapsed=1.613399e+04 cycle=14440 time=8.088130e-01 dt=5.363395e-05
elapsed=1.613496e+04 cycle=14441 time=8.088667e-01 dt=5.363350e-05
elapsed=1.613594e+04 cycle=14442 time=8.089203e-01 dt=5.363304e-05
elapsed=1.613692e+04 cycle=14443 time=8.089739e-01 dt=5.363259e-05
elapsed=1.613789e+04 cycle=14444 time=8.090276e-01 dt=5.363213e-05
elapsed=1.613886e+04 cycle=14445 time=8.090812e-01 dt=5.363167e-05
elapsed=1.613982e+04 cycle=14446 time=8.091348e-01 dt=5.363122e-05
elapsed=1.614079e+04 cycle=14447 time=8.091885e-01 dt=5.363079e-05
elapsed=1.614177e+04 cycle=14448 time=8.092421e-01 dt=5.363035e-05
elapsed=1.614273e+04 cycle=14449 time=8.092957e-01 dt=5.362991e-05
elapsed=1.614371e+04 cycle=14450 time=8.093494e-01 dt=5.362948e-05
elapsed=1.614470e+04 cycle=14451 time=8.094030e-01 dt=5.362905e-05
elapsed=1.614568e+04 cycle=14452 time=8.094566e-01 dt=5.362861e-05
elapsed=1.614663e+04 cycle=14453 time=8.095102e-01 dt=5.362817e-05
elapsed=1.614759e+04 cycle=14454 time=8.095639e-01 dt=5.362774e-05
elapsed=1.614856e+04 cycle=14455 time=8.096175e-01 dt=5.362730e-05
elapsed=1.614953e+04 cycle=14456 time=8.096711e-01 dt=5.362686e-05
elapsed=1.615062e+04 cycle=14457 time=8.097248e-01 dt=5.362642e-05
elapsed=1.615158e+04 cycle=14458 time=8.097784e-01 dt=5.362596e-05
elapsed=1.615255e+04 cycle=14459 time=8.098320e-01 dt=5.362549e-05
elapsed=1.615366e+04 cycle=14460 time=8.098856e-01 dt=5.362502e-05
elapsed=1.615464e+04 cycle=14461 time=8.099393e-01 dt=5.362456e-05
elapsed=1.615575e+04 cycle=14462 time=8.099929e-01 dt=5.362408e-05
elapsed=1.617692e+04 cycle=14463 time=8.100465e-01 dt=5.362361e-05
elapsed=1.617787e+04 cycle=14464 time=8.101001e-01 dt=5.362314e-05
elapsed=1.617883e+04 cycle=14465 time=8.101538e-01 dt=5.362266e-05
elapsed=1.617978e+04 cycle=14466 time=8.102074e-01 dt=5.362219e-05
elapsed=1.618076e+04 cycle=14467 time=8.102610e-01 dt=5.362171e-05
elapsed=1.618173e+04 cycle=14468 time=8.103146e-01 dt=5.362124e-05
elapsed=1.618284e+04 cycle=14469 time=8.103682e-01 dt=5.362077e-05
elapsed=1.618395e+04 cycle=14470 time=8.104219e-01 dt=5.362031e-05
elapsed=1.618504e+04 cycle=14471 time=8.104755e-01 dt=5.361986e-05
elapsed=1.618600e+04 cycle=14472 time=8.105291e-01 dt=5.361940e-05
elapsed=1.618696e+04 cycle=14473 time=8.105827e-01 dt=5.361896e-05
elapsed=1.618792e+04 cycle=14474 time=8.106363e-01 dt=5.361851e-05
elapsed=1.618904e+04 cycle=14475 time=8.106900e-01 dt=5.361807e-05
elapsed=1.619000e+04 cycle=14476 time=8.107436e-01 dt=5.361762e-05
